User ID,Homepage Version,"Clicked Buy (1 = Yes, 0 = No)"
U00001,A,0
U00002,B,0
U00003,B,1
U00004,A,1
U00005,B,1
U00006,B,1
U00007,A,1
U00008,A,1
U00009,A,0
U00010,B,1
U00011,B,1
U00012,A,0
U00013,B,1
U00014,B,0
U00015,B,1
U00016,A,0
U00017,B,0
U00018,B,0
U00019,A,1
U00020,B,1
U00021,B,1
U00022,A,1
U00023,B,1
U00024,A,0
U00025,B,1
U00026,B,0
U00027,A,0
U00028,A,0
U00029,A,1
U00030,B,0
U00031,B,1
U00032,A,1
U00033,A,0
U00034,A,1
U00035,B,0
U00036,B,1
U00037,A,1
U00038,B,1
U00039,B,1
U00040,B,1
U00041,A,1
U00042,B,0
U00043,A,0
U00044,A,0
U00045,A,0
U00046,A,1
U00047,A,0
U00048,A,1
U00049,B,1
U00050,A,0
U00051,B,1
U00052,B,0
U00053,B,1
U00054,B,1
U00055,A,1
U00056,B,1
U00057,A,0
U00058,A,0
U00059,B,1
U00060,A,1
U00061,B,1
U00062,A,0
U00063,A,1
U00064,A,0
U00065,B,0
U00066,B,0
U00067,A,0
U00068,A,0
U00069,B,0
U00070,A,0
U00071,B,0
U00072,B,0
U00073,B,0
U00074,B,0
U00075,A,0
U00076,B,0
U00077,B,1
U00078,B,1
U00079,B,0
U00080,A,1
U00081,B,1
U00082,A,1
U00083,B,0
U00084,B,0
U00085,A,1
U00086,B,1
U00087,A,0
U00088,B,0
U00089,A,1
U00090,A,1
U00091,A,0
U00092,A,0
U00093,A,0
U00094,B,0
U00095,A,0
U00096,A,1
U00097,B,1
U00098,A,0
U00099,B,0
U00100,B,0
U00101,A,0
U00102,A,0
U00103,A,0
U00104,A,1
U00105,A,1
U00106,A,0
U00107,B,1
U00108,B,1
U00109,B,0
U00110,B,0
U00111,A,1
U00112,A,0
U00113,B,1
U00114,A,1
U00115,A,0
U00116,B,0
U00117,B,1
U00118,B,1
U00119,B,1
U00120,A,0
U00121,B,0
U00122,A,1
U00123,B,1
U00124,B,0
U00125,B,0
U00126,A,0
U00127,A,1
U00128,A,0
U00129,A,1
U00130,B,1
U00131,B,1
U00132,B,1
U00133,B,0
U00134,A,0
U00135,B,0
U00136,B,1
U00137,B,1
U00138,A,1
U00139,A,0
U00140,A,0
U00141,B,1
U00142,A,1
U00143,A,1
U00144,B,0
U00145,A,1
U00146,B,1
U00147,B,1
U00148,A,1
U00149,B,1
U00150,B,0
U00151,B,0
U00152,B,1
U00153,A,1
U00154,B,0
U00155,A,0
U00156,B,1
U00157,B,0
U00158,B,0
U00159,B,1
U00160,B,0
U00161,B,0
U00162,B,0
U00163,A,1
U00164,A,1
U00165,A,1
U00166,B,0
U00167,A,1
U00168,B,1
U00169,A,0
U00170,A,1
U00171,B,0
U00172,B,1
U00173,B,1
U00174,B,1
U00175,B,0
U00176,A,0
U00177,B,1
U00178,B,0
U00179,B,0
U00180,A,1
U00181,B,1
U00182,A,1
U00183,A,0
U00184,A,0
U00185,A,1
U00186,B,1
U00187,B,1
U00188,B,1
U00189,B,1
U00190,A,1
U00191,A,1
U00192,B,0
U00193,B,1
U00194,B,1
U00195,A,1
U00196,A,1
U00197,A,0
U00198,B,0
U00199,A,1
U00200,A,1
U00201,A,1
U00202,B,1
U00203,A,0
U00204,B,1
U00205,B,0
U00206,B,0
U00207,A,1
U00208,B,1
U00209,A,0
U00210,A,1
U00211,B,1
U00212,B,1
U00213,B,0
U00214,A,1
U00215,B,0
U00216,A,0
U00217,B,0
U00218,A,1
U00219,B,0
U00220,B,1
U00221,A,1
U00222,B,0
U00223,B,1
U00224,B,0
U00225,B,1
U00226,A,0
U00227,A,1
U00228,A,0
U00229,A,1
U00230,A,1
U00231,B,0
U00232,A,0
U00233,B,1
U00234,A,1
U00235,B,1
U00236,A,1
U00237,B,1
U00238,A,0
U00239,B,1
U00240,B,1
U00241,B,0
U00242,B,1
U00243,B,0
U00244,A,0
U00245,B,0
U00246,B,0
U00247,B,0
U00248,A,1
U00249,B,1
U00250,B,0
U00251,A,1
U00252,A,1
U00253,B,0
U00254,B,0
U00255,A,1
U00256,B,0
U00257,B,0
U00258,B,0
U00259,A,0
U00260,B,1
U00261,B,0
U00262,A,0
U00263,A,0
U00264,A,0
U00265,B,1
U00266,B,1
U00267,A,1
U00268,B,0
U00269,A,0
U00270,B,1
U00271,B,0
U00272,B,0
U00273,B,1
U00274,B,1
U00275,B,1
U00276,A,0
U00277,B,0
U00278,A,1
U00279,B,1
U00280,A,0
U00281,A,0
U00282,B,0
U00283,B,1
U00284,B,1
U00285,A,0
U00286,B,1
U00287,B,1
U00288,B,0
U00289,B,0
U00290,A,0
U00291,B,0
U00292,A,1
U00293,A,1
U00294,B,1
U00295,B,0
U00296,A,1
U00297,B,0
U00298,A,1
U00299,A,1
U00300,B,1
U00301,B,0
U00302,B,1
U00303,A,0
U00304,A,1
U00305,B,0
U00306,B,0
U00307,A,1
U00308,A,0
U00309,B,0
U00310,A,0
U00311,B,0
U00312,A,1
U00313,B,1
U00314,B,1
U00315,A,0
U00316,A,1
U00317,B,0
U00318,B,0
U00319,B,0
U00320,B,1
U00321,A,1
U00322,B,1
U00323,A,1
U00324,A,1
U00325,B,1
U00326,A,0
U00327,A,1
U00328,B,1
U00329,B,1
U00330,B,1
U00331,B,1
U00332,B,1
U00333,A,0
U00334,B,1
U00335,B,0
U00336,A,1
U00337,B,0
U00338,B,0
U00339,B,0
U00340,A,0
U00341,B,1
U00342,B,1
U00343,B,1
U00344,B,1
U00345,B,1
U00346,A,0
U00347,B,1
U00348,B,1
U00349,B,1
U00350,B,0
U00351,B,0
U00352,A,1
U00353,A,1
U00354,B,1
U00355,B,0
U00356,A,1
U00357,A,0
U00358,A,1
U00359,B,1
U00360,A,0
U00361,B,0
U00362,B,0
U00363,A,1
U00364,B,0
U00365,B,1
U00366,A,1
U00367,B,1
U00368,A,1
U00369,A,0
U00370,A,1
U00371,B,0
U00372,A,1
U00373,A,1
U00374,B,0
U00375,A,0
U00376,B,0
U00377,B,0
U00378,A,1
U00379,A,0
U00380,B,0
U00381,A,1
U00382,B,0
U00383,A,0
U00384,B,1
U00385,A,0
U00386,A,1
U00387,B,0
U00388,A,1
U00389,A,1
U00390,B,0
U00391,B,1
U00392,B,1
U00393,A,0
U00394,A,0
U00395,B,0
U00396,B,1
U00397,A,1
U00398,B,0
U00399,B,0
U00400,B,1
U00401,A,0
U00402,A,1
U00403,B,1
U00404,A,1
U00405,A,1
U00406,B,1
U00407,A,0
U00408,B,1
U00409,A,0
U00410,B,0
U00411,B,0
U00412,B,1
U00413,A,1
U00414,B,0
U00415,A,1
U00416,B,0
U00417,A,1
U00418,B,1
U00419,B,0
U00420,A,0
U00421,B,1
U00422,B,1
U00423,A,0
U00424,A,1
U00425,B,1
U00426,B,1
U00427,A,1
U00428,B,0
U00429,B,1
U00430,A,0
U00431,B,0
U00432,B,0
U00433,A,1
U00434,B,1
U00435,B,0
U00436,B,1
U00437,B,0
U00438,B,1
U00439,A,0
U00440,B,0
U00441,B,1
U00442,A,1
U00443,B,1
U00444,B,1
U00445,B,1
U00446,A,0
U00447,B,1
U00448,A,1
U00449,A,1
U00450,B,1
U00451,A,1
U00452,A,0
U00453,A,0
U00454,A,1
U00455,B,1
U00456,B,0
U00457,B,1
U00458,B,1
U00459,A,0
U00460,B,1
U00461,B,1
U00462,A,0
U00463,B,1
U00464,A,0
U00465,B,1
U00466,B,0
U00467,B,1
U00468,A,1
U00469,B,0
U00470,B,0
U00471,A,1
U00472,B,0
U00473,B,1
U00474,A,0
U00475,A,0
U00476,B,1
U00477,A,1
U00478,A,1
U00479,A,0
U00480,B,1
U00481,B,0
U00482,A,1
U00483,A,0
U00484,B,0
U00485,A,0
U00486,A,0
U00487,B,1
U00488,B,1
U00489,B,0
U00490,A,1
U00491,A,0
U00492,A,0
U00493,B,0
U00494,A,1
U00495,B,1
U00496,B,0
U00497,A,1
U00498,B,0
U00499,A,1
U00500,A,1
U00501,B,1
U00502,A,0
U00503,B,1
U00504,B,0
U00505,B,0
U00506,A,0
U00507,A,0
U00508,A,1
U00509,B,0
U00510,B,1
U00511,A,0
U00512,B,0
U00513,A,1
U00514,A,1
U00515,A,0
U00516,A,1
U00517,B,0
U00518,A,1
U00519,B,0
U00520,B,1
U00521,A,0
U00522,A,1
U00523,B,1
U00524,A,1
U00525,B,1
U00526,B,1
U00527,B,0
U00528,B,1
U00529,A,0
U00530,A,1
U00531,A,1
U00532,B,1
U00533,A,0
U00534,B,1
U00535,B,1
U00536,B,1
U00537,A,1
U00538,A,1
U00539,B,1
U00540,A,1
U00541,B,0
U00542,A,1
U00543,A,1
U00544,A,1
U00545,B,0
U00546,A,1
U00547,A,0
U00548,B,0
U00549,A,0
U00550,B,1
U00551,A,1
U00552,B,1
U00553,B,0
U00554,A,0
U00555,B,1
U00556,B,0
U00557,A,1
U00558,A,1
U00559,A,1
U00560,A,1
U00561,B,0
U00562,B,0
U00563,A,0
U00564,A,1
U00565,A,0
U00566,A,0
U00567,B,1
U00568,B,1
U00569,B,0
U00570,B,0
U00571,B,0
U00572,A,1
U00573,A,1
U00574,B,0
U00575,B,0
U00576,A,1
U00577,B,0
U00578,B,0
U00579,B,0
U00580,B,0
U00581,A,1
U00582,B,0
U00583,B,1
U00584,B,0
U00585,B,1
U00586,B,0
U00587,A,0
U00588,A,0
U00589,A,0
U00590,B,1
U00591,B,0
U00592,A,1
U00593,A,1
U00594,B,0
U00595,B,0
U00596,A,0
U00597,B,1
U00598,B,0
U00599,A,0
U00600,B,0
U00601,B,0
U00602,B,1
U00603,A,0
U00604,B,0
U00605,B,1
U00606,A,1
U00607,B,0
U00608,B,1
U00609,B,1
U00610,A,1
U00611,A,1
U00612,B,0
U00613,A,1
U00614,A,1
U00615,A,0
U00616,A,1
U00617,A,0
U00618,A,0
U00619,A,0
U00620,A,0
U00621,A,1
U00622,B,1
U00623,A,1
U00624,A,1
U00625,B,1
U00626,B,1
U00627,B,0
U00628,B,1
U00629,A,1
U00630,A,1
U00631,A,1
U00632,B,0
U00633,A,0
U00634,A,0
U00635,B,0
U00636,B,0
U00637,B,0
U00638,B,1
U00639,B,1
U00640,A,0
U00641,B,1
U00642,B,1
U00643,A,1
U00644,A,1
U00645,A,0
U00646,B,1
U00647,B,1
U00648,A,1
U00649,A,0
U00650,B,0
U00651,A,1
U00652,A,0
U00653,A,1
U00654,A,0
U00655,B,0
U00656,B,0
U00657,B,1
U00658,A,1
U00659,B,1
U00660,B,1
U00661,A,1
U00662,A,1
U00663,B,1
U00664,A,0
U00665,A,1
U00666,B,0
U00667,B,0
U00668,B,0
U00669,A,0
U00670,A,0
U00671,A,0
U00672,A,1
U00673,A,1
U00674,A,0
U00675,B,1
U00676,B,1
U00677,A,0
U00678,B,0
U00679,B,0
U00680,B,1
U00681,A,0
U00682,B,1
U00683,B,0
U00684,A,1
U00685,A,0
U00686,A,1
U00687,B,1
U00688,B,1
U00689,B,1
U00690,A,0
U00691,A,1
U00692,A,1
U00693,B,1
U00694,B,0
U00695,B,1
U00696,A,1
U00697,A,0
U00698,B,0
U00699,B,0
U00700,B,0
U00701,A,1
U00702,B,0
U00703,A,0
U00704,B,0
U00705,B,1
U00706,B,0
U00707,B,1
U00708,B,0
U00709,B,1
U00710,B,1
U00711,B,1
U00712,B,1
U00713,B,0
U00714,A,0
U00715,A,0
U00716,B,1
U00717,B,0
U00718,A,0
U00719,A,1
U00720,A,0
U00721,B,1
U00722,B,1
U00723,B,1
U00724,B,0
U00725,A,1
U00726,A,1
U00727,A,0
U00728,A,1
U00729,B,1
U00730,A,0
U00731,A,1
U00732,B,0
U00733,B,1
U00734,B,0
U00735,A,1
U00736,A,0
U00737,B,1
U00738,B,0
U00739,B,0
U00740,B,0
U00741,A,1
U00742,B,0
U00743,A,1
U00744,B,0
U00745,B,1
U00746,A,1
U00747,B,1
U00748,B,0
U00749,B,1
U00750,A,1
U00751,A,1
U00752,B,0
U00753,B,0
U00754,A,1
U00755,A,0
U00756,A,0
U00757,B,1
U00758,B,1
U00759,B,1
U00760,B,0
U00761,A,0
U00762,A,1
U00763,A,1
U00764,B,1
U00765,A,1
U00766,B,0
U00767,A,0
U00768,B,1
U00769,B,0
U00770,A,1
U00771,A,0
U00772,A,1
U00773,A,0
U00774,A,1
U00775,A,1
U00776,B,0
U00777,A,1
U00778,B,0
U00779,B,0
U00780,B,0
U00781,A,0
U00782,A,1
U00783,A,0
U00784,A,0
U00785,A,1
U00786,A,0
U00787,B,0
U00788,B,0
U00789,B,1
U00790,B,0
U00791,B,1
U00792,A,0
U00793,A,1
U00794,B,1
U00795,B,0
U00796,B,0
U00797,A,0
U00798,A,1
U00799,A,0
U00800,A,0
U00801,A,0
U00802,A,1
U00803,A,1
U00804,B,0
U00805,B,1
U00806,A,0
U00807,B,1
U00808,A,0
U00809,B,0
U00810,A,0
U00811,A,1
U00812,B,0
U00813,A,1
U00814,B,0
U00815,A,1
U00816,B,0
U00817,A,0
U00818,B,1
U00819,A,0
U00820,B,1
U00821,B,0
U00822,B,0
U00823,B,1
U00824,A,1
U00825,B,0
U00826,A,1
U00827,A,1
U00828,A,1
U00829,A,1
U00830,A,1
U00831,A,1
U00832,A,1
U00833,A,0
U00834,B,0
U00835,B,1
U00836,A,0
U00837,B,0
U00838,B,1
U00839,A,0
U00840,B,0
U00841,B,1
U00842,B,1
U00843,A,1
U00844,A,0
U00845,B,1
U00846,A,0
U00847,A,0
U00848,B,1
U00849,B,1
U00850,B,1
U00851,B,1
U00852,A,1
U00853,A,0
U00854,A,0
U00855,A,1
U00856,A,0
U00857,A,1
U00858,A,1
U00859,A,0
U00860,A,1
U00861,B,0
U00862,A,0
U00863,A,0
U00864,A,1
U00865,B,1
U00866,B,1
U00867,A,0
U00868,A,0
U00869,B,0
U00870,A,0
U00871,B,0
U00872,A,0
U00873,B,1
U00874,B,0
U00875,A,0
U00876,B,1
U00877,B,0
U00878,B,0
U00879,A,0
U00880,A,0
U00881,B,1
U00882,B,1
U00883,A,1
U00884,A,1
U00885,A,1
U00886,B,1
U00887,A,0
U00888,A,1
U00889,A,1
U00890,A,1
U00891,B,1
U00892,B,1
U00893,A,1
U00894,B,1
U00895,A,1
U00896,B,1
U00897,A,0
U00898,A,1
U00899,B,0
U00900,A,1
U00901,A,1
U00902,B,1
U00903,A,0
U00904,B,1
U00905,A,0
U00906,A,0
U00907,B,1
U00908,B,0
U00909,A,1
U00910,A,1
U00911,B,1
U00912,B,1
U00913,A,1
U00914,A,0
U00915,A,1
U00916,B,0
U00917,A,1
U00918,B,0
U00919,A,1
U00920,B,0
U00921,A,0
U00922,B,1
U00923,B,1
U00924,A,1
U00925,B,1
U00926,B,1
U00927,B,0
U00928,A,1
U00929,A,1
U00930,A,1
U00931,A,0
U00932,B,1
U00933,B,1
U00934,A,1
U00935,B,1
U00936,B,0
U00937,A,0
U00938,A,0
U00939,B,0
U00940,A,0
U00941,B,1
U00942,B,1
U00943,A,1
U00944,A,1
U00945,B,1
U00946,A,1
U00947,B,1
U00948,B,1
U00949,A,0
U00950,A,0
U00951,A,1
U00952,A,0
U00953,B,0
U00954,A,0
U00955,A,1
U00956,A,0
U00957,B,1
U00958,A,0
U00959,A,0
U00960,A,0
U00961,A,1
U00962,A,0
U00963,B,1
U00964,B,1
U00965,B,1
U00966,A,0
U00967,A,0
U00968,B,0
U00969,A,1
U00970,B,1
U00971,A,1
U00972,B,1
U00973,B,1
U00974,A,1
U00975,A,1
U00976,A,0
U00977,A,0
U00978,A,0
U00979,B,1
U00980,A,1
U00981,B,1
U00982,A,1
U00983,B,0
U00984,B,1
U00985,B,0
U00986,A,0
U00987,B,1
U00988,A,1
U00989,B,0
U00990,A,0
U00991,B,0
U00992,A,0
U00993,A,1
U00994,B,1
U00995,B,1
U00996,A,1
U00997,B,1
U00998,A,1
U00999,A,0
U01000,B,0
U01001,A,1
U01002,B,1
U01003,A,0
U01004,A,1
U01005,A,0
U01006,A,0
U01007,B,1
U01008,A,1
U01009,B,0
U01010,A,1
U01011,A,1
U01012,B,1
U01013,A,0
U01014,A,1
U01015,B,0
U01016,A,1
U01017,A,1
U01018,A,0
U01019,B,1
U01020,B,1
U01021,B,1
U01022,B,1
U01023,B,1
U01024,B,0
U01025,B,0
U01026,B,0
U01027,A,0
U01028,B,0
U01029,A,0
U01030,A,0
U01031,A,1
U01032,A,1
U01033,A,0
U01034,B,1
U01035,B,0
U01036,A,1
U01037,B,1
U01038,B,0
U01039,B,1
U01040,B,0
U01041,B,0
U01042,A,0
U01043,A,1
U01044,A,1
U01045,A,1
U01046,A,0
U01047,B,1
U01048,B,1
U01049,A,1
U01050,A,1
U01051,B,0
U01052,B,1
U01053,A,1
U01054,A,0
U01055,B,0
U01056,B,0
U01057,A,0
U01058,B,1
U01059,B,1
U01060,A,0
U01061,B,0
U01062,A,0
U01063,B,0
U01064,A,0
U01065,B,1
U01066,B,1
U01067,A,0
U01068,A,0
U01069,B,0
U01070,A,0
U01071,A,1
U01072,B,1
U01073,B,1
U01074,B,0
U01075,A,1
U01076,B,1
U01077,B,0
U01078,A,1
U01079,A,0
U01080,A,1
U01081,B,1
U01082,A,0
U01083,B,0
U01084,B,1
U01085,B,0
U01086,B,1
U01087,A,1
U01088,A,1
U01089,A,0
U01090,A,1
U01091,B,1
U01092,A,0
U01093,B,1
U01094,A,1
U01095,A,1
U01096,B,0
U01097,B,1
U01098,B,0
U01099,A,1
U01100,B,1
U01101,A,0
U01102,B,1
U01103,A,0
U01104,B,1
U01105,B,1
U01106,B,1
U01107,B,1
U01108,A,1
U01109,A,1
U01110,A,1
U01111,A,1
U01112,B,1
U01113,B,1
U01114,A,1
U01115,A,1
U01116,A,0
U01117,A,0
U01118,A,0
U01119,B,1
U01120,B,1
U01121,A,1
U01122,A,0
U01123,B,1
U01124,A,1
U01125,A,1
U01126,B,0
U01127,B,0
U01128,B,1
U01129,A,1
U01130,A,0
U01131,B,1
U01132,A,1
U01133,A,0
U01134,A,1
U01135,A,1
U01136,A,1
U01137,B,0
U01138,A,1
U01139,B,0
U01140,B,0
U01141,A,0
U01142,B,0
U01143,B,1
U01144,A,1
U01145,B,0
U01146,A,0
U01147,A,1
U01148,B,0
U01149,A,1
U01150,B,1
U01151,B,0
U01152,A,1
U01153,A,1
U01154,A,0
U01155,A,0
U01156,A,0
U01157,A,0
U01158,A,0
U01159,A,0
U01160,A,1
U01161,A,1
U01162,B,1
U01163,B,0
U01164,A,1
U01165,A,1
U01166,A,0
U01167,A,1
U01168,A,1
U01169,B,1
U01170,A,0
U01171,A,1
U01172,B,1
U01173,A,1
U01174,A,1
U01175,B,1
U01176,A,0
U01177,A,1
U01178,B,1
U01179,A,0
U01180,B,0
U01181,A,1
U01182,B,1
U01183,B,0
U01184,A,1
U01185,B,0
U01186,B,1
U01187,A,1
U01188,B,0
U01189,B,1
U01190,A,1
U01191,B,0
U01192,A,1
U01193,B,1
U01194,B,0
U01195,B,0
U01196,B,1
U01197,A,0
U01198,B,1
U01199,A,0
U01200,A,0
U01201,B,0
U01202,A,0
U01203,B,1
U01204,A,1
U01205,B,1
U01206,A,1
U01207,A,1
U01208,B,0
U01209,B,0
U01210,A,1
U01211,A,0
U01212,A,0
U01213,A,1
U01214,A,1
U01215,A,1
U01216,B,1
U01217,B,0
U01218,B,0
U01219,A,1
U01220,A,0
U01221,B,1
U01222,B,0
U01223,B,0
U01224,B,1
U01225,B,0
U01226,B,1
U01227,B,1
U01228,B,0
U01229,A,1
U01230,B,1
U01231,B,0
U01232,B,1
U01233,A,1
U01234,B,1
U01235,A,1
U01236,A,1
U01237,A,1
U01238,A,0
U01239,A,0
U01240,B,1
U01241,B,1
U01242,A,0
U01243,A,0
U01244,A,1
U01245,A,0
U01246,A,1
U01247,B,0
U01248,A,1
U01249,A,0
U01250,A,1
U01251,B,0
U01252,B,1
U01253,B,1
U01254,A,0
U01255,A,0
U01256,B,0
U01257,B,1
U01258,B,0
U01259,A,0
U01260,A,1
U01261,B,0
U01262,B,0
U01263,A,0
U01264,B,0
U01265,A,0
U01266,B,0
U01267,A,0
U01268,A,0
U01269,B,0
U01270,A,0
U01271,A,1
U01272,B,1
U01273,A,0
U01274,B,0
U01275,A,1
U01276,B,1
U01277,A,1
U01278,A,0
U01279,B,0
U01280,B,0
U01281,A,1
U01282,B,1
U01283,B,1
U01284,A,1
U01285,B,0
U01286,A,1
U01287,B,1
U01288,A,1
U01289,B,1
U01290,A,1
U01291,A,1
U01292,B,1
U01293,B,1
U01294,A,1
U01295,B,0
U01296,A,0
U01297,A,1
U01298,B,0
U01299,B,0
U01300,B,1
U01301,A,1
U01302,B,1
U01303,B,1
U01304,B,0
U01305,A,1
U01306,B,0
U01307,B,1
U01308,A,0
U01309,B,0
U01310,A,0
U01311,B,0
U01312,A,1
U01313,A,0
U01314,A,1
U01315,B,0
U01316,B,1
U01317,A,1
U01318,B,0
U01319,B,1
U01320,B,1
U01321,A,1
U01322,B,0
U01323,A,0
U01324,A,0
U01325,B,0
U01326,B,1
U01327,A,1
U01328,B,0
U01329,B,0
U01330,A,1
U01331,B,1
U01332,A,1
U01333,A,1
U01334,B,1
U01335,A,1
U01336,B,1
U01337,B,1
U01338,B,0
U01339,A,0
U01340,A,1
U01341,A,1
U01342,B,0
U01343,B,1
U01344,A,0
U01345,B,1
U01346,B,0
U01347,A,1
U01348,A,1
U01349,A,0
U01350,B,0
U01351,B,1
U01352,B,0
U01353,A,1
U01354,A,0
U01355,A,1
U01356,A,1
U01357,B,0
U01358,A,1
U01359,B,1
U01360,A,1
U01361,B,1
U01362,A,0
U01363,B,1
U01364,B,0
U01365,A,1
U01366,B,1
U01367,A,1
U01368,B,0
U01369,A,1
U01370,A,1
U01371,A,1
U01372,B,0
U01373,B,1
U01374,A,0
U01375,B,1
U01376,A,1
U01377,B,1
U01378,A,1
U01379,A,1
U01380,A,0
U01381,A,1
U01382,A,1
U01383,B,1
U01384,B,1
U01385,B,1
U01386,B,0
U01387,A,1
U01388,A,0
U01389,A,1
U01390,B,1
U01391,A,1
U01392,B,1
U01393,B,1
U01394,B,1
U01395,A,1
U01396,B,0
U01397,B,1
U01398,B,0
U01399,B,1
U01400,B,0
U01401,A,1
U01402,B,1
U01403,B,0
U01404,B,1
U01405,A,0
U01406,B,0
U01407,A,1
U01408,B,0
U01409,A,0
U01410,A,0
U01411,A,0
U01412,B,1
U01413,B,1
U01414,B,0
U01415,B,1
U01416,A,1
U01417,B,1
U01418,B,0
U01419,A,1
U01420,A,0
U01421,A,1
U01422,A,1
U01423,B,0
U01424,B,0
U01425,A,1
U01426,A,1
U01427,B,1
U01428,A,0
U01429,A,1
U01430,A,1
U01431,B,0
U01432,B,1
U01433,B,1
U01434,A,0
U01435,B,0
U01436,A,0
U01437,B,1
U01438,A,0
U01439,A,0
U01440,B,1
U01441,B,0
U01442,A,1
U01443,A,0
U01444,A,0
U01445,A,0
U01446,A,1
U01447,B,0
U01448,A,1
U01449,B,0
U01450,B,0
U01451,B,1
U01452,B,1
U01453,A,0
U01454,B,1
U01455,B,0
U01456,B,1
U01457,A,0
U01458,B,1
U01459,B,1
U01460,B,0
U01461,A,0
U01462,A,1
U01463,A,0
U01464,B,1
U01465,A,0
U01466,A,1
U01467,A,1
U01468,B,1
U01469,A,1
U01470,B,0
U01471,B,0
U01472,B,1
U01473,B,1
U01474,A,0
U01475,A,1
U01476,B,1
U01477,B,1
U01478,B,1
U01479,B,1
U01480,A,0
U01481,A,1
U01482,B,0
U01483,A,1
U01484,A,0
U01485,A,1
U01486,A,0
U01487,B,1
U01488,A,1
U01489,B,0
U01490,A,1
U01491,A,0
U01492,B,0
U01493,A,1
U01494,B,1
U01495,A,1
U01496,B,0
U01497,A,1
U01498,B,0
U01499,A,0
U01500,B,1
U01501,A,0
U01502,B,1
U01503,B,1
U01504,A,0
U01505,B,1
U01506,B,1
U01507,A,0
U01508,A,0
U01509,A,1
U01510,B,0
U01511,B,1
U01512,A,0
U01513,B,0
U01514,A,1
U01515,B,1
U01516,A,0
U01517,B,0
U01518,A,1
U01519,A,1
U01520,A,1
U01521,B,1
U01522,B,0
U01523,B,1
U01524,A,0
U01525,B,0
U01526,B,0
U01527,A,1
U01528,A,0
U01529,A,0
U01530,A,1
U01531,B,1
U01532,A,0
U01533,B,1
U01534,A,0
U01535,B,1
U01536,A,1
U01537,A,1
U01538,A,1
U01539,A,1
U01540,A,1
U01541,B,1
U01542,B,1
U01543,B,1
U01544,B,0
U01545,B,1
U01546,A,0
U01547,A,0
U01548,B,1
U01549,B,1
U01550,B,0
U01551,B,0
U01552,B,1
U01553,A,0
U01554,B,1
U01555,A,1
U01556,B,1
U01557,A,1
U01558,B,0
U01559,B,0
U01560,A,0
U01561,A,1
U01562,A,1
U01563,B,1
U01564,B,1
U01565,B,1
U01566,B,0
U01567,A,1
U01568,A,0
U01569,A,0
U01570,A,0
U01571,A,0
U01572,A,1
U01573,A,1
U01574,B,0
U01575,B,0
U01576,A,1
U01577,A,0
U01578,B,0
U01579,A,1
U01580,B,1
U01581,B,0
U01582,A,1
U01583,B,1
U01584,B,1
U01585,B,0
U01586,A,0
U01587,A,1
U01588,B,1
U01589,A,1
U01590,B,1
U01591,B,1
U01592,A,1
U01593,B,1
U01594,B,0
U01595,B,1
U01596,B,1
U01597,B,1
U01598,B,0
U01599,B,1
U01600,A,1
U01601,A,0
U01602,B,0
U01603,A,0
U01604,B,1
U01605,B,1
U01606,B,0
U01607,B,1
U01608,A,1
U01609,B,0
U01610,B,0
U01611,A,0
U01612,A,0
U01613,A,0
U01614,A,0
U01615,A,1
U01616,A,0
U01617,B,1
U01618,B,0
U01619,A,1
U01620,A,1
U01621,B,0
U01622,A,1
U01623,A,0
U01624,A,0
U01625,B,1
U01626,A,1
U01627,B,1
U01628,B,0
U01629,B,1
U01630,A,1
U01631,A,1
U01632,B,0
U01633,B,0
U01634,A,1
U01635,B,0
U01636,A,0
U01637,B,0
U01638,A,1
U01639,A,0
U01640,B,1
U01641,B,0
U01642,A,0
U01643,B,0
U01644,B,1
U01645,B,0
U01646,A,1
U01647,B,1
U01648,B,1
U01649,B,0
U01650,B,1
U01651,A,1
U01652,B,1
U01653,A,0
U01654,A,0
U01655,B,0
U01656,B,1
U01657,A,0
U01658,B,0
U01659,B,0
U01660,A,0
U01661,B,0
U01662,B,0
U01663,B,1
U01664,A,1
U01665,B,0
U01666,A,0
U01667,A,0
U01668,A,1
U01669,B,1
U01670,B,0
U01671,A,0
U01672,A,0
U01673,B,1
U01674,B,1
U01675,A,1
U01676,B,1
U01677,A,1
U01678,A,0
U01679,B,0
U01680,B,1
U01681,B,0
U01682,A,0
U01683,B,0
U01684,B,0
U01685,A,1
U01686,A,1
U01687,B,1
U01688,B,0
U01689,A,0
U01690,A,1
U01691,B,0
U01692,B,1
U01693,A,0
U01694,B,1
U01695,A,1
U01696,A,1
U01697,B,1
U01698,B,0
U01699,A,1
U01700,A,0
U01701,A,1
U01702,B,1
U01703,A,0
U01704,A,0
U01705,A,1
U01706,B,0
U01707,A,0
U01708,B,1
U01709,B,0
U01710,A,1
U01711,A,1
U01712,A,0
U01713,B,1
U01714,A,1
U01715,B,1
U01716,B,0
U01717,B,0
U01718,B,1
U01719,B,0
U01720,B,1
U01721,A,0
U01722,A,0
U01723,B,0
U01724,B,1
U01725,A,0
U01726,A,1
U01727,A,0
U01728,A,1
U01729,B,1
U01730,A,1
U01731,B,1
U01732,B,0
U01733,A,0
U01734,A,1
U01735,B,1
U01736,B,1
U01737,B,0
U01738,B,1
U01739,A,1
U01740,A,1
U01741,A,0
U01742,A,1
U01743,A,1
U01744,B,0
U01745,B,1
U01746,A,1
U01747,A,1
U01748,B,0
U01749,B,1
U01750,A,1
U01751,A,1
U01752,B,0
U01753,A,1
U01754,A,0
U01755,B,0
U01756,B,0
U01757,B,0
U01758,A,1
U01759,B,1
U01760,A,1
U01761,B,0
U01762,A,0
U01763,A,0
U01764,B,1
U01765,A,0
U01766,A,0
U01767,B,0
U01768,A,0
U01769,B,0
U01770,A,1
U01771,B,1
U01772,B,1
U01773,A,1
U01774,B,1
U01775,B,0
U01776,A,0
U01777,B,1
U01778,B,1
U01779,B,1
U01780,B,1
U01781,A,1
U01782,B,0
U01783,B,1
U01784,B,1
U01785,A,1
U01786,A,0
U01787,B,0
U01788,B,1
U01789,A,0
U01790,B,0
U01791,B,1
U01792,B,1
U01793,B,1
U01794,A,1
U01795,A,0
U01796,A,1
U01797,A,1
U01798,A,1
U01799,B,1
U01800,A,0
U01801,B,1
U01802,A,1
U01803,B,0
U01804,A,1
U01805,A,1
U01806,B,1
U01807,B,1
U01808,B,1
U01809,A,1
U01810,A,1
U01811,B,0
U01812,A,1
U01813,B,0
U01814,A,1
U01815,B,0
U01816,B,0
U01817,A,1
U01818,B,0
U01819,A,0
U01820,A,1
U01821,A,0
U01822,B,1
U01823,B,1
U01824,B,0
U01825,A,1
U01826,A,0
U01827,B,0
U01828,A,0
U01829,A,1
U01830,A,0
U01831,B,1
U01832,B,1
U01833,B,1
U01834,A,0
U01835,A,1
U01836,B,0
U01837,B,1
U01838,B,1
U01839,A,0
U01840,B,1
U01841,B,1
U01842,B,0
U01843,A,1
U01844,B,0
U01845,A,1
U01846,B,1
U01847,A,1
U01848,B,1
U01849,B,0
U01850,A,1
U01851,B,0
U01852,B,1
U01853,B,1
U01854,B,0
U01855,A,0
U01856,A,0
U01857,A,0
U01858,A,1
U01859,A,0
U01860,A,1
U01861,A,1
U01862,A,0
U01863,B,1
U01864,B,0
U01865,A,1
U01866,A,1
U01867,A,1
U01868,B,0
U01869,A,1
U01870,A,1
U01871,A,0
U01872,A,1
U01873,B,1
U01874,A,0
U01875,B,0
U01876,B,1
U01877,B,0
U01878,A,1
U01879,B,1
U01880,A,0
U01881,A,0
U01882,A,1
U01883,A,1
U01884,A,1
U01885,A,1
U01886,A,0
U01887,A,1
U01888,B,1
U01889,A,0
U01890,B,0
U01891,A,1
U01892,B,0
U01893,B,0
U01894,A,1
U01895,B,0
U01896,A,0
U01897,B,1
U01898,A,1
U01899,B,0
U01900,B,1
U01901,A,1
U01902,B,1
U01903,A,0
U01904,A,1
U01905,B,1
U01906,B,1
U01907,B,0
U01908,A,1
U01909,A,1
U01910,A,1
U01911,A,1
U01912,B,1
U01913,A,0
U01914,A,0
U01915,B,0
U01916,B,1
U01917,B,1
U01918,A,0
U01919,B,1
U01920,B,0
U01921,A,0
U01922,A,0
U01923,A,1
U01924,A,1
U01925,B,1
U01926,A,0
U01927,B,0
U01928,B,0
U01929,A,1
U01930,A,0
U01931,A,0
U01932,A,1
U01933,B,1
U01934,A,0
U01935,A,1
U01936,B,1
U01937,B,1
U01938,B,0
U01939,A,1
U01940,B,1
U01941,B,0
U01942,B,0
U01943,A,0
U01944,B,1
U01945,A,0
U01946,B,0
U01947,B,0
U01948,B,1
U01949,B,1
U01950,B,1
U01951,B,0
U01952,A,1
U01953,A,1
U01954,A,1
U01955,B,1
U01956,A,1
U01957,B,0
U01958,A,0
U01959,B,1
U01960,A,1
U01961,B,1
U01962,B,0
U01963,A,1
U01964,B,0
U01965,A,0
U01966,A,1
U01967,A,0
U01968,A,0
U01969,B,1
U01970,A,1
U01971,B,0
U01972,B,1
U01973,B,1
U01974,A,1
U01975,B,1
U01976,B,1
U01977,A,0
U01978,B,0
U01979,B,0
U01980,B,0
U01981,B,0
U01982,B,0
U01983,A,1
U01984,A,0
U01985,A,1
U01986,A,0
U01987,A,0
U01988,B,0
U01989,A,1
U01990,B,1
U01991,B,1
U01992,A,1
U01993,A,1
U01994,B,1
U01995,B,0
U01996,A,1
U01997,A,0
U01998,B,1
U01999,B,1
U02000,A,0
U02001,A,0
U02002,A,1
U02003,B,0
U02004,B,0
U02005,B,0
U02006,B,0
U02007,A,1
U02008,A,0
U02009,B,0
U02010,B,0
U02011,A,0
U02012,B,0
U02013,A,1
U02014,A,1
U02015,B,0
U02016,B,0
U02017,A,1
U02018,A,1
U02019,B,0
U02020,B,1
U02021,B,1
U02022,A,1
U02023,B,0
U02024,A,1
U02025,A,1
U02026,B,0
U02027,A,0
U02028,B,1
U02029,B,1
U02030,B,0
U02031,B,0
U02032,B,1
U02033,A,1
U02034,B,0
U02035,A,0
U02036,B,1
U02037,B,1
U02038,B,1
U02039,B,1
U02040,A,1
U02041,B,1
U02042,B,0
U02043,B,1
U02044,A,0
U02045,B,0
U02046,A,0
U02047,B,0
U02048,B,0
U02049,B,0
U02050,B,1
U02051,B,1
U02052,B,1
U02053,B,1
U02054,A,1
U02055,B,0
U02056,B,1
U02057,A,0
U02058,B,1
U02059,B,0
U02060,A,1
U02061,B,0
U02062,B,1
U02063,A,0
U02064,A,1
U02065,B,0
U02066,A,1
U02067,A,0
U02068,A,0
U02069,B,0
U02070,B,1
U02071,A,0
U02072,A,1
U02073,A,1
U02074,A,1
U02075,B,1
U02076,B,0
U02077,B,1
U02078,B,1
U02079,A,0
U02080,B,0
U02081,A,0
U02082,A,0
U02083,A,0
U02084,A,0
U02085,B,0
U02086,A,1
U02087,A,1
U02088,A,0
U02089,A,0
U02090,B,1
U02091,A,0
U02092,B,0
U02093,A,1
U02094,B,1
U02095,A,0
U02096,A,1
U02097,B,1
U02098,B,0
U02099,B,0
U02100,A,0
U02101,B,0
U02102,B,0
U02103,A,0
U02104,B,1
U02105,A,0
U02106,A,0
U02107,B,0
U02108,A,1
U02109,A,1
U02110,A,1
U02111,A,0
U02112,B,0
U02113,B,0
U02114,A,1
U02115,B,1
U02116,A,1
U02117,B,1
U02118,B,0
U02119,A,0
U02120,A,1
U02121,A,1
U02122,A,1
U02123,B,1
U02124,A,0
U02125,B,0
U02126,B,0
U02127,A,0
U02128,B,1
U02129,A,1
U02130,A,1
U02131,B,0
U02132,A,0
U02133,A,0
U02134,A,1
U02135,B,0
U02136,B,1
U02137,A,1
U02138,A,1
U02139,B,1
U02140,B,0
U02141,A,0
U02142,B,1
U02143,A,1
U02144,A,1
U02145,A,1
U02146,B,1
U02147,B,0
U02148,B,1
U02149,A,0
U02150,B,1
U02151,B,1
U02152,A,1
U02153,B,0
U02154,A,1
U02155,A,1
U02156,B,0
U02157,B,1
U02158,A,0
U02159,B,1
U02160,B,0
U02161,B,1
U02162,A,1
U02163,A,1
U02164,B,1
U02165,A,0
U02166,B,0
U02167,B,1
U02168,B,1
U02169,B,1
U02170,A,0
U02171,B,1
U02172,A,1
U02173,A,0
U02174,B,1
U02175,B,1
U02176,A,1
U02177,B,0
U02178,B,1
U02179,A,0
U02180,A,1
U02181,A,1
U02182,B,0
U02183,B,1
U02184,A,1
U02185,A,1
U02186,B,1
U02187,A,0
U02188,A,1
U02189,B,0
U02190,A,0
U02191,B,0
U02192,A,0
U02193,B,0
U02194,B,1
U02195,A,1
U02196,A,1
U02197,A,0
U02198,B,0
U02199,A,1
U02200,B,0
U02201,A,0
U02202,B,1
U02203,A,1
U02204,B,1
U02205,B,0
U02206,B,1
U02207,B,1
U02208,B,0
U02209,B,0
U02210,A,1
U02211,B,1
U02212,A,1
U02213,A,0
U02214,A,0
U02215,A,0
U02216,A,1
U02217,A,1
U02218,A,1
U02219,B,1
U02220,A,1
U02221,A,0
U02222,B,1
U02223,B,1
U02224,A,0
U02225,B,1
U02226,A,0
U02227,B,1
U02228,A,1
U02229,B,1
U02230,A,0
U02231,B,0
U02232,A,1
U02233,B,1
U02234,B,0
U02235,B,1
U02236,B,0
U02237,B,0
U02238,A,0
U02239,A,0
U02240,A,1
U02241,B,1
U02242,B,1
U02243,B,1
U02244,A,0
U02245,A,1
U02246,A,0
U02247,B,0
U02248,B,1
U02249,B,1
U02250,A,1
U02251,B,1
U02252,B,1
U02253,B,1
U02254,A,0
U02255,A,0
U02256,A,1
U02257,B,1
U02258,B,0
U02259,A,1
U02260,B,1
U02261,B,0
U02262,B,0
U02263,A,0
U02264,A,1
U02265,A,1
U02266,B,1
U02267,A,0
U02268,A,1
U02269,A,1
U02270,A,0
U02271,A,0
U02272,B,0
U02273,B,1
U02274,B,1
U02275,B,0
U02276,B,0
U02277,B,1
U02278,A,1
U02279,B,0
U02280,B,1
U02281,B,0
U02282,B,1
U02283,B,1
U02284,B,0
U02285,B,1
U02286,B,0
U02287,A,1
U02288,B,1
U02289,B,0
U02290,B,0
U02291,B,0
U02292,B,1
U02293,A,1
U02294,A,0
U02295,A,1
U02296,A,0
U02297,A,1
U02298,B,0
U02299,A,0
U02300,A,1
U02301,A,0
U02302,A,1
U02303,B,1
U02304,B,1
U02305,A,0
U02306,B,1
U02307,B,0
U02308,B,1
U02309,B,1
U02310,A,0
U02311,B,1
U02312,B,0
U02313,A,0
U02314,A,0
U02315,B,1
U02316,A,1
U02317,A,0
U02318,A,0
U02319,A,1
U02320,B,0
U02321,A,1
U02322,B,1
U02323,A,0
U02324,B,1
U02325,A,1
U02326,A,1
U02327,A,1
U02328,B,0
U02329,B,1
U02330,A,0
U02331,A,0
U02332,A,1
U02333,B,1
U02334,B,1
U02335,B,0
U02336,B,1
U02337,A,1
U02338,B,1
U02339,B,0
U02340,A,0
U02341,A,0
U02342,B,0
U02343,B,1
U02344,A,0
U02345,B,1
U02346,A,1
U02347,B,0
U02348,B,1
U02349,B,1
U02350,A,0
U02351,B,1
U02352,A,1
U02353,A,0
U02354,B,1
U02355,B,0
U02356,B,0
U02357,A,1
U02358,B,1
U02359,A,0
U02360,A,0
U02361,B,1
U02362,B,1
U02363,B,1
U02364,B,0
U02365,A,1
U02366,B,0
U02367,A,0
U02368,B,0
U02369,A,0
U02370,A,1
U02371,A,1
U02372,A,0
U02373,B,1
U02374,B,1
U02375,B,0
U02376,B,1
U02377,A,0
U02378,B,1
U02379,A,1
U02380,A,1
U02381,A,0
U02382,A,0
U02383,A,1
U02384,A,1
U02385,A,0
U02386,A,1
U02387,A,1
U02388,A,1
U02389,A,0
U02390,B,1
U02391,A,1
U02392,B,0
U02393,A,1
U02394,A,0
U02395,A,1
U02396,A,1
U02397,A,1
U02398,B,0
U02399,B,1
U02400,A,1
U02401,A,0
U02402,A,0
U02403,B,1
U02404,B,1
U02405,A,1
U02406,A,0
U02407,A,0
U02408,B,0
U02409,A,0
U02410,A,0
U02411,A,1
U02412,B,1
U02413,A,0
U02414,A,1
U02415,A,1
U02416,B,1
U02417,B,0
U02418,A,1
U02419,B,1
U02420,A,0
U02421,B,1
U02422,A,0
U02423,A,1
U02424,A,0
U02425,B,1
U02426,B,0
U02427,B,0
U02428,A,0
U02429,B,0
U02430,A,1
U02431,B,0
U02432,A,0
U02433,A,0
U02434,A,0
U02435,A,1
U02436,B,0
U02437,A,1
U02438,B,0
U02439,A,1
U02440,A,1
U02441,A,0
U02442,B,0
U02443,A,0
U02444,A,0
U02445,A,0
U02446,A,0
U02447,B,1
U02448,A,0
U02449,A,0
U02450,A,0
U02451,B,0
U02452,B,0
U02453,A,1
U02454,B,0
U02455,A,1
U02456,B,0
U02457,A,1
U02458,A,0
U02459,B,0
U02460,A,0
U02461,A,1
U02462,B,1
U02463,A,0
U02464,A,0
U02465,A,1
U02466,B,1
U02467,B,1
U02468,A,0
U02469,B,0
U02470,A,0
U02471,B,0
U02472,B,1
U02473,B,0
U02474,A,1
U02475,B,1
U02476,A,1
U02477,A,1
U02478,B,1
U02479,A,1
U02480,B,1
U02481,A,1
U02482,A,0
U02483,A,1
U02484,B,1
U02485,A,1
U02486,B,0
U02487,A,0
U02488,A,0
U02489,A,0
U02490,A,1
U02491,B,1
U02492,A,1
U02493,A,0
U02494,A,0
U02495,A,1
U02496,B,1
U02497,A,1
U02498,B,1
U02499,A,0
U02500,B,0
U02501,B,0
U02502,A,1
U02503,B,1
U02504,A,0
U02505,A,0
U02506,B,1
U02507,A,1
U02508,A,0
U02509,B,1
U02510,A,1
U02511,A,1
U02512,B,0
U02513,B,1
U02514,A,0
U02515,A,1
U02516,B,1
U02517,A,0
U02518,B,0
U02519,A,0
U02520,B,1
U02521,A,1
U02522,A,0
U02523,B,1
U02524,A,1
U02525,B,1
U02526,B,1
U02527,B,1
U02528,A,0
U02529,A,0
U02530,B,0
U02531,B,0
U02532,B,1
U02533,A,1
U02534,B,0
U02535,B,0
U02536,A,1
U02537,B,1
U02538,A,1
U02539,B,1
U02540,B,1
U02541,B,1
U02542,A,0
U02543,A,1
U02544,A,0
U02545,B,1
U02546,B,0
U02547,B,1
U02548,B,0
U02549,A,1
U02550,B,0
U02551,B,0
U02552,A,1
U02553,B,1
U02554,A,1
U02555,B,1
U02556,A,1
U02557,B,0
U02558,A,1
U02559,A,0
U02560,B,0
U02561,B,0
U02562,A,1
U02563,A,0
U02564,B,1
U02565,A,1
U02566,B,1
U02567,B,0
U02568,B,0
U02569,B,1
U02570,B,1
U02571,B,1
U02572,A,0
U02573,B,0
U02574,A,1
U02575,B,1
U02576,B,0
U02577,B,1
U02578,A,1
U02579,B,0
U02580,B,1
U02581,B,0
U02582,B,1
U02583,A,0
U02584,A,0
U02585,B,1
U02586,B,0
U02587,A,1
U02588,B,1
U02589,A,1
U02590,A,1
U02591,A,1
U02592,A,0
U02593,A,1
U02594,A,1
U02595,A,0
U02596,B,0
U02597,A,1
U02598,B,1
U02599,B,1
U02600,B,1
U02601,A,0
U02602,A,1
U02603,A,0
U02604,B,0
U02605,B,0
U02606,B,1
U02607,B,0
U02608,A,0
U02609,B,0
U02610,A,0
U02611,B,1
U02612,A,0
U02613,B,0
U02614,A,1
U02615,B,0
U02616,A,0
U02617,A,0
U02618,A,0
U02619,B,1
U02620,A,0
U02621,A,0
U02622,A,0
U02623,A,0
U02624,A,1
U02625,B,1
U02626,A,0
U02627,B,0
U02628,A,1
U02629,B,0
U02630,B,0
U02631,B,0
U02632,B,0
U02633,B,1
U02634,B,0
U02635,A,0
U02636,A,0
U02637,A,0
U02638,A,1
U02639,B,0
U02640,B,0
U02641,B,0
U02642,A,0
U02643,A,0
U02644,B,0
U02645,A,0
U02646,B,1
U02647,B,1
U02648,A,1
U02649,B,1
U02650,A,0
U02651,A,1
U02652,A,0
U02653,A,0
U02654,B,1
U02655,B,1
U02656,B,1
U02657,B,0
U02658,A,1
U02659,A,0
U02660,B,0
U02661,A,0
U02662,A,1
U02663,B,1
U02664,B,1
U02665,A,1
U02666,B,0
U02667,A,1
U02668,A,1
U02669,B,1
U02670,B,0
U02671,B,1
U02672,A,1
U02673,B,0
U02674,B,1
U02675,B,1
U02676,B,1
U02677,A,0
U02678,B,1
U02679,A,1
U02680,B,0
U02681,B,1
U02682,B,0
U02683,A,1
U02684,B,1
U02685,B,0
U02686,B,0
U02687,A,1
U02688,B,0
U02689,B,0
U02690,A,1
U02691,A,0
U02692,A,1
U02693,A,1
U02694,B,1
U02695,B,0
U02696,A,1
U02697,A,0
U02698,A,1
U02699,A,1
U02700,B,0
U02701,A,0
U02702,A,1
U02703,B,1
U02704,B,0
U02705,A,1
U02706,A,0
U02707,A,0
U02708,B,0
U02709,B,0
U02710,B,0
U02711,A,1
U02712,A,1
U02713,B,1
U02714,B,1
U02715,B,0
U02716,A,1
U02717,B,0
U02718,B,0
U02719,B,0
U02720,A,0
U02721,B,0
U02722,A,1
U02723,A,0
U02724,A,1
U02725,B,0
U02726,A,1
U02727,B,1
U02728,A,1
U02729,A,0
U02730,A,0
U02731,B,1
U02732,B,1
U02733,B,1
U02734,B,1
U02735,A,1
U02736,A,1
U02737,A,0
U02738,A,1
U02739,A,0
U02740,B,1
U02741,A,0
U02742,B,0
U02743,B,1
U02744,B,1
U02745,A,1
U02746,B,1
U02747,B,1
U02748,B,1
U02749,B,1
U02750,A,1
U02751,A,1
U02752,A,1
U02753,B,1
U02754,B,0
U02755,A,0
U02756,A,0
U02757,B,1
U02758,B,1
U02759,A,1
U02760,A,1
U02761,B,0
U02762,A,1
U02763,A,0
U02764,B,0
U02765,A,0
U02766,A,1
U02767,B,1
U02768,A,1
U02769,B,1
U02770,A,0
U02771,A,1
U02772,B,0
U02773,A,1
U02774,A,1
U02775,B,1
U02776,B,1
U02777,A,0
U02778,A,0
U02779,A,0
U02780,B,1
U02781,A,1
U02782,A,0
U02783,B,1
U02784,B,0
U02785,B,1
U02786,B,1
U02787,A,1
U02788,A,0
U02789,A,1
U02790,B,1
U02791,A,1
U02792,A,0
U02793,A,1
U02794,B,0
U02795,A,0
U02796,A,0
U02797,B,1
U02798,A,0
U02799,B,1
U02800,B,0
U02801,A,0
U02802,B,1
U02803,B,0
U02804,B,0
U02805,A,1
U02806,B,0
U02807,A,1
U02808,A,1
U02809,B,1
U02810,B,0
U02811,A,1
U02812,B,0
U02813,A,0
U02814,A,0
U02815,B,0
U02816,B,1
U02817,B,0
U02818,B,1
U02819,B,0
U02820,B,1
U02821,B,1
U02822,B,0
U02823,B,1
U02824,B,1
U02825,A,1
U02826,B,1
U02827,B,1
U02828,B,0
U02829,A,0
U02830,B,1
U02831,B,1
U02832,B,0
U02833,B,1
U02834,B,0
U02835,A,1
U02836,B,1
U02837,B,1
U02838,A,0
U02839,A,0
U02840,A,1
U02841,B,1
U02842,B,0
U02843,A,0
U02844,B,1
U02845,B,0
U02846,B,0
U02847,B,1
U02848,B,1
U02849,A,0
U02850,A,1
U02851,A,0
U02852,B,1
U02853,A,0
U02854,B,1
U02855,A,1
U02856,A,1
U02857,A,1
U02858,A,1
U02859,B,1
U02860,A,0
U02861,A,0
U02862,A,0
U02863,B,1
U02864,A,1
U02865,A,1
U02866,A,0
U02867,A,1
U02868,A,0
U02869,B,1
U02870,A,0
U02871,B,1
U02872,B,1
U02873,A,0
U02874,A,0
U02875,B,0
U02876,A,1
U02877,A,1
U02878,B,0
U02879,A,1
U02880,B,1
U02881,B,0
U02882,A,0
U02883,A,0
U02884,B,0
U02885,B,1
U02886,A,1
U02887,B,0
U02888,B,0
U02889,A,0
U02890,A,0
U02891,B,1
U02892,A,1
U02893,B,1
U02894,B,0
U02895,A,1
U02896,B,0
U02897,B,1
U02898,B,1
U02899,A,1
U02900,A,0
U02901,B,1
U02902,B,0
U02903,B,1
U02904,A,1
U02905,B,1
U02906,A,0
U02907,B,1
U02908,B,0
U02909,A,1
U02910,A,1
U02911,A,1
U02912,B,1
U02913,B,0
U02914,A,0
U02915,A,0
U02916,B,1
U02917,B,1
U02918,A,1
U02919,B,1
U02920,A,1
U02921,B,0
U02922,A,0
U02923,B,0
U02924,B,1
U02925,B,1
U02926,A,1
U02927,A,1
U02928,A,0
U02929,B,1
U02930,B,0
U02931,A,0
U02932,B,1
U02933,A,0
U02934,B,0
U02935,B,1
U02936,B,0
U02937,A,1
U02938,A,0
U02939,A,1
U02940,B,1
U02941,B,1
U02942,B,0
U02943,B,1
U02944,A,1
U02945,A,1
U02946,B,1
U02947,A,0
U02948,B,0
U02949,B,0
U02950,A,0
U02951,A,0
U02952,A,0
U02953,B,0
U02954,B,1
U02955,B,1
U02956,A,0
U02957,A,0
U02958,A,0
U02959,A,1
U02960,A,0
U02961,A,0
U02962,A,1
U02963,B,1
U02964,A,1
U02965,A,0
U02966,B,0
U02967,B,0
U02968,A,1
U02969,B,0
U02970,A,1
U02971,A,1
U02972,A,1
U02973,B,0
U02974,B,1
U02975,A,1
U02976,B,1
U02977,A,1
U02978,A,0
U02979,B,1
U02980,B,0
U02981,B,0
U02982,A,1
U02983,B,0
U02984,B,1
U02985,B,0
U02986,A,1
U02987,A,0
U02988,A,0
U02989,A,1
U02990,A,1
U02991,B,1
U02992,B,1
U02993,A,0
U02994,B,0
U02995,A,0
U02996,A,1
U02997,A,1
U02998,A,1
U02999,A,1
U03000,A,0
U03001,B,0
U03002,B,1
U03003,B,1
U03004,B,0
U03005,B,0
U03006,B,0
U03007,A,0
U03008,A,1
U03009,A,0
U03010,A,1
U03011,B,1
U03012,A,0
U03013,B,1
U03014,B,1
U03015,B,1
U03016,B,0
U03017,B,1
U03018,B,1
U03019,A,1
U03020,A,0
U03021,A,1
U03022,A,0
U03023,A,1
U03024,A,0
U03025,A,1
U03026,B,0
U03027,B,0
U03028,A,1
U03029,A,0
U03030,B,0
U03031,A,1
U03032,B,0
U03033,A,0
U03034,B,1
U03035,B,1
U03036,A,0
U03037,A,0
U03038,B,0
U03039,A,0
U03040,A,1
U03041,B,1
U03042,B,0
U03043,A,0
U03044,A,1
U03045,B,0
U03046,B,0
U03047,B,0
U03048,A,1
U03049,B,1
U03050,A,0
U03051,B,0
U03052,A,1
U03053,A,0
U03054,B,1
U03055,A,1
U03056,B,1
U03057,A,1
U03058,A,0
U03059,A,0
U03060,B,1
U03061,B,0
U03062,A,0
U03063,B,1
U03064,A,0
U03065,B,0
U03066,B,0
U03067,A,0
U03068,A,1
U03069,A,1
U03070,B,0
U03071,A,0
U03072,A,1
U03073,B,1
U03074,B,0
U03075,A,1
U03076,A,1
U03077,B,1
U03078,B,1
U03079,B,1
U03080,B,0
U03081,A,1
U03082,A,0
U03083,B,0
U03084,A,0
U03085,A,0
U03086,A,0
U03087,B,1
U03088,A,1
U03089,B,1
U03090,A,1
U03091,B,1
U03092,B,0
U03093,B,1
U03094,A,1
U03095,A,0
U03096,A,1
U03097,A,0
U03098,A,1
U03099,B,1
U03100,A,0
U03101,A,0
U03102,A,1
U03103,A,0
U03104,B,0
U03105,B,1
U03106,B,0
U03107,B,0
U03108,A,0
U03109,B,0
U03110,A,0
U03111,B,1
U03112,B,0
U03113,A,0
U03114,A,1
U03115,B,0
U03116,A,1
U03117,A,1
U03118,A,0
U03119,B,0
U03120,B,0
U03121,B,1
U03122,B,1
U03123,A,0
U03124,A,0
U03125,A,0
U03126,A,0
U03127,B,1
U03128,A,0
U03129,B,1
U03130,B,1
U03131,B,1
U03132,A,0
U03133,A,1
U03134,B,1
U03135,B,1
U03136,A,0
U03137,B,0
U03138,A,1
U03139,B,1
U03140,B,1
U03141,A,1
U03142,A,1
U03143,B,1
U03144,B,0
U03145,A,1
U03146,B,0
U03147,B,0
U03148,B,1
U03149,B,1
U03150,B,0
U03151,B,1
U03152,A,1
U03153,B,1
U03154,A,0
U03155,B,0
U03156,B,1
U03157,A,1
U03158,A,1
U03159,A,1
U03160,A,1
U03161,A,0
U03162,B,1
U03163,A,1
U03164,A,1
U03165,A,1
U03166,B,0
U03167,B,1
U03168,B,1
U03169,A,1
U03170,B,1
U03171,B,0
U03172,B,1
U03173,B,1
U03174,A,1
U03175,A,0
U03176,A,0
U03177,A,0
U03178,A,1
U03179,A,0
U03180,A,1
U03181,A,1
U03182,B,0
U03183,B,1
U03184,A,1
U03185,A,1
U03186,B,1
U03187,B,1
U03188,B,0
U03189,A,1
U03190,B,0
U03191,A,0
U03192,B,1
U03193,B,1
U03194,A,0
U03195,B,0
U03196,A,1
U03197,B,1
U03198,A,0
U03199,A,0
U03200,A,0
U03201,B,0
U03202,A,0
U03203,B,1
U03204,B,0
U03205,A,0
U03206,A,1
U03207,B,0
U03208,B,1
U03209,A,1
U03210,B,0
U03211,A,1
U03212,A,1
U03213,A,1
U03214,B,1
U03215,B,0
U03216,B,1
U03217,B,1
U03218,A,1
U03219,B,1
U03220,A,0
U03221,A,0
U03222,B,1
U03223,B,1
U03224,B,0
U03225,A,1
U03226,B,1
U03227,A,0
U03228,A,1
U03229,B,1
U03230,B,1
U03231,B,1
U03232,A,1
U03233,A,0
U03234,B,1
U03235,B,0
U03236,A,0
U03237,B,0
U03238,B,0
U03239,A,0
U03240,A,1
U03241,B,0
U03242,A,1
U03243,B,0
U03244,A,0
U03245,A,0
U03246,A,1
U03247,A,0
U03248,B,1
U03249,A,0
U03250,B,1
U03251,A,0
U03252,B,0
U03253,A,1
U03254,A,1
U03255,B,1
U03256,A,0
U03257,B,0
U03258,B,1
U03259,A,1
U03260,A,0
U03261,B,1
U03262,A,0
U03263,A,1
U03264,B,1
U03265,A,1
U03266,A,1
U03267,A,1
U03268,A,1
U03269,A,1
U03270,B,0
U03271,A,0
U03272,A,1
U03273,B,0
U03274,A,0
U03275,B,0
U03276,B,0
U03277,A,0
U03278,A,1
U03279,B,1
U03280,A,1
U03281,B,0
U03282,A,0
U03283,A,1
U03284,B,1
U03285,B,0
U03286,B,1
U03287,B,1
U03288,B,1
U03289,B,0
U03290,B,1
U03291,B,1
U03292,B,1
U03293,B,1
U03294,A,1
U03295,A,1
U03296,B,1
U03297,A,1
U03298,B,0
U03299,A,1
U03300,A,0
U03301,A,1
U03302,A,1
U03303,A,0
U03304,B,1
U03305,A,1
U03306,A,1
U03307,B,0
U03308,A,0
U03309,A,1
U03310,A,0
U03311,A,1
U03312,A,0
U03313,A,1
U03314,A,0
U03315,B,1
U03316,B,1
U03317,B,1
U03318,A,0
U03319,A,0
U03320,B,1
U03321,B,0
U03322,B,0
U03323,A,0
U03324,B,1
U03325,A,1
U03326,B,1
U03327,B,1
U03328,A,0
U03329,A,0
U03330,A,0
U03331,A,1
U03332,A,0
U03333,A,1
U03334,B,0
U03335,A,1
U03336,A,0
U03337,A,0
U03338,B,0
U03339,B,1
U03340,A,1
U03341,A,1
U03342,A,1
U03343,A,0
U03344,A,0
U03345,A,1
U03346,B,0
U03347,A,0
U03348,A,1
U03349,A,1
U03350,A,0
U03351,B,0
U03352,A,1
U03353,B,1
U03354,A,1
U03355,A,0
U03356,A,1
U03357,B,1
U03358,B,0
U03359,A,0
U03360,A,0
U03361,A,1
U03362,A,1
U03363,A,0
U03364,A,0
U03365,A,0
U03366,B,0
U03367,B,0
U03368,A,1
U03369,A,1
U03370,A,0
U03371,A,0
U03372,A,1
U03373,A,0
U03374,B,1
U03375,B,0
U03376,B,1
U03377,A,1
U03378,B,0
U03379,A,1
U03380,B,1
U03381,A,1
U03382,B,0
U03383,A,0
U03384,B,0
U03385,B,0
U03386,B,0
U03387,A,1
U03388,A,1
U03389,A,1
U03390,A,0
U03391,A,0
U03392,B,1
U03393,A,1
U03394,A,1
U03395,A,1
U03396,B,0
U03397,B,0
U03398,B,0
U03399,A,1
U03400,A,0
U03401,B,1
U03402,A,1
U03403,A,0
U03404,A,1
U03405,A,1
U03406,A,1
U03407,B,0
U03408,B,0
U03409,B,0
U03410,A,0
U03411,B,1
U03412,A,1
U03413,B,1
U03414,A,0
U03415,A,1
U03416,B,0
U03417,B,1
U03418,B,0
U03419,A,0
U03420,B,1
U03421,B,0
U03422,B,1
U03423,B,1
U03424,A,1
U03425,A,0
U03426,A,1
U03427,B,1
U03428,B,0
U03429,B,1
U03430,A,1
U03431,B,0
U03432,A,1
U03433,B,1
U03434,A,0
U03435,A,1
U03436,B,1
U03437,B,1
U03438,A,0
U03439,A,1
U03440,B,1
U03441,A,1
U03442,B,1
U03443,B,0
U03444,A,1
U03445,A,0
U03446,B,1
U03447,A,1
U03448,A,1
U03449,B,1
U03450,A,1
U03451,A,0
U03452,A,0
U03453,A,1
U03454,B,0
U03455,A,0
U03456,A,1
U03457,A,1
U03458,A,0
U03459,B,1
U03460,B,0
U03461,B,0
U03462,A,1
U03463,B,0
U03464,B,1
U03465,A,1
U03466,A,1
U03467,B,1
U03468,B,1
U03469,A,1
U03470,A,0
U03471,A,1
U03472,B,1
U03473,A,1
U03474,B,1
U03475,B,1
U03476,B,0
U03477,A,1
U03478,B,0
U03479,B,1
U03480,B,0
U03481,B,1
U03482,A,1
U03483,B,0
U03484,A,1
U03485,A,0
U03486,B,0
U03487,B,1
U03488,A,0
U03489,A,0
U03490,A,1
U03491,A,1
U03492,B,0
U03493,B,1
U03494,B,1
U03495,B,0
U03496,A,0
U03497,A,0
U03498,B,0
U03499,B,1
U03500,B,1
U03501,A,0
U03502,B,1
U03503,A,0
U03504,A,1
U03505,A,1
U03506,A,0
U03507,B,1
U03508,A,1
U03509,A,1
U03510,B,1
U03511,B,1
U03512,A,1
U03513,B,0
U03514,B,0
U03515,A,1
U03516,B,1
U03517,A,0
U03518,A,0
U03519,B,1
U03520,B,1
U03521,B,1
U03522,A,1
U03523,B,0
U03524,A,0
U03525,B,0
U03526,A,0
U03527,B,1
U03528,A,0
U03529,B,1
U03530,B,1
U03531,B,0
U03532,B,1
U03533,B,1
U03534,A,0
U03535,A,1
U03536,B,0
U03537,A,1
U03538,A,0
U03539,B,1
U03540,B,1
U03541,A,1
U03542,A,0
U03543,B,0
U03544,B,1
U03545,B,1
U03546,A,1
U03547,B,0
U03548,A,1
U03549,B,1
U03550,B,0
U03551,A,0
U03552,B,1
U03553,A,1
U03554,A,0
U03555,A,0
U03556,B,1
U03557,B,1
U03558,B,1
U03559,A,0
U03560,B,0
U03561,B,1
U03562,B,1
U03563,B,1
U03564,B,0
U03565,A,1
U03566,B,1
U03567,B,0
U03568,B,0
U03569,A,0
U03570,B,1
U03571,A,0
U03572,A,0
U03573,B,0
U03574,A,1
U03575,A,1
U03576,A,0
U03577,B,0
U03578,A,0
U03579,B,0
U03580,B,1
U03581,A,1
U03582,A,0
U03583,A,0
U03584,B,0
U03585,B,0
U03586,A,1
U03587,A,1
U03588,B,0
U03589,B,1
U03590,B,0
U03591,A,0
U03592,A,1
U03593,B,0
U03594,B,1
U03595,A,0
U03596,B,1
U03597,A,0
U03598,B,0
U03599,B,1
U03600,B,0
U03601,B,0
U03602,A,0
U03603,B,0
U03604,B,1
U03605,A,1
U03606,A,1
U03607,A,0
U03608,B,1
U03609,A,1
U03610,B,1
U03611,A,1
U03612,B,0
U03613,A,1
U03614,A,0
U03615,A,1
U03616,B,0
U03617,B,1
U03618,A,1
U03619,B,1
U03620,B,1
U03621,B,1
U03622,B,1
U03623,B,1
U03624,A,1
U03625,B,0
U03626,A,1
U03627,A,0
U03628,A,0
U03629,B,1
U03630,B,1
U03631,A,1
U03632,A,1
U03633,A,0
U03634,A,1
U03635,B,1
U03636,A,1
U03637,A,0
U03638,B,0
U03639,A,0
U03640,B,0
U03641,A,1
U03642,B,1
U03643,B,1
U03644,B,1
U03645,A,1
U03646,B,1
U03647,A,1
U03648,B,1
U03649,B,0
U03650,B,0
U03651,A,1
U03652,B,1
U03653,B,1
U03654,B,0
U03655,B,0
U03656,A,1
U03657,A,1
U03658,B,1
U03659,B,1
U03660,B,0
U03661,B,1
U03662,A,0
U03663,B,1
U03664,B,0
U03665,A,1
U03666,B,1
U03667,B,0
U03668,A,0
U03669,B,0
U03670,A,0
U03671,B,0
U03672,A,1
U03673,A,0
U03674,B,0
U03675,B,1
U03676,B,1
U03677,B,0
U03678,A,0
U03679,B,1
U03680,B,0
U03681,B,0
U03682,A,1
U03683,A,0
U03684,A,1
U03685,A,1
U03686,A,0
U03687,B,0
U03688,B,1
U03689,B,0
U03690,A,1
U03691,B,0
U03692,A,0
U03693,A,0
U03694,A,0
U03695,A,0
U03696,A,1
U03697,B,1
U03698,B,1
U03699,B,0
U03700,B,1
U03701,A,1
U03702,B,0
U03703,B,0
U03704,A,0
U03705,A,1
U03706,A,1
U03707,B,1
U03708,B,1
U03709,B,1
U03710,A,1
U03711,A,1
U03712,A,0
U03713,A,1
U03714,A,1
U03715,A,0
U03716,B,0
U03717,A,0
U03718,A,1
U03719,A,0
U03720,A,0
U03721,A,0
U03722,A,1
U03723,A,1
U03724,A,0
U03725,A,0
U03726,B,0
U03727,B,0
U03728,B,0
U03729,B,0
U03730,A,0
U03731,B,1
U03732,B,1
U03733,A,0
U03734,A,0
U03735,A,1
U03736,A,0
U03737,B,0
U03738,A,1
U03739,A,1
U03740,A,0
U03741,B,1
U03742,B,0
U03743,A,1
U03744,B,0
U03745,A,0
U03746,B,1
U03747,A,1
U03748,B,0
U03749,B,0
U03750,B,1
U03751,A,1
U03752,B,1
U03753,B,1
U03754,B,1
U03755,A,0
U03756,B,1
U03757,A,0
U03758,A,0
U03759,A,1
U03760,A,0
U03761,A,0
U03762,B,1
U03763,A,1
U03764,B,1
U03765,B,1
U03766,A,1
U03767,A,0
U03768,A,1
U03769,B,0
U03770,B,1
U03771,B,0
U03772,B,0
U03773,B,0
U03774,B,1
U03775,B,1
U03776,B,0
U03777,B,0
U03778,A,0
U03779,B,1
U03780,A,0
U03781,A,0
U03782,B,0
U03783,B,1
U03784,B,0
U03785,B,1
U03786,B,0
U03787,B,0
U03788,A,1
U03789,A,0
U03790,B,1
U03791,A,0
U03792,A,1
U03793,A,1
U03794,A,0
U03795,A,1
U03796,A,0
U03797,B,1
U03798,A,0
U03799,A,0
U03800,A,1
U03801,A,0
U03802,B,1
U03803,A,1
U03804,B,1
U03805,A,0
U03806,B,1
U03807,A,1
U03808,A,0
U03809,A,1
U03810,B,1
U03811,B,1
U03812,B,1
U03813,B,1
U03814,A,1
U03815,A,1
U03816,B,1
U03817,A,1
U03818,A,0
U03819,A,0
U03820,B,1
U03821,B,0
U03822,A,0
U03823,B,0
U03824,B,1
U03825,B,0
U03826,B,1
U03827,A,0
U03828,B,1
U03829,B,1
U03830,A,1
U03831,B,0
U03832,A,0
U03833,A,1
U03834,B,1
U03835,A,0
U03836,A,0
U03837,B,0
U03838,B,0
U03839,B,1
U03840,A,1
U03841,A,1
U03842,A,1
U03843,A,0
U03844,A,1
U03845,A,1
U03846,B,1
U03847,A,1
U03848,A,0
U03849,B,1
U03850,A,1
U03851,A,0
U03852,A,1
U03853,B,1
U03854,B,0
U03855,B,1
U03856,B,0
U03857,A,0
U03858,A,1
U03859,B,1
U03860,A,0
U03861,A,1
U03862,A,0
U03863,B,1
U03864,A,0
U03865,B,0
U03866,A,0
U03867,A,1
U03868,B,1
U03869,B,1
U03870,A,0
U03871,B,1
U03872,B,0
U03873,A,1
U03874,B,1
U03875,B,1
U03876,B,0
U03877,B,0
U03878,B,1
U03879,B,0
U03880,A,1
U03881,B,0
U03882,B,0
U03883,A,1
U03884,B,1
U03885,B,1
U03886,A,1
U03887,A,0
U03888,B,0
U03889,B,0
U03890,A,0
U03891,B,1
U03892,B,1
U03893,A,0
U03894,A,0
U03895,A,0
U03896,B,0
U03897,A,1
U03898,B,1
U03899,A,0
U03900,A,1
U03901,B,0
U03902,A,1
U03903,B,1
U03904,B,1
U03905,B,0
U03906,B,0
U03907,B,1
U03908,A,1
U03909,A,1
U03910,B,1
U03911,B,1
U03912,B,1
U03913,B,1
U03914,A,1
U03915,A,1
U03916,A,1
U03917,A,1
U03918,A,1
U03919,A,0
U03920,B,1
U03921,A,0
U03922,A,1
U03923,B,0
U03924,B,0
U03925,B,1
U03926,B,0
U03927,B,1
U03928,A,1
U03929,B,1
U03930,B,1
U03931,B,1
U03932,A,1
U03933,B,1
U03934,B,0
U03935,A,1
U03936,B,1
U03937,A,1
U03938,A,1
U03939,B,1
U03940,A,1
U03941,B,1
U03942,B,1
U03943,B,0
U03944,A,1
U03945,A,1
U03946,A,1
U03947,A,0
U03948,A,0
U03949,B,1
U03950,B,1
U03951,B,1
U03952,A,1
U03953,A,0
U03954,A,0
U03955,B,1
U03956,B,1
U03957,A,0
U03958,B,0
U03959,A,0
U03960,B,1
U03961,A,0
U03962,A,1
U03963,B,1
U03964,B,0
U03965,A,0
U03966,B,1
U03967,B,0
U03968,B,0
U03969,A,1
U03970,B,0
U03971,B,1
U03972,B,0
U03973,B,1
U03974,A,1
U03975,A,0
U03976,A,1
U03977,B,1
U03978,A,0
U03979,B,0
U03980,A,1
U03981,A,1
U03982,B,0
U03983,B,1
U03984,B,1
U03985,A,1
U03986,B,0
U03987,B,1
U03988,B,0
U03989,A,0
U03990,B,1
U03991,A,1
U03992,A,1
U03993,B,1
U03994,B,1
U03995,B,0
U03996,B,1
U03997,A,0
U03998,B,0
U03999,B,1
U04000,A,1
