Date,Occupancy (%),Weekend (1 = Yes),Event Day (1 = Yes),Staff Required
1/1/2021,47.3,0,0,43
1/2/2021,61.3,1,0,52
1/3/2021,71.9,1,0,62
1/4/2021,64.4,0,1,54
1/5/2021,66.7,0,0,52
1/6/2021,88.9,0,0,64
1/7/2021,85.3,0,0,60
1/8/2021,68.1,0,0,53
1/9/2021,82.9,1,0,66
1/10/2021,87.1,1,0,72
1/11/2021,81.2,0,1,65
1/12/2021,78,0,1,68
1/13/2021,86,0,0,65
1/14/2021,82.7,0,1,69
1/15/2021,62.9,0,0,50
1/16/2021,73.1,1,1,66
1/17/2021,69.5,1,1,73
1/18/2021,86.5,0,0,63
1/19/2021,69.2,0,0,54
1/20/2021,67.5,0,0,60
1/21/2021,85.3,0,0,63
1/22/2021,77.6,0,0,66
1/23/2021,96.1,1,0,69
1/24/2021,66.4,1,0,57
1/25/2021,69.8,0,0,51
1/26/2021,86.2,0,0,63
1/27/2021,62.2,0,0,51
1/28/2021,88.2,0,0,63
1/29/2021,62.9,0,1,60
1/30/2021,81.1,1,0,64
1/31/2021,56.6,1,0,53
2/1/2021,75.5,0,0,55
2/2/2021,61.3,0,0,55
2/3/2021,94.3,0,0,64
2/4/2021,64.3,0,0,53
2/5/2021,66.7,0,1,58
2/6/2021,80.4,1,0,63
2/7/2021,69,1,0,57
2/8/2021,82,0,1,69
2/9/2021,67.9,0,1,62
2/10/2021,67.1,0,1,58
2/11/2021,74.7,0,0,56
2/12/2021,62.8,0,0,48
2/13/2021,79,1,1,69
2/14/2021,83.8,1,0,70
2/15/2021,80.5,0,0,56
2/16/2021,81.4,0,0,61
2/17/2021,55.8,0,0,53
2/18/2021,70.4,0,1,67
2/19/2021,72.7,0,0,58
2/20/2021,89.5,1,1,78
2/21/2021,69.2,1,0,62
2/22/2021,52,0,0,47
2/23/2021,65,0,0,57
2/24/2021,68.4,0,1,62
2/25/2021,53.4,0,0,50
2/26/2021,84.7,0,0,61
2/27/2021,59.3,1,0,60
2/28/2021,79.5,1,0,64
3/1/2021,64.1,0,0,47
3/2/2021,90.1,0,0,65
3/3/2021,72.2,0,1,66
3/4/2021,70.2,0,0,60
3/5/2021,80.3,0,0,57
3/6/2021,64.9,1,0,52
3/7/2021,80.8,1,0,67
3/8/2021,70.2,0,0,56
3/9/2021,69.1,0,0,50
3/10/2021,74.1,0,0,56
3/11/2021,64.1,0,1,59
3/12/2021,73.1,0,0,59
3/13/2021,78.4,1,0,63
3/14/2021,51.9,1,0,50
3/15/2021,85.9,0,0,63
3/16/2021,83.2,0,1,65
3/17/2021,56.5,0,0,54
3/18/2021,54.9,0,0,50
3/19/2021,83.4,0,0,60
3/20/2021,82.6,1,0,63
3/21/2021,81.2,1,0,62
3/22/2021,60.7,0,0,52
3/23/2021,93.3,0,0,64
3/24/2021,67.4,0,1,61
3/25/2021,77.4,0,0,54
3/26/2021,77.5,0,1,68
3/27/2021,90.9,1,0,72
3/28/2021,76.3,1,1,71
3/29/2021,79.2,0,0,60
3/30/2021,74.2,0,0,59
3/31/2021,63,0,0,52
4/1/2021,51.8,0,0,48
4/2/2021,75.3,0,0,54
4/3/2021,60.9,1,0,57
4/4/2021,78.5,1,0,65
4/5/2021,76.5,0,0,62
4/6/2021,76.2,0,0,58
4/7/2021,64.5,0,0,52
4/8/2021,85.4,0,0,61
4/9/2021,79.7,0,0,64
4/10/2021,63.2,1,1,58
4/11/2021,95.7,1,0,74
4/12/2021,72.9,0,0,56
4/13/2021,61.7,0,0,50
4/14/2021,67.4,0,0,53
4/15/2021,59.9,0,0,50
4/16/2021,88.6,0,1,74
4/17/2021,85.8,1,1,74
4/18/2021,82.4,1,0,67
4/19/2021,80.5,0,1,69
4/20/2021,87.5,0,0,61
4/21/2021,72.6,0,0,58
4/22/2021,79.2,0,1,69
4/23/2021,66.9,0,0,51
4/24/2021,73.5,1,0,58
4/25/2021,79.5,1,0,62
4/26/2021,44.2,0,0,43
4/27/2021,68.8,0,0,54
4/28/2021,76.6,0,0,62
4/29/2021,74.2,0,0,56
4/30/2021,70.5,0,0,53
5/1/2021,80.9,1,1,75
5/2/2021,67.9,1,0,56
5/3/2021,62.8,0,1,57
5/4/2021,86.8,0,1,69
5/5/2021,85.4,0,0,54
5/6/2021,69,0,1,64
5/7/2021,74.3,0,0,60
5/8/2021,83.5,1,0,70
5/9/2021,75.4,1,0,68
5/10/2021,80.3,0,1,73
5/11/2021,79.8,0,0,59
5/12/2021,71.8,0,0,59
5/13/2021,80.2,0,0,60
5/14/2021,65.4,0,0,51
5/15/2021,78.9,1,0,62
5/16/2021,74.3,1,0,61
5/17/2021,71.4,0,0,57
5/18/2021,62.5,0,0,56
5/19/2021,76.3,0,0,60
5/20/2021,75.4,0,1,63
5/21/2021,66.6,0,0,50
5/22/2021,59,1,1,64
5/23/2021,58.6,1,0,57
5/24/2021,72.5,0,0,60
5/25/2021,78.1,0,0,58
5/26/2021,93.5,0,1,76
5/27/2021,74.5,0,1,68
5/28/2021,58.7,0,0,45
5/29/2021,72.9,1,0,62
5/30/2021,87.5,1,1,79
5/31/2021,68.2,0,0,56
6/1/2021,86.2,0,0,63
6/2/2021,76.8,0,0,66
6/3/2021,81.5,0,0,67
6/4/2021,93.6,0,0,67
6/5/2021,56.6,1,1,61
6/6/2021,84,1,0,69
6/7/2021,74.1,0,1,65
6/8/2021,65.5,0,0,57
6/9/2021,74,0,0,53
6/10/2021,91.9,0,0,65
6/11/2021,88.3,0,0,66
6/12/2021,55,1,0,56
6/13/2021,67.3,1,1,62
6/14/2021,84.4,0,0,59
6/15/2021,74.8,0,0,52
6/16/2021,74.8,0,0,55
6/17/2021,59.3,0,0,46
6/18/2021,67.5,0,0,55
6/19/2021,61.4,1,1,64
6/20/2021,58.5,1,0,54
6/21/2021,62.4,0,0,51
6/22/2021,65.7,0,1,64
6/23/2021,67.4,0,0,51
6/24/2021,66.6,0,0,48
6/25/2021,85.2,0,0,65
6/26/2021,65.9,1,0,57
6/27/2021,89.3,1,1,75
6/28/2021,70.2,0,0,57
6/29/2021,79.4,0,0,54
6/30/2021,79.7,0,0,57
7/1/2021,66,0,0,46
7/2/2021,71.7,0,0,57
7/3/2021,70,1,1,73
7/4/2021,78.7,1,0,63
7/5/2021,73.7,0,0,54
7/6/2021,67.5,0,0,59
7/7/2021,76.2,0,0,60
7/8/2021,78.4,0,0,66
7/9/2021,93.5,0,1,75
7/10/2021,75.7,1,0,64
7/11/2021,75.1,1,0,67
7/12/2021,79.3,0,0,59
7/13/2021,65.5,0,0,53
7/14/2021,57.7,0,0,42
7/15/2021,71.9,0,1,69
7/16/2021,85.7,0,0,64
7/17/2021,87.3,1,0,68
7/18/2021,56.2,1,0,56
7/19/2021,81.7,0,0,57
7/20/2021,53.2,0,0,45
7/21/2021,79.6,0,0,61
7/22/2021,79,0,0,60
7/23/2021,57.8,0,1,58
7/24/2021,85,1,0,68
7/25/2021,92.4,1,1,81
7/26/2021,74.4,0,1,61
7/27/2021,76.4,0,0,62
7/28/2021,89.8,0,0,63
7/29/2021,63.7,0,1,60
7/30/2021,64,0,0,50
7/31/2021,66.6,1,0,57
8/1/2021,75.4,1,0,63
8/2/2021,75.3,0,0,60
8/3/2021,69.5,0,0,57
8/4/2021,72,0,0,57
8/5/2021,69.6,0,1,61
8/6/2021,70.1,0,0,56
8/7/2021,67.3,1,0,59
8/8/2021,67.4,1,0,59
8/9/2021,55,0,0,49
8/10/2021,72.8,0,1,61
8/11/2021,55.4,0,0,42
8/12/2021,82.5,0,1,73
8/13/2021,69.4,0,0,54
8/14/2021,73.8,1,0,63
8/15/2021,71.3,1,0,58
8/16/2021,72.6,0,1,68
8/17/2021,87.6,0,0,65
8/18/2021,61.5,0,0,50
8/19/2021,58.8,0,0,50
8/20/2021,76.2,0,1,61
8/21/2021,70,1,0,61
8/22/2021,78.6,1,0,69
8/23/2021,82.2,0,0,62
8/24/2021,63.9,0,0,53
8/25/2021,81,0,0,60
8/26/2021,64.8,0,0,56
8/27/2021,75.7,0,1,70
8/28/2021,62.6,1,0,55
8/29/2021,76.3,1,1,72
8/30/2021,74.8,0,0,58
8/31/2021,64,0,0,53
9/1/2021,61.4,0,0,48
9/2/2021,82.5,0,0,65
9/3/2021,70.5,0,0,57
9/4/2021,85.1,1,0,71
9/5/2021,69.6,1,1,64
9/6/2021,88,0,0,61
9/7/2021,65.5,0,1,67
9/8/2021,89.7,0,0,68
9/9/2021,76.7,0,0,56
9/10/2021,79,0,0,62
9/11/2021,65,1,0,56
9/12/2021,82.3,1,1,69
9/13/2021,82.6,0,1,63
9/14/2021,71.8,0,0,56
9/15/2021,53.7,0,0,52
9/16/2021,63.9,0,0,57
9/17/2021,63.9,0,1,64
9/18/2021,79.5,1,0,67
9/19/2021,70.3,1,1,69
9/20/2021,70.5,0,0,59
9/21/2021,69.3,0,0,49
9/22/2021,89.7,0,0,68
9/23/2021,75.5,0,0,54
9/24/2021,77,0,0,56
9/25/2021,68.8,1,0,61
9/26/2021,74.7,1,1,73
9/27/2021,65.2,0,0,51
9/28/2021,78.4,0,1,69
9/29/2021,63.5,0,0,53
9/30/2021,82.4,0,1,68
10/1/2021,67.7,0,1,62
10/2/2021,84.5,1,0,73
10/3/2021,94.1,1,1,79
10/4/2021,75,0,1,65
10/5/2021,88.1,0,0,65
10/6/2021,82.5,0,1,69
10/7/2021,60.7,0,0,53
10/8/2021,76.1,0,0,62
10/9/2021,80,1,0,64
10/10/2021,81,1,0,63
10/11/2021,76.8,0,0,64
10/12/2021,76.7,0,1,67
10/13/2021,75.1,0,1,60
10/14/2021,76.3,0,1,72
10/15/2021,62.8,0,0,55
10/16/2021,72.6,1,1,74
10/17/2021,60.5,1,0,60
10/18/2021,70,0,1,71
10/19/2021,69.1,0,0,51
10/20/2021,68.5,0,1,60
10/21/2021,64.5,0,0,51
10/22/2021,77.7,0,1,65
10/23/2021,71.8,1,1,69
10/24/2021,70.8,1,1,67
10/25/2021,60.9,0,0,47
10/26/2021,72,0,1,61
10/27/2021,86.5,0,1,70
10/28/2021,86.6,0,0,67
10/29/2021,78.7,0,0,58
10/30/2021,72,1,0,63
10/31/2021,80.6,1,1,69
11/1/2021,68.3,0,0,45
11/2/2021,72,0,1,64
11/3/2021,67.6,0,0,52
11/4/2021,84.1,0,0,59
11/5/2021,82.8,0,1,66
11/6/2021,74.7,1,0,60
11/7/2021,92.3,1,0,68
11/8/2021,79.1,0,1,65
11/9/2021,78.6,0,0,55
11/10/2021,77.5,0,0,52
11/11/2021,62.4,0,1,53
11/12/2021,66.1,0,1,68
11/13/2021,74.5,1,0,62
11/14/2021,74.5,1,0,67
11/15/2021,80.9,0,0,60
11/16/2021,68.3,0,0,54
11/17/2021,75.7,0,0,59
11/18/2021,75.9,0,0,60
11/19/2021,76.3,0,0,54
11/20/2021,75.2,1,1,69
11/21/2021,61,1,0,56
11/22/2021,52.4,0,0,40
11/23/2021,65.6,0,0,57
11/24/2021,69.7,0,0,58
11/25/2021,63.2,0,0,45
11/26/2021,74.4,0,0,55
11/27/2021,85.9,1,0,68
11/28/2021,82.3,1,0,69
11/29/2021,79.7,0,0,64
11/30/2021,84.9,0,1,69
12/1/2021,65.8,0,1,68
12/2/2021,70.4,0,0,55
12/3/2021,81.1,0,0,60
12/4/2021,70.3,1,0,62
12/5/2021,70.8,1,1,69
12/6/2021,93.6,0,0,68
12/7/2021,76,0,0,64
12/8/2021,92.6,0,0,67
12/9/2021,56.8,0,0,45
12/10/2021,68.7,0,0,52
12/11/2021,79.1,1,0,69
12/12/2021,75.9,1,1,73
12/13/2021,54.4,0,1,51
12/14/2021,72.7,0,0,52
12/15/2021,99.7,0,0,70
12/16/2021,77.5,0,0,61
12/17/2021,81,0,0,58
12/18/2021,68.6,1,0,54
12/19/2021,77.4,1,0,60
12/20/2021,74.9,0,0,62
12/21/2021,86.2,0,0,65
12/22/2021,85.9,0,0,66
12/23/2021,79.1,0,0,63
12/24/2021,75.7,0,0,56
12/25/2021,58.2,1,0,53
12/26/2021,57.9,1,0,53
12/27/2021,75.8,0,0,59
12/28/2021,83.7,0,0,65
12/29/2021,88.3,0,0,70
12/30/2021,66.1,0,1,63
12/31/2021,59.9,0,0,52
1/1/2022,84.3,1,0,73
1/2/2022,66.9,1,0,58
1/3/2022,59.2,0,0,53
1/4/2022,70.1,0,0,57
1/5/2022,69.9,0,0,57
1/6/2022,88.2,0,1,71
1/7/2022,83.7,0,1,66
1/8/2022,67.6,1,0,60
1/9/2022,89,1,1,79
1/10/2022,76.3,0,0,56
1/11/2022,85.6,0,1,71
1/12/2022,88.3,0,0,62
1/13/2022,72.4,0,0,54
1/14/2022,80.7,0,0,59
1/15/2022,70.9,1,0,56
1/16/2022,84.3,1,0,65
1/17/2022,75.9,0,0,60
1/18/2022,84.6,0,0,67
1/19/2022,90.2,0,0,71
1/20/2022,80.5,0,1,67
1/21/2022,74.1,0,0,61
1/22/2022,74.2,1,0,63
1/23/2022,45.4,1,0,47
1/24/2022,67.9,0,1,63
1/25/2022,84.3,0,0,65
1/26/2022,84.7,0,0,61
1/27/2022,67.7,0,1,60
1/28/2022,76.6,0,1,65
1/29/2022,73.1,1,0,60
1/30/2022,81.9,1,0,70
1/31/2022,97.1,0,0,66
2/1/2022,82.1,0,0,59
2/2/2022,68.3,0,1,63
2/3/2022,74.2,0,0,58
2/4/2022,89,0,0,63
2/5/2022,60.9,1,1,69
2/6/2022,68.8,1,0,58
2/7/2022,82.1,0,0,61
2/8/2022,87.9,0,0,58
2/9/2022,81.1,0,0,60
2/10/2022,68.9,0,0,50
2/11/2022,80.4,0,0,57
2/12/2022,79.1,1,0,59
2/13/2022,78.5,1,0,62
2/14/2022,74,0,0,57
2/15/2022,75.5,0,0,57
2/16/2022,65.9,0,0,52
2/17/2022,99.8,0,1,77
2/18/2022,76.6,0,0,57
2/19/2022,80.5,1,0,65
2/20/2022,72.8,1,0,61
2/21/2022,83.5,0,1,71
2/22/2022,62,0,0,50
2/23/2022,57.5,0,0,47
2/24/2022,74.7,0,1,68
2/25/2022,95.5,0,1,78
2/26/2022,87.1,1,0,68
2/27/2022,66.9,1,0,62
2/28/2022,80.2,0,1,68
3/1/2022,68.6,0,0,54
3/2/2022,79.3,0,1,67
3/3/2022,80,0,1,68
3/4/2022,84.3,0,0,59
3/5/2022,59.3,1,1,57
3/6/2022,62.3,1,0,57
3/7/2022,74.2,0,1,68
3/8/2022,64.7,0,0,49
3/9/2022,63.9,0,0,55
3/10/2022,77.7,0,1,62
3/11/2022,65.8,0,0,51
3/12/2022,97.6,1,1,87
3/13/2022,69.7,1,0,61
3/14/2022,72.3,0,0,55
3/15/2022,78,0,0,60
3/16/2022,59.9,0,1,62
3/17/2022,80.1,0,0,56
3/18/2022,78.4,0,1,71
3/19/2022,71.5,1,0,59
3/20/2022,77.7,1,0,66
3/21/2022,79.3,0,1,66
3/22/2022,89.4,0,0,70
3/23/2022,100,0,0,70
3/24/2022,64.4,0,1,56
3/25/2022,62,0,0,52
3/26/2022,76,1,1,75
3/27/2022,54.2,1,1,64
3/28/2022,81.5,0,0,61
3/29/2022,76.1,0,1,68
3/30/2022,78.7,0,0,58
3/31/2022,72,0,0,58
4/1/2022,77.6,0,0,60
4/2/2022,79.7,1,1,64
4/3/2022,77,1,1,68
4/4/2022,61.5,0,0,51
4/5/2022,76.7,0,0,59
4/6/2022,93.5,0,0,67
4/7/2022,77.4,0,0,59
4/8/2022,76.4,0,1,70
4/9/2022,90.6,1,0,71
4/10/2022,67.5,1,1,60
4/11/2022,83.9,0,0,68
4/12/2022,69.7,0,0,49
4/13/2022,85.9,0,0,66
4/14/2022,83,0,0,57
4/15/2022,70.9,0,0,60
4/16/2022,72.3,1,1,68
4/17/2022,84.8,1,0,69
4/18/2022,56.4,0,0,42
4/19/2022,70.6,0,0,57
4/20/2022,81.2,0,1,70
4/21/2022,71.9,0,1,66
4/22/2022,76.3,0,0,61
4/23/2022,54.6,1,1,61
4/24/2022,66.5,1,0,58
4/25/2022,81.8,0,0,58
4/26/2022,67.5,0,1,60
4/27/2022,62,0,0,55
4/28/2022,85.6,0,1,68
4/29/2022,80.2,0,1,63
4/30/2022,64.1,1,0,54
5/1/2022,76.4,1,0,65
5/2/2022,64.4,0,0,51
5/3/2022,73.5,0,0,59
5/4/2022,76.8,0,1,60
5/5/2022,66.9,0,1,53
5/6/2022,82.4,0,0,62
5/7/2022,84,1,1,78
5/8/2022,77.6,1,0,59
5/9/2022,79.1,0,0,61
5/10/2022,60.5,0,0,54
5/11/2022,88.6,0,0,64
5/12/2022,74.1,0,1,68
5/13/2022,65.6,0,1,61
5/14/2022,76.5,1,1,70
5/15/2022,82.5,1,0,69
5/16/2022,80.1,0,1,74
5/17/2022,64.2,0,0,50
5/18/2022,82.6,0,0,61
5/19/2022,74.4,0,1,62
5/20/2022,80,0,0,60
5/21/2022,67,1,0,58
5/22/2022,85.5,1,0,71
5/23/2022,76.8,0,1,71
5/24/2022,86.9,0,0,66
5/25/2022,59.7,0,0,53
5/26/2022,61,0,0,48
5/27/2022,72.6,0,0,53
5/28/2022,89.7,1,0,71
5/29/2022,94.6,1,1,80
5/30/2022,66.1,0,0,59
5/31/2022,75.5,0,1,60
6/1/2022,76.6,0,0,60
6/2/2022,82.2,0,0,63
6/3/2022,83.8,0,1,68
6/4/2022,63.9,1,0,54
6/5/2022,75.6,1,0,62
6/6/2022,54.9,0,1,51
6/7/2022,83.1,0,0,66
6/8/2022,71.6,0,0,64
6/9/2022,62.9,0,0,50
6/10/2022,78.3,0,0,57
6/11/2022,71.3,1,0,57
6/12/2022,87.6,1,1,74
6/13/2022,66.1,0,0,51
6/14/2022,97.2,0,0,72
6/15/2022,83.5,0,1,79
6/16/2022,87.9,0,0,62
6/17/2022,64.7,0,0,50
6/18/2022,92.9,1,0,68
6/19/2022,62.9,1,0,58
6/20/2022,72.9,0,0,57
6/21/2022,88,0,0,64
6/22/2022,80.1,0,1,67
6/23/2022,62.6,0,0,55
6/24/2022,86.4,0,1,73
6/25/2022,78.4,1,0,66
6/26/2022,70.8,1,0,62
6/27/2022,59.6,0,0,49
6/28/2022,79.3,0,0,58
6/29/2022,73.4,0,0,58
6/30/2022,76.6,0,1,68
7/1/2022,59.1,0,1,59
7/2/2022,70.8,1,0,56
7/3/2022,79.8,1,0,66
7/4/2022,93.8,0,0,66
7/5/2022,72.9,0,1,62
7/6/2022,89.4,0,0,67
7/7/2022,82.9,0,0,62
7/8/2022,77.3,0,0,66
7/9/2022,64.9,1,0,59
7/10/2022,65.3,1,0,57
7/11/2022,81.2,0,1,68
7/12/2022,69.7,0,0,51
7/13/2022,68.8,0,0,58
7/14/2022,73.2,0,1,66
7/15/2022,73.4,0,0,58
7/16/2022,84,1,1,72
7/17/2022,69.9,1,0,62
7/18/2022,83,0,0,59
7/19/2022,79.4,0,0,58
7/20/2022,58.3,0,0,50
7/21/2022,77.9,0,0,57
7/22/2022,48.3,0,0,42
7/23/2022,66,1,0,58
7/24/2022,79.6,1,1,76
7/25/2022,74.9,0,0,60
7/26/2022,57.3,0,0,51
7/27/2022,63.8,0,0,53
7/28/2022,48.9,0,1,51
7/29/2022,61.6,0,0,54
7/30/2022,80.8,1,0,60
7/31/2022,69.4,1,0,61
8/1/2022,76.7,0,1,69
8/2/2022,75.1,0,1,65
8/3/2022,75.3,0,0,55
8/4/2022,85.2,0,1,70
8/5/2022,73,0,0,54
8/6/2022,84.1,1,0,69
8/7/2022,50.2,1,1,61
8/8/2022,86.1,0,0,64
8/9/2022,62.1,0,0,52
8/10/2022,64.3,0,0,54
8/11/2022,68,0,1,65
8/12/2022,85.8,0,0,61
8/13/2022,66.1,1,0,53
8/14/2022,68.4,1,0,60
8/15/2022,65.4,0,0,55
8/16/2022,77.6,0,0,54
8/17/2022,82.4,0,1,69
8/18/2022,92,0,0,69
8/19/2022,99,0,0,69
8/20/2022,81.5,1,1,78
8/21/2022,78.7,1,0,68
8/22/2022,62.8,0,0,51
8/23/2022,94.1,0,0,66
8/24/2022,77.2,0,1,66
8/25/2022,72.1,0,0,56
8/26/2022,78.9,0,0,56
8/27/2022,68.6,1,0,55
8/28/2022,51.6,1,0,44
8/29/2022,80.7,0,0,60
8/30/2022,88.4,0,1,78
8/31/2022,80.6,0,0,54
9/1/2022,74.9,0,0,57
9/2/2022,75.1,0,1,65
9/3/2022,76.7,1,0,63
9/4/2022,76.4,1,1,75
9/5/2022,74.4,0,0,55
9/6/2022,75.3,0,0,52
9/7/2022,90.6,0,0,64
9/8/2022,79.7,0,0,58
9/9/2022,76.1,0,0,51
9/10/2022,81.6,1,0,67
9/11/2022,81.6,1,0,62
9/12/2022,84.5,0,0,62
9/13/2022,67.4,0,0,53
9/14/2022,70.2,0,0,52
9/15/2022,66.9,0,0,56
9/16/2022,82.7,0,0,61
9/17/2022,82.2,1,0,66
9/18/2022,62.3,1,0,58
9/19/2022,78.9,0,0,60
9/20/2022,88.7,0,0,65
9/21/2022,72.6,0,0,54
9/22/2022,78.1,0,1,64
9/23/2022,82.3,0,1,70
9/24/2022,61.8,1,0,53
9/25/2022,76.5,1,0,66
9/26/2022,87.7,0,0,63
9/27/2022,69.1,0,0,56
9/28/2022,83.3,0,1,67
9/29/2022,75.3,0,0,54
9/30/2022,68.3,0,1,67
10/1/2022,74,1,1,70
10/2/2022,69.7,1,0,63
10/3/2022,66.1,0,0,49
10/4/2022,72.5,0,0,55
10/5/2022,75.7,0,0,62
10/6/2022,73.3,0,0,52
10/7/2022,72.3,0,1,71
10/8/2022,77.3,1,1,72
10/9/2022,80.3,1,0,63
10/10/2022,63.6,0,1,61
10/11/2022,72.5,0,0,60
10/12/2022,55.3,0,0,45
10/13/2022,73.4,0,0,55
10/14/2022,76.5,0,0,59
10/15/2022,80.7,1,0,67
10/16/2022,76.5,1,0,63
10/17/2022,80.5,0,0,61
10/18/2022,75.7,0,0,60
10/19/2022,68.2,0,0,55
10/20/2022,63.8,0,0,50
10/21/2022,72.4,0,0,56
10/22/2022,67.3,1,0,64
10/23/2022,73.8,1,1,71
10/24/2022,70.1,0,0,59
10/25/2022,79.2,0,1,66
10/26/2022,75.5,0,0,59
10/27/2022,79.5,0,0,62
10/28/2022,79.4,0,0,64
10/29/2022,73.2,1,1,73
10/30/2022,73.8,1,0,59
10/31/2022,80,0,0,63
11/1/2022,99.5,0,1,83
11/2/2022,65.1,0,0,51
11/3/2022,75.4,0,1,63
11/4/2022,63,0,1,59
11/5/2022,74.8,1,0,63
11/6/2022,68.3,1,1,66
11/7/2022,73.8,0,0,53
11/8/2022,76.6,0,0,63
11/9/2022,70.1,0,0,52
11/10/2022,57.2,0,0,47
11/11/2022,89.3,0,0,65
11/12/2022,83.4,1,1,70
11/13/2022,73.7,1,0,57
11/14/2022,66.1,0,0,52
11/15/2022,75.9,0,0,60
11/16/2022,78.6,0,0,60
11/17/2022,82.7,0,0,55
11/18/2022,83.6,0,0,66
11/19/2022,85.5,1,0,70
11/20/2022,57.6,1,1,62
11/21/2022,72,0,0,56
11/22/2022,84.9,0,1,72
11/23/2022,65.8,0,0,60
11/24/2022,87.2,0,1,74
11/25/2022,93.1,0,0,67
11/26/2022,86.9,1,0,65
11/27/2022,81.6,1,1,74
11/28/2022,70.5,0,0,58
11/29/2022,77.8,0,0,59
11/30/2022,61.5,0,0,49
12/1/2022,67.2,0,1,63
12/2/2022,67.9,0,0,51
12/3/2022,75.6,1,0,65
12/4/2022,71.1,1,0,59
12/5/2022,77.6,0,0,52
12/6/2022,83.8,0,0,61
12/7/2022,67.9,0,1,62
12/8/2022,76.5,0,1,68
12/9/2022,70.8,0,1,65
12/10/2022,76.9,1,1,68
12/11/2022,81.9,1,1,74
12/12/2022,84.2,0,1,68
12/13/2022,81.7,0,1,68
12/14/2022,79.1,0,1,65
12/15/2022,60.8,0,0,50
12/16/2022,64.2,0,0,61
12/17/2022,66.8,1,0,64
12/18/2022,78.6,1,0,61
12/19/2022,62.1,0,0,51
12/20/2022,78.4,0,1,66
12/21/2022,77.6,0,0,59
12/22/2022,55.6,0,0,51
12/23/2022,64.1,0,0,52
12/24/2022,85.4,1,1,74
12/25/2022,82,1,0,69
12/26/2022,66.5,0,0,50
12/27/2022,64.7,0,1,61
12/28/2022,50.5,0,0,41
12/29/2022,89.7,0,0,62
12/30/2022,75.4,0,0,60
12/31/2022,93.8,1,1,78
1/1/2023,73.1,1,1,64
1/2/2023,77.8,0,0,57
1/3/2023,83.9,0,1,67
1/4/2023,91.4,0,1,70
1/5/2023,80,0,1,70
1/6/2023,75,0,1,61
1/7/2023,75.3,1,1,69
1/8/2023,64.5,1,0,58
1/9/2023,71.2,0,0,55
1/10/2023,75.5,0,0,57
1/11/2023,88.8,0,0,62
1/12/2023,70.7,0,1,60
1/13/2023,85.6,0,0,61
1/14/2023,74.2,1,0,64
1/15/2023,87.4,1,0,67
1/16/2023,81.8,0,0,61
1/17/2023,81.1,0,0,64
1/18/2023,84.8,0,1,72
1/19/2023,83.3,0,1,66
1/20/2023,85.6,0,1,72
1/21/2023,96.3,1,0,76
1/22/2023,91.2,1,1,77
1/23/2023,79.7,0,0,55
1/24/2023,70.6,0,0,54
1/25/2023,78.7,0,0,60
1/26/2023,55.7,0,1,58
1/27/2023,83.3,0,0,60
1/28/2023,64.4,1,0,51
1/29/2023,86.2,1,1,72
1/30/2023,94.8,0,0,68
1/31/2023,60.5,0,0,56
2/1/2023,74.5,0,0,57
2/2/2023,64.4,0,1,64
2/3/2023,57.7,0,0,46
2/4/2023,73.9,1,1,68
2/5/2023,81.4,1,1,67
2/6/2023,82.5,0,1,70
2/7/2023,76.5,0,0,56
2/8/2023,58.4,0,0,51
2/9/2023,76.2,0,0,57
2/10/2023,60.1,0,0,56
2/11/2023,60.7,1,1,69
2/12/2023,65,1,1,59
2/13/2023,85.5,0,1,73
2/14/2023,80.5,0,0,58
2/15/2023,78.2,0,0,61
2/16/2023,66.4,0,0,49
2/17/2023,71.1,0,0,60
2/18/2023,61.3,1,1,67
2/19/2023,88.6,1,0,65
2/20/2023,97,0,0,68
2/21/2023,80.6,0,0,61
2/22/2023,82.3,0,0,63
2/23/2023,73.4,0,0,57
2/24/2023,58.8,0,1,60
2/25/2023,66.6,1,0,58
2/26/2023,70.3,1,0,62
2/27/2023,71.1,0,0,51
2/28/2023,68.8,0,0,54
3/1/2023,75.5,0,0,61
3/2/2023,66.5,0,0,57
3/3/2023,96.7,0,0,69
3/4/2023,61.3,1,0,55
3/5/2023,83.9,1,1,79
3/6/2023,72.4,0,0,56
3/7/2023,79.6,0,0,63
3/8/2023,80.1,0,0,60
3/9/2023,76.6,0,1,66
3/10/2023,63.7,0,0,49
3/11/2023,71.7,1,0,57
3/12/2023,76.7,1,0,66
3/13/2023,76.1,0,0,63
3/14/2023,64.8,0,0,53
3/15/2023,87.9,0,0,63
3/16/2023,50.1,0,0,48
3/17/2023,72.5,0,1,65
3/18/2023,65.8,1,1,59
3/19/2023,76.8,1,1,74
3/20/2023,85.2,0,1,67
3/21/2023,60.9,0,0,50
3/22/2023,98.5,0,0,68
3/23/2023,77,0,0,57
3/24/2023,78.8,0,0,60
3/25/2023,60.6,1,0,58
3/26/2023,74.5,1,1,70
3/27/2023,84.7,0,0,67
3/28/2023,77.1,0,0,63
3/29/2023,76.4,0,0,63
3/30/2023,74.5,0,0,57
3/31/2023,61.2,0,1,57
4/1/2023,61.2,1,0,55
4/2/2023,86.7,1,1,80
4/3/2023,83.8,0,0,65
4/4/2023,85.3,0,1,63
4/5/2023,66.8,0,0,54
4/6/2023,73.4,0,0,50
4/7/2023,87.3,0,1,72
4/8/2023,62.7,1,0,55
4/9/2023,86.3,1,0,66
4/10/2023,69.1,0,0,57
4/11/2023,66.4,0,0,51
4/12/2023,74.7,0,0,57
4/13/2023,63.8,0,0,49
4/14/2023,56,0,0,48
4/15/2023,75.8,1,1,74
4/16/2023,80.3,1,1,71
4/17/2023,87.2,0,0,66
4/18/2023,81.1,0,1,69
4/19/2023,94.7,0,0,67
4/20/2023,88.6,0,0,63
4/21/2023,82.4,0,1,72
4/22/2023,79.7,1,0,67
4/23/2023,87.3,1,0,68
4/24/2023,52.9,0,1,55
4/25/2023,70.2,0,1,65
4/26/2023,56.4,0,0,50
4/27/2023,81.6,0,0,60
4/28/2023,67.6,0,0,57
4/29/2023,105.2,1,0,80
4/30/2023,69.8,1,1,74
5/1/2023,76.1,0,1,61
5/2/2023,71,0,1,66
5/3/2023,70.1,0,1,67
5/4/2023,62.5,0,0,54
5/5/2023,62.2,0,0,50
5/6/2023,53.2,1,0,48
5/7/2023,80.5,1,0,70
5/8/2023,70.8,0,0,54
5/9/2023,94.3,0,0,66
5/10/2023,62.6,0,0,57
5/11/2023,89.8,0,1,69
5/12/2023,90.7,0,0,68
5/13/2023,87.8,1,1,75
5/14/2023,77.3,1,0,61
5/15/2023,71.6,0,1,64
5/16/2023,87.8,0,0,66
5/17/2023,67.1,0,1,64
5/18/2023,77.7,0,0,62
5/19/2023,74.6,0,0,55
5/20/2023,66.1,1,0,55
5/21/2023,77.8,1,0,63
5/22/2023,82.4,0,1,70
5/23/2023,65.7,0,1,60
5/24/2023,79.6,0,0,49
5/25/2023,52.7,0,0,41
5/26/2023,64.5,0,1,60
5/27/2023,70.4,1,0,63
5/28/2023,78.6,1,0,62
5/29/2023,83.7,0,0,64
5/30/2023,75.8,0,0,53
5/31/2023,80.7,0,0,61
6/1/2023,73.4,0,0,57
6/2/2023,79,0,0,61
6/3/2023,78.5,1,0,61
6/4/2023,69.9,1,0,55
6/5/2023,71.4,0,1,66
6/6/2023,81,0,0,56
6/7/2023,93.1,0,0,64
6/8/2023,87.1,0,1,76
6/9/2023,63.7,0,0,52
6/10/2023,63.7,1,1,66
6/11/2023,69.6,1,1,70
6/12/2023,76,0,1,68
6/13/2023,75.5,0,0,58
6/14/2023,87.4,0,0,61
6/15/2023,88,0,1,80
6/16/2023,75.1,0,0,57
6/17/2023,72.7,1,0,62
6/18/2023,80.2,1,0,66
6/19/2023,85.6,0,1,69
6/20/2023,80.5,0,0,59
6/21/2023,70.7,0,0,60
6/22/2023,68.9,0,0,52
6/23/2023,63.9,0,0,53
6/24/2023,76.9,1,0,66
6/25/2023,81.2,1,0,65
6/26/2023,82.3,0,0,61
6/27/2023,86.5,0,0,66
6/28/2023,89.8,0,1,72
6/29/2023,61.3,0,0,44
6/30/2023,79,0,1,72
7/1/2023,79.4,1,0,62
7/2/2023,74.3,1,0,63
7/3/2023,66.7,0,1,57
7/4/2023,89.4,0,1,71
7/5/2023,69.1,0,0,53
7/6/2023,53.1,0,0,47
7/7/2023,75.2,0,0,55
7/8/2023,72.6,1,0,67
7/9/2023,93.6,1,0,72
7/10/2023,79.9,0,0,63
7/11/2023,71.9,0,1,64
7/12/2023,73,0,0,59
7/13/2023,72.9,0,0,50
7/14/2023,97.2,0,0,66
7/15/2023,81.8,1,0,64
7/16/2023,60.9,1,1,62
7/17/2023,72.6,0,1,66
7/18/2023,74.8,0,1,67
7/19/2023,63.9,0,1,60
7/20/2023,57.2,0,0,48
7/21/2023,81,0,1,76
7/22/2023,67,1,0,59
7/23/2023,87.5,1,0,62
7/24/2023,75.1,0,0,60
7/25/2023,70.3,0,0,57
7/26/2023,50.8,0,0,49
7/27/2023,87.2,0,1,73
7/28/2023,77.9,0,0,56
7/29/2023,70.5,1,1,71
7/30/2023,66.1,1,1,66
7/31/2023,91,0,1,77
8/1/2023,64.4,0,1,65
8/2/2023,71.3,0,1,63
8/3/2023,80.7,0,0,63
8/4/2023,89.5,0,0,68
8/5/2023,72.8,1,1,70
8/6/2023,67.7,1,1,73
8/7/2023,73.9,0,1,68
8/8/2023,84,0,1,68
8/9/2023,86.3,0,0,64
8/10/2023,61.2,0,1,61
8/11/2023,76.1,0,1,72
8/12/2023,60.7,1,0,57
8/13/2023,83.8,1,0,68
8/14/2023,79.2,0,1,71
8/15/2023,65.8,0,0,52
8/16/2023,90.3,0,1,70
8/17/2023,78.4,0,0,61
8/18/2023,77.3,0,0,58
8/19/2023,73.2,1,0,70
8/20/2023,74.9,1,0,63
8/21/2023,71.2,0,0,58
8/22/2023,67.6,0,0,52
8/23/2023,87.3,0,1,75
8/24/2023,70.1,0,0,55
8/25/2023,69.7,0,0,54
8/26/2023,73.7,1,1,70
8/27/2023,89.2,1,0,66
8/28/2023,86.3,0,1,70
8/29/2023,71.1,0,0,57
8/30/2023,87.3,0,1,67
8/31/2023,76.1,0,0,61
9/1/2023,66.6,0,1,60
9/2/2023,70.2,1,0,61
9/3/2023,88.7,1,0,63
9/4/2023,95.8,0,1,77
9/5/2023,78.2,0,1,64
9/6/2023,69.3,0,1,62
9/7/2023,73.8,0,0,52
9/8/2023,67.4,0,0,51
9/9/2023,68.8,1,0,59
9/10/2023,67.8,1,0,58
9/11/2023,74.2,0,0,60
9/12/2023,76.2,0,1,60
9/13/2023,73.5,0,0,57
9/14/2023,72.8,0,0,56
9/15/2023,82.6,0,0,60
9/16/2023,72.7,1,1,67
9/17/2023,73.3,1,0,65
9/18/2023,73.2,0,0,63
9/19/2023,90.4,0,1,68
9/20/2023,70.1,0,0,52
9/21/2023,81,0,0,57
9/22/2023,67.5,0,0,53
9/23/2023,78.5,1,0,68
9/24/2023,80.5,1,0,67
9/25/2023,85.8,0,0,62
9/26/2023,71.2,0,0,56
9/27/2023,63.9,0,0,51
9/28/2023,67.2,0,0,56
9/29/2023,84.6,0,0,65
9/30/2023,95.8,1,0,75
10/1/2023,83.3,1,0,60
10/2/2023,62.4,0,0,51
10/3/2023,83,0,1,69
10/4/2023,65.6,0,0,56
10/5/2023,71.5,0,1,64
10/6/2023,76.9,0,1,68
10/7/2023,78.6,1,0,63
10/8/2023,75.7,1,1,74
10/9/2023,69,0,0,58
10/10/2023,85.6,0,0,58
10/11/2023,69.7,0,1,59
10/12/2023,87.5,0,0,66
10/13/2023,61.4,0,0,50
10/14/2023,77.2,1,0,67
10/15/2023,62.7,1,1,65
10/16/2023,66.7,0,0,55
10/17/2023,69.9,0,1,61
10/18/2023,90.2,0,0,66
10/19/2023,88.1,0,0,65
10/20/2023,83.7,0,0,60
10/21/2023,75.3,1,0,66
10/22/2023,76.9,1,1,66
10/23/2023,87.7,0,0,64
10/24/2023,82,0,0,57
10/25/2023,75.2,0,0,55
10/26/2023,89.9,0,0,68
10/27/2023,83.1,0,0,58
10/28/2023,77.4,1,1,68
10/29/2023,70.4,1,1,70
10/30/2023,69.5,0,0,51
10/31/2023,71.6,0,0,59
11/1/2023,79.6,0,1,70
11/2/2023,83.4,0,0,59
11/3/2023,60.6,0,0,53
11/4/2023,55.5,1,0,47
11/5/2023,65.5,1,0,59
11/6/2023,70.9,0,0,52
11/7/2023,87,0,0,62
11/8/2023,72.2,0,1,63
11/9/2023,77.5,0,0,63
11/10/2023,79.2,0,0,58
11/11/2023,64.8,1,0,57
11/12/2023,89.6,1,0,68
11/13/2023,68.4,0,1,59
11/14/2023,90.6,0,1,70
11/15/2023,73.7,0,0,58
11/16/2023,71.6,0,0,56
11/17/2023,63.9,0,0,54
11/18/2023,77,1,1,71
11/19/2023,97.5,1,1,81
11/20/2023,79.1,0,0,62
11/21/2023,77.7,0,1,66
11/22/2023,68.3,0,0,50
11/23/2023,80.9,0,0,63
11/24/2023,76.6,0,0,56
11/25/2023,74.4,1,0,62
11/26/2023,79.9,1,0,63
11/27/2023,56.8,0,0,45
11/28/2023,74,0,0,51
11/29/2023,63,0,1,61
11/30/2023,75.3,0,1,55
12/1/2023,67.8,0,1,66
12/2/2023,68.4,1,0,62
12/3/2023,61.7,1,0,53
12/4/2023,86.2,0,0,68
12/5/2023,68.2,0,0,60
12/6/2023,68.8,0,0,54
12/7/2023,90.3,0,0,66
12/8/2023,80.7,0,0,61
12/9/2023,54.7,1,1,65
12/10/2023,88.9,1,0,65
12/11/2023,91.5,0,0,65
12/12/2023,90.5,0,0,68
12/13/2023,81.7,0,1,71
12/14/2023,64,0,0,52
12/15/2023,74.5,0,0,61
12/16/2023,60.5,1,0,56
12/17/2023,66.3,1,0,58
12/18/2023,63.9,0,0,54
12/19/2023,68.7,0,1,62
12/20/2023,76.6,0,0,58
12/21/2023,70.6,0,0,53
12/22/2023,70.1,0,0,64
12/23/2023,72.1,1,1,68
12/24/2023,90,1,0,72
12/25/2023,96.6,0,1,82
12/26/2023,70.5,0,1,59
12/27/2023,78.4,0,0,61
12/28/2023,66.6,0,1,61
12/29/2023,82.7,0,0,67
12/30/2023,70.2,1,0,57
12/31/2023,67.9,1,0,57
1/1/2024,95,0,0,67
1/2/2024,61.4,0,0,49
1/3/2024,50.5,0,0,44
1/4/2024,82.3,0,1,75
1/5/2024,71.3,0,0,56
1/6/2024,68.5,1,1,65
1/7/2024,102.3,1,0,75
1/8/2024,82.3,0,1,70
1/9/2024,74.4,0,0,58
1/10/2024,67.9,0,0,52
1/11/2024,79.5,0,1,63
1/12/2024,57.7,0,1,57
1/13/2024,69.8,1,0,60
1/14/2024,74.6,1,1,68
1/15/2024,77.1,0,0,62
1/16/2024,73.6,0,0,59
1/17/2024,68.1,0,1,62
1/18/2024,84.2,0,0,61
1/19/2024,58.5,0,0,54
1/20/2024,72.2,1,0,58
1/21/2024,69.8,1,0,58
1/22/2024,85.1,0,0,61
1/23/2024,70.4,0,0,56
1/24/2024,79.4,0,0,62
1/25/2024,78.3,0,0,55
1/26/2024,56.6,0,0,46
1/27/2024,74.3,1,1,71
1/28/2024,57.6,1,1,60
1/29/2024,78.5,0,1,66
1/30/2024,67.7,0,0,54
1/31/2024,86.9,0,0,61
2/1/2024,73.2,0,1,65
2/2/2024,67.3,0,0,55
2/3/2024,87,1,1,77
2/4/2024,66.3,1,0,62
2/5/2024,83.9,0,1,72
2/6/2024,79.7,0,0,60
2/7/2024,71.3,0,0,55
2/8/2024,61.6,0,1,64
2/9/2024,87.4,0,1,70
2/10/2024,80,1,0,64
2/11/2024,67.3,1,0,57
2/12/2024,77.4,0,1,68
2/13/2024,85.1,0,0,69
2/14/2024,76.1,0,0,59
2/15/2024,77.4,0,0,58
2/16/2024,85.3,0,0,63
2/17/2024,90.4,1,0,66
2/18/2024,73.8,1,1,69
2/19/2024,61.6,0,0,56
2/20/2024,62,0,0,53
2/21/2024,68.1,0,0,58
2/22/2024,65.7,0,0,56
2/23/2024,58.2,0,0,47
2/24/2024,93.5,1,0,77
2/25/2024,80.3,1,0,60
2/26/2024,69.8,0,0,56
2/27/2024,74.7,0,0,51
2/28/2024,57.1,0,0,43
2/29/2024,86.6,0,0,66
3/1/2024,55.5,0,0,46
3/2/2024,80.1,1,1,77
3/3/2024,56.6,1,0,47
3/4/2024,70.9,0,0,55
3/5/2024,87.4,0,0,60
3/6/2024,58.7,0,0,48
3/7/2024,73.5,0,0,61
3/8/2024,81.3,0,0,66
3/9/2024,79.6,1,0,66
3/10/2024,75.7,1,1,66
3/11/2024,80,0,1,64
3/12/2024,68.9,0,1,63
3/13/2024,94.3,0,0,65
3/14/2024,58.9,0,0,51
3/15/2024,86.6,0,0,68
3/16/2024,76.9,1,0,61
3/17/2024,81.2,1,0,63
3/18/2024,82.9,0,0,58
3/19/2024,80.6,0,0,60
3/20/2024,66.9,0,1,62
3/21/2024,72.1,0,1,64
3/22/2024,60.5,0,0,53
3/23/2024,72,1,1,70
3/24/2024,78.2,1,1,72
3/25/2024,81.1,0,0,61
3/26/2024,78.9,0,0,60
3/27/2024,57.4,0,1,57
3/28/2024,69.4,0,0,53
3/29/2024,68.4,0,0,51
3/30/2024,61.9,1,0,56
3/31/2024,66.6,1,1,65
4/1/2024,75,0,1,67
4/2/2024,89.1,0,0,65
4/3/2024,65.5,0,0,53
4/4/2024,63.7,0,0,55
4/5/2024,69,0,0,50
4/6/2024,78.4,1,0,70
4/7/2024,87.2,1,1,70
4/8/2024,74.1,0,1,69
4/9/2024,60.5,0,1,59
4/10/2024,62.7,0,0,50
4/11/2024,76.9,0,1,62
4/12/2024,85,0,0,61
4/13/2024,93.2,1,0,71
4/14/2024,63.2,1,0,57
4/15/2024,76.4,0,1,71
4/16/2024,64.7,0,0,53
4/17/2024,66,0,1,62
4/18/2024,65.2,0,0,54
4/19/2024,71.7,0,0,55
4/20/2024,66.2,1,0,58
4/21/2024,99.8,1,0,75
4/22/2024,70.4,0,0,57
4/23/2024,84.9,0,0,60
4/24/2024,68.4,0,0,53
4/25/2024,97.3,0,0,70
4/26/2024,78.4,0,1,64
4/27/2024,83.4,1,0,67
4/28/2024,69.1,1,0,58
4/29/2024,84.8,0,0,64
4/30/2024,78.3,0,0,63
5/1/2024,71.2,0,1,62
5/2/2024,64.2,0,1,62
5/3/2024,72.6,0,0,57
5/4/2024,71.8,1,1,68
5/5/2024,83.7,1,1,75
5/6/2024,72.7,0,1,68
5/7/2024,55.8,0,0,47
5/8/2024,81.5,0,1,73
5/9/2024,87.9,0,0,64
5/10/2024,58.3,0,0,45
5/11/2024,93,1,0,71
5/12/2024,89,1,0,65
5/13/2024,68.7,0,1,61
5/14/2024,63.8,0,1,59
5/15/2024,85.5,0,1,76
5/16/2024,61.3,0,0,55
5/17/2024,68.3,0,1,62
5/18/2024,61.8,1,0,60
5/19/2024,75.1,1,0,61
5/20/2024,89.7,0,0,61
5/21/2024,78.7,0,0,61
5/22/2024,85.2,0,0,64
5/23/2024,71.5,0,1,61
5/24/2024,76,0,0,55
5/25/2024,62.7,1,1,67
5/26/2024,74,1,0,57
5/27/2024,67.5,0,0,55
5/28/2024,73.4,0,0,56
5/29/2024,72.7,0,1,66
5/30/2024,71.9,0,0,59
5/31/2024,96.1,0,0,65
6/1/2024,92.7,1,0,68
6/2/2024,89.2,1,0,74
6/3/2024,93,0,0,66
6/4/2024,89.2,0,0,66
6/5/2024,74.8,0,1,68
6/6/2024,73.8,0,0,54
6/7/2024,77.4,0,0,61
6/8/2024,72.9,1,1,71
6/9/2024,64.6,1,1,70
6/10/2024,78,0,0,63
6/11/2024,59.3,0,1,58
6/12/2024,76.4,0,1,68
6/13/2024,65.1,0,0,53
6/14/2024,74.2,0,1,66
6/15/2024,76.9,1,1,68
6/16/2024,71.5,1,1,68
6/17/2024,58.6,0,0,44
6/18/2024,63.1,0,1,59
6/19/2024,79.6,0,0,64
6/20/2024,69.4,0,1,65
6/21/2024,80.6,0,0,61
6/22/2024,75.1,1,0,62
6/23/2024,73,1,1,68
6/24/2024,78.5,0,0,56
6/25/2024,68.3,0,0,57
6/26/2024,79,0,0,55
6/27/2024,70.8,0,1,59
6/28/2024,100.4,0,0,73
6/29/2024,63.7,1,0,57
6/30/2024,71.4,1,0,61
7/1/2024,71.8,0,0,57
7/2/2024,61.5,0,0,57
7/3/2024,82.3,0,0,61
7/4/2024,70.7,0,0,56
7/5/2024,51.2,0,1,60
7/6/2024,82,1,1,74
7/7/2024,68.6,1,0,64
7/8/2024,74,0,0,51
7/9/2024,81.8,0,0,57
7/10/2024,71.4,0,1,62
7/11/2024,71.3,0,0,57
7/12/2024,99.6,0,0,75
7/13/2024,53.5,1,1,58
7/14/2024,62.1,1,0,59
7/15/2024,64.1,0,1,67
7/16/2024,92.9,0,0,71
7/17/2024,68.6,0,0,53
7/18/2024,77.4,0,0,61
7/19/2024,70.3,0,0,56
7/20/2024,81,1,0,64
7/21/2024,74.9,1,0,64
7/22/2024,77.5,0,0,57
7/23/2024,87.9,0,1,72
7/24/2024,79.4,0,1,64
7/25/2024,67.6,0,0,49
7/26/2024,78.1,0,1,66
7/27/2024,99.2,1,0,76
7/28/2024,80.6,1,0,62
7/29/2024,76.5,0,0,60
7/30/2024,61.3,0,0,51
7/31/2024,82.2,0,0,63
8/1/2024,83.7,0,0,65
8/2/2024,78.1,0,0,63
8/3/2024,76.1,1,0,65
8/4/2024,103.3,1,1,84
8/5/2024,83.6,0,0,62
8/6/2024,87.4,0,0,71
8/7/2024,75.7,0,0,61
8/8/2024,73.7,0,0,57
8/9/2024,81.3,0,0,60
8/10/2024,73.7,1,0,60
8/11/2024,74.5,1,0,59
8/12/2024,79.6,0,0,65
8/13/2024,69.9,0,0,56
8/14/2024,77.2,0,0,55
8/15/2024,75.8,0,1,66
8/16/2024,84.7,0,0,66
8/17/2024,68.9,1,0,58
8/18/2024,55,1,1,58
8/19/2024,71.9,0,0,57
8/20/2024,79,0,0,61
8/21/2024,84.6,0,0,61
8/22/2024,68.1,0,1,60
8/23/2024,80.4,0,1,70
8/24/2024,86.4,1,0,65
8/25/2024,82.5,1,0,65
8/26/2024,67.1,0,0,53
8/27/2024,68.2,0,0,56
8/28/2024,79.4,0,0,58
8/29/2024,91.3,0,1,75
8/30/2024,75.1,0,0,61
8/31/2024,73.3,1,0,60
9/1/2024,61.3,1,0,65
9/2/2024,71.4,0,0,60
9/3/2024,67.8,0,0,55
9/4/2024,75.3,0,1,65
9/5/2024,59.9,0,1,56
9/6/2024,71.7,0,0,61
9/7/2024,64.9,1,0,58
9/8/2024,84.4,1,1,71
9/9/2024,66.4,0,1,56
9/10/2024,69.3,0,1,63
9/11/2024,77.8,0,0,59
9/12/2024,70.5,0,0,52
9/13/2024,98.6,0,0,65
9/14/2024,84.3,1,0,61
9/15/2024,75.2,1,0,60
9/16/2024,78.7,0,1,66
9/17/2024,51.4,0,1,56
9/18/2024,87.3,0,0,63
9/19/2024,80.1,0,1,71
9/20/2024,74.3,0,0,59
9/21/2024,80.7,1,0,67
9/22/2024,81.9,1,1,77
9/23/2024,70.8,0,0,51
9/24/2024,78.8,0,1,66
9/25/2024,85.5,0,0,70
9/26/2024,79.5,0,1,62
9/27/2024,72.5,0,0,55
9/28/2024,78,1,0,65
9/29/2024,88.8,1,1,72
9/30/2024,82.8,0,1,67
10/1/2024,63.4,0,0,58
10/2/2024,80.9,0,0,61
10/3/2024,79.5,0,1,66
10/4/2024,86.6,0,1,72
10/5/2024,75.3,1,0,61
10/6/2024,71.3,1,0,66
10/7/2024,61.3,0,0,48
10/8/2024,68.1,0,0,52
10/9/2024,87.1,0,0,59
10/10/2024,77,0,0,58
10/11/2024,74,0,1,64
10/12/2024,88,1,0,73
10/13/2024,85.9,1,1,73
10/14/2024,67.6,0,1,63
10/15/2024,87,0,1,72
10/16/2024,58.4,0,0,44
10/17/2024,79.6,0,0,58
10/18/2024,78.4,0,0,57
10/19/2024,86.5,1,1,81
10/20/2024,78.8,1,0,66
10/21/2024,72.6,0,0,57
10/22/2024,73.3,0,0,44
10/23/2024,101.9,0,0,65
10/24/2024,75.8,0,1,68
10/25/2024,81,0,0,63
10/26/2024,54.8,1,0,50
10/27/2024,66.7,1,0,58
10/28/2024,80.2,0,1,68
10/29/2024,58.9,0,0,50
10/30/2024,80.5,0,1,67
10/31/2024,67.7,0,0,56
11/1/2024,64.7,0,0,56
11/2/2024,67.7,1,0,56
11/3/2024,90.3,1,0,67
11/4/2024,78.3,0,0,57
11/5/2024,65.9,0,0,53
11/6/2024,82.8,0,0,62
11/7/2024,83.3,0,0,64
11/8/2024,71.2,0,0,59
11/9/2024,84.6,1,0,68
11/10/2024,85.1,1,0,68
11/11/2024,83.5,0,0,67
11/12/2024,68.3,0,0,54
11/13/2024,63.2,0,0,53
11/14/2024,58.1,0,0,50
11/15/2024,68.4,0,0,54
11/16/2024,71.3,1,0,60
11/17/2024,72.1,1,0,65
11/18/2024,74.5,0,1,65
11/19/2024,92.3,0,1,73
11/20/2024,71.6,0,0,54
11/21/2024,74.5,0,0,59
11/22/2024,56.8,0,0,47
11/23/2024,97.3,1,0,75
11/24/2024,61.8,1,0,56
11/25/2024,67.9,0,0,53
11/26/2024,82,0,0,57
11/27/2024,77.5,0,0,56
11/28/2024,91.4,0,0,63
11/29/2024,82.2,0,1,66
11/30/2024,74.2,1,0,63
12/1/2024,85.4,1,0,74
12/2/2024,86.6,0,0,62
12/3/2024,68.4,0,0,53
12/4/2024,84.6,0,0,61
12/5/2024,72.8,0,0,59
12/6/2024,74,0,0,58
12/7/2024,76.4,1,0,63
12/8/2024,71.2,1,0,57
12/9/2024,70.7,0,1,60
12/10/2024,84.8,0,0,63
12/11/2024,59.7,0,0,51
12/12/2024,64.4,0,1,60
12/13/2024,81.7,0,0,63
12/14/2024,74.3,1,0,58
12/15/2024,84.9,1,0,68
12/16/2024,78.6,0,0,60
12/17/2024,61.7,0,0,48
12/18/2024,75.6,0,0,56
12/19/2024,80.3,0,0,62
12/20/2024,77.3,0,0,55
12/21/2024,70.3,1,1,76
12/22/2024,72.3,1,0,63
12/23/2024,69.4,0,0,55
12/24/2024,61.7,0,1,58
12/25/2024,60.4,0,0,53
12/26/2024,78.9,0,1,66
12/27/2024,66.3,0,1,60
12/28/2024,80.8,1,1,78
12/29/2024,69,1,0,58
12/30/2024,61.9,0,0,51
12/31/2024,70.9,0,1,61
1/1/2025,95.9,0,0,69
1/2/2025,74,0,0,59
1/3/2025,81.5,0,0,66
1/4/2025,76.7,1,1,69
1/5/2025,60.9,1,0,51
1/6/2025,89.5,0,0,64
1/7/2025,72.5,0,0,54
1/8/2025,61.9,0,0,51
1/9/2025,69.9,0,0,57
1/10/2025,72.9,0,0,63
1/11/2025,82.5,1,0,65
1/12/2025,68.2,1,0,52
1/13/2025,101.2,0,0,70
1/14/2025,65.6,0,0,54
1/15/2025,81.1,0,1,66
1/16/2025,55.3,0,0,48
1/17/2025,73.8,0,1,65
1/18/2025,78.7,1,1,73
1/19/2025,63.8,1,0,59
1/20/2025,90,0,0,65
1/21/2025,79.3,0,1,69
1/22/2025,71.8,0,0,51
1/23/2025,79.2,0,1,65
1/24/2025,69.1,0,0,54
1/25/2025,87.5,1,1,74
1/26/2025,85.2,1,1,76
1/27/2025,78.7,0,1,66
1/28/2025,81.1,0,0,59
1/29/2025,60.2,0,0,53
1/30/2025,89.7,0,1,73
1/31/2025,74,0,1,62
2/1/2025,85.3,1,0,66
2/2/2025,82.5,1,0,69
2/3/2025,85.1,0,0,63
2/4/2025,64.5,0,0,56
2/5/2025,65.8,0,0,55
2/6/2025,97.5,0,0,68
2/7/2025,59.8,0,1,62
2/8/2025,64,1,0,62
2/9/2025,75.4,1,0,57
2/10/2025,75.4,0,1,66
2/11/2025,69.6,0,0,53
2/12/2025,81.2,0,0,60
2/13/2025,84,0,1,68
2/14/2025,74.8,0,1,63
2/15/2025,72.3,1,0,64
2/16/2025,74.8,1,1,67
2/17/2025,70,0,1,63
2/18/2025,58,0,1,53
2/19/2025,78,0,0,63
2/20/2025,82.7,0,0,61
2/21/2025,73.5,0,0,59
2/22/2025,52.3,1,0,52
2/23/2025,69.3,1,0,59
2/24/2025,84.1,0,0,62
2/25/2025,60.6,0,0,55
2/26/2025,82,0,0,58
2/27/2025,70.5,0,0,48
2/28/2025,74.8,0,1,63
3/1/2025,68.1,1,0,55
3/2/2025,63.6,1,0,60
3/3/2025,89.3,0,1,72
3/4/2025,83.2,0,0,64
3/5/2025,81.4,0,0,61
3/6/2025,84.1,0,0,62
3/7/2025,80,0,0,60
3/8/2025,84.4,1,0,72
3/9/2025,68.4,1,1,68
3/10/2025,88.8,0,0,68
3/11/2025,87.9,0,0,67
3/12/2025,78.8,0,0,59
3/13/2025,72.1,0,0,56
3/14/2025,62.8,0,0,50
3/15/2025,77.3,1,1,75
3/16/2025,91.8,1,0,68
3/17/2025,63.4,0,0,50
3/18/2025,85.2,0,1,70
3/19/2025,70.3,0,0,52
3/20/2025,71.1,0,0,54
3/21/2025,63.2,0,0,55
3/22/2025,67.5,1,1,69
3/23/2025,81.5,1,0,64
3/24/2025,82.7,0,1,72
3/25/2025,77.4,0,0,65
3/26/2025,70,0,0,56
3/27/2025,64,0,1,64
3/28/2025,75.6,0,0,60
3/29/2025,71.4,1,0,60
3/30/2025,77.1,1,0,64
3/31/2025,71.8,0,0,57
4/1/2025,72,0,0,54
4/2/2025,76.6,0,0,50
4/3/2025,78.5,0,0,57
4/4/2025,87.2,0,1,65
4/5/2025,71.6,1,0,59
4/6/2025,80.5,1,0,60
4/7/2025,93,0,0,69
4/8/2025,80.7,0,1,65
4/9/2025,86.6,0,0,65
4/10/2025,68.8,0,0,57
4/11/2025,67.8,0,1,64
4/12/2025,73.4,1,0,56
4/13/2025,74.5,1,0,66
4/14/2025,85.7,0,0,64
4/15/2025,67.7,0,0,56
4/16/2025,74.1,0,0,63
4/17/2025,85.7,0,1,73
4/18/2025,77.2,0,0,55
4/19/2025,74.9,1,0,64
4/20/2025,77.4,1,0,59
4/21/2025,63.7,0,0,52
4/22/2025,63.6,0,0,50
4/23/2025,59.1,0,1,58
4/24/2025,77.1,0,1,62
4/25/2025,84.2,0,0,58
4/26/2025,82.7,1,0,65
4/27/2025,86.4,1,0,68
4/28/2025,89.5,0,1,71
4/29/2025,76.4,0,0,63
4/30/2025,74.4,0,0,58
5/1/2025,89.8,0,0,66
5/2/2025,68,0,1,61
5/3/2025,63.2,1,0,52
5/4/2025,71.6,1,0,61
5/5/2025,70.4,0,1,69
5/6/2025,75.5,0,0,58
5/7/2025,66.5,0,0,57
5/8/2025,78.7,0,0,63
5/9/2025,69.3,0,0,56
5/10/2025,87.3,1,0,69
5/11/2025,63.1,1,0,54
5/12/2025,73.6,0,1,64
5/13/2025,71.7,0,1,63
5/14/2025,77.3,0,1,68
5/15/2025,84.3,0,1,66
5/16/2025,77.7,0,0,57
5/17/2025,73.7,1,0,63
5/18/2025,81.9,1,0,64
5/19/2025,83.4,0,0,59
5/20/2025,77.7,0,0,56
5/21/2025,78.9,0,1,67
5/22/2025,81.5,0,0,54
5/23/2025,58.6,0,0,47
5/24/2025,71.5,1,1,72
5/25/2025,78.8,1,1,73
5/26/2025,72.1,0,0,57
5/27/2025,72.1,0,0,51
5/28/2025,78.7,0,0,58
5/29/2025,79,0,1,67
5/30/2025,79.7,0,0,61
5/31/2025,67.1,1,1,70
6/1/2025,60.8,1,1,66
6/2/2025,83,0,1,68
6/3/2025,67.6,0,1,60
6/4/2025,66.9,0,0,58
6/5/2025,66,0,1,60
6/6/2025,86.5,0,1,68
6/7/2025,77.1,1,0,63
6/8/2025,78.4,1,0,68
6/9/2025,81.9,0,0,58
6/10/2025,74.6,0,1,64
6/11/2025,85.1,0,1,68
6/12/2025,63,0,1,62
6/13/2025,64.1,0,0,53
6/14/2025,63.6,1,0,60
6/15/2025,79.2,1,0,69
6/16/2025,80.1,0,0,56
6/17/2025,70.3,0,0,53
6/18/2025,72.7,0,0,55
6/19/2025,87.7,0,0,64
6/20/2025,68.1,0,0,56
6/21/2025,78,1,0,63
6/22/2025,68.1,1,0,57
6/23/2025,86,0,0,66
6/24/2025,81.3,0,1,70
6/25/2025,61,0,0,51
6/26/2025,72.4,0,1,58
6/27/2025,54.2,0,0,51
6/28/2025,84,1,0,68
6/29/2025,95.5,1,1,80
6/30/2025,53.2,0,0,44
7/1/2025,60.7,0,1,56
7/2/2025,76.7,0,0,56
7/3/2025,74.8,0,0,51
7/4/2025,70.9,0,1,61
7/5/2025,57.6,1,1,57
7/6/2025,78.2,1,0,64
7/7/2025,83.9,0,1,66
7/8/2025,103.5,0,0,74
7/9/2025,88.1,0,0,59
7/10/2025,62,0,1,63
7/11/2025,74.9,0,0,60
7/12/2025,80.9,1,0,62
7/13/2025,68.1,1,1,67
7/14/2025,82.8,0,1,67
7/15/2025,82,0,0,63
7/16/2025,87.4,0,1,77
7/17/2025,83,0,1,73
7/18/2025,77.9,0,0,57
7/19/2025,68.6,1,1,68
7/20/2025,62.1,1,0,61
7/21/2025,77.2,0,0,60
7/22/2025,71,0,1,67
7/23/2025,71.9,0,1,66
7/24/2025,86.2,0,0,63
7/25/2025,88.7,0,0,64
7/26/2025,62.6,1,0,53
7/27/2025,72.9,1,0,59
7/28/2025,70.7,0,1,61
7/29/2025,78.1,0,1,66
7/30/2025,52.3,0,1,54
7/31/2025,60.4,0,0,50
8/1/2025,73.8,0,0,58
8/2/2025,82.9,1,1,76
8/3/2025,75.8,1,0,62
8/4/2025,81.7,0,0,63
8/5/2025,77,0,1,70
8/6/2025,87.8,0,1,73
8/7/2025,89.9,0,0,63
8/8/2025,67.4,0,0,57
8/9/2025,83.8,1,0,68
8/10/2025,80.1,1,0,67
8/11/2025,100,0,0,75
8/12/2025,67,0,1,64
8/13/2025,73.8,0,1,70
8/14/2025,64.7,0,0,52
8/15/2025,65.3,0,0,51
8/16/2025,78.9,1,1,76
8/17/2025,77.1,1,1,69
8/18/2025,80.4,0,1,74
8/19/2025,80.2,0,1,72
8/20/2025,72.6,0,0,57
8/21/2025,72.6,0,1,68
8/22/2025,65.3,0,0,55
8/23/2025,68,1,1,63
8/24/2025,74.4,1,1,68
8/25/2025,77,0,0,59
8/26/2025,82.1,0,0,62
8/27/2025,81.1,0,0,64
8/28/2025,90.6,0,0,66
8/29/2025,65.3,0,1,57
8/30/2025,72.7,1,0,60
8/31/2025,66.1,1,0,60
9/1/2025,87.8,0,1,66
9/2/2025,70,0,0,51
9/3/2025,86.6,0,1,70
9/4/2025,89.5,0,0,68
9/5/2025,79.1,0,0,59
9/6/2025,77.9,1,1,73
9/7/2025,75.4,1,0,63
9/8/2025,71.8,0,0,55
9/9/2025,70.6,0,0,53
9/10/2025,73.5,0,1,67
9/11/2025,93.2,0,0,63
9/12/2025,64.6,0,0,52
9/13/2025,77,1,1,75
9/14/2025,82.1,1,1,72
9/15/2025,72.2,0,1,59
9/16/2025,79.2,0,0,53
9/17/2025,60,0,0,52
9/18/2025,88.3,0,1,74
9/19/2025,86.3,0,0,62
9/20/2025,74,1,0,58
9/21/2025,66.2,1,1,66
9/22/2025,82.9,0,1,73
9/23/2025,63.5,0,0,48
9/24/2025,65,0,0,56
9/25/2025,74.5,0,0,52
9/26/2025,90.2,0,1,70
9/27/2025,81.4,1,1,74
9/28/2025,68.5,1,0,62
9/29/2025,58.2,0,0,54
9/30/2025,75.4,0,0,61
10/1/2025,77.5,0,1,71
10/2/2025,74.3,0,1,66
10/3/2025,93.1,0,0,65
10/4/2025,73.7,1,1,73
10/5/2025,52.2,1,0,55
10/6/2025,70.9,0,0,58
10/7/2025,79.5,0,0,62
10/8/2025,78.9,0,1,72
10/9/2025,73.2,0,0,58
10/10/2025,71.6,0,0,56
10/11/2025,55,1,0,55
10/12/2025,75.9,1,0,64
10/13/2025,71.6,0,0,58
10/14/2025,77.5,0,0,58
10/15/2025,79.9,0,1,71
10/16/2025,87.4,0,0,66
10/17/2025,65.4,0,0,53
10/18/2025,62.1,1,0,54
10/19/2025,69.3,1,1,71
10/20/2025,67.6,0,0,50
10/21/2025,66.7,0,0,50
10/22/2025,89.4,0,1,73
10/23/2025,76.5,0,1,59
10/24/2025,94.7,0,1,80
10/25/2025,75,1,0,63
10/26/2025,63.3,1,0,61
10/27/2025,66.9,0,1,67
10/28/2025,85.2,0,1,70
10/29/2025,63.7,0,1,64
10/30/2025,80.6,0,0,57
10/31/2025,71.4,0,1,65
11/1/2025,65.7,1,1,64
11/2/2025,88.9,1,0,72
11/3/2025,69.1,0,0,57
11/4/2025,66.7,0,1,61
11/5/2025,74.2,0,0,59
11/6/2025,69.9,0,0,58
11/7/2025,97.1,0,0,69
11/8/2025,85.6,1,1,83
11/9/2025,69.1,1,1,67
11/10/2025,70.2,0,0,60
11/11/2025,54.8,0,1,59
11/12/2025,76.4,0,0,53
11/13/2025,67.5,0,1,66
11/14/2025,75.9,0,0,61
11/15/2025,55.3,1,1,61
11/16/2025,74.7,1,0,63
11/17/2025,92,0,0,67
11/18/2025,75.5,0,0,62
11/19/2025,67.3,0,0,52
11/20/2025,74.8,0,1,70
11/21/2025,74.4,0,0,54
11/22/2025,96.9,1,0,68
11/23/2025,71.7,1,1,71
11/24/2025,63,0,0,55
11/25/2025,75.2,0,1,65
11/26/2025,77,0,1,60
11/27/2025,80.6,0,0,56
11/28/2025,82.6,0,0,63
11/29/2025,94.6,1,0,72
11/30/2025,69,1,1,71
12/1/2025,68.1,0,0,54
12/2/2025,56.5,0,0,46
12/3/2025,81.6,0,1,70
12/4/2025,66.1,0,0,56
12/5/2025,83.9,0,0,66
12/6/2025,70.1,1,1,68
12/7/2025,92.3,1,1,79
12/8/2025,60.7,0,0,53
12/9/2025,85.2,0,0,60
12/10/2025,84,0,0,64
12/11/2025,80.3,0,0,59
12/12/2025,63.8,0,0,52
12/13/2025,80.3,1,1,73
12/14/2025,76.3,1,1,72
12/15/2025,56.7,0,0,54
12/16/2025,90.6,0,1,72
12/17/2025,71.5,0,0,54
12/18/2025,89.8,0,0,69
12/19/2025,74.3,0,0,58
12/20/2025,84.8,1,0,70
12/21/2025,66.4,1,0,55
12/22/2025,77.1,0,1,67
12/23/2025,76.4,0,0,61
12/24/2025,71.8,0,0,54
12/25/2025,66.3,0,0,55
12/26/2025,44.3,0,1,50
12/27/2025,66.5,1,0,56
12/28/2025,82,1,0,69
12/29/2025,61,0,0,54
12/30/2025,63.1,0,0,52
12/31/2025,60.7,0,0,52
1/1/2026,77.1,0,0,63
1/2/2026,66.1,0,1,60
1/3/2026,87.2,1,1,78
1/4/2026,82.3,1,0,65
1/5/2026,77,0,0,55
1/6/2026,78,0,0,58
1/7/2026,67.4,0,1,58
1/8/2026,67.4,0,0,55
1/9/2026,82.1,0,0,59
1/10/2026,84.1,1,0,63
1/11/2026,82,1,0,68
1/12/2026,70.3,0,0,57
1/13/2026,71.1,0,0,55
1/14/2026,65.7,0,0,55
1/15/2026,82.7,0,0,59
1/16/2026,55.4,0,0,47
1/17/2026,53,1,0,53
1/18/2026,55,1,0,56
1/19/2026,53.6,0,0,46
1/20/2026,88.6,0,0,63
1/21/2026,82.9,0,0,64
1/22/2026,63,0,1,61
1/23/2026,73.9,0,0,57
1/24/2026,89.7,1,1,81
1/25/2026,80,1,1,79
1/26/2026,96.1,0,0,69
1/27/2026,73.9,0,1,63
1/28/2026,68.4,0,0,56
1/29/2026,64.2,0,0,50
1/30/2026,75.2,0,1,69
1/31/2026,84.4,1,0,65
2/1/2026,76,1,1,70
2/2/2026,71.4,0,0,53
2/3/2026,87.6,0,1,72
2/4/2026,80.3,0,0,61
2/5/2026,73.9,0,0,59
2/6/2026,67.3,0,0,54
2/7/2026,72.5,1,1,69
2/8/2026,79.7,1,0,63
2/9/2026,67.2,0,0,53
2/10/2026,62.7,0,0,47
2/11/2026,70.2,0,0,59
2/12/2026,74.5,0,0,57
2/13/2026,88.6,0,0,69
2/14/2026,63.4,1,0,56
2/15/2026,77.3,1,1,66
2/16/2026,72.2,0,0,55
2/17/2026,72.7,0,0,56
2/18/2026,90.4,0,0,65
2/19/2026,75.8,0,1,68
2/20/2026,65.9,0,0,53
2/21/2026,83.9,1,0,66
2/22/2026,83.2,1,0,64
2/23/2026,65,0,1,59
2/24/2026,63.1,0,1,61
2/25/2026,79.1,0,1,70
2/26/2026,74.7,0,0,55
2/27/2026,70.3,0,1,66
2/28/2026,85.6,1,0,70
3/1/2026,69.1,1,0,57
3/2/2026,79.2,0,0,60
3/3/2026,86.7,0,0,64
3/4/2026,71.6,0,0,53
3/5/2026,56.7,0,1,52
3/6/2026,71,0,1,65
3/7/2026,76.9,1,0,62
3/8/2026,85,1,0,72
3/9/2026,69.8,0,1,68
3/10/2026,92.2,0,0,68
3/11/2026,62,0,1,62
3/12/2026,76.6,0,1,63
3/13/2026,72.6,0,0,52
3/14/2026,88.5,1,0,69
3/15/2026,60.3,1,0,51
3/16/2026,79.3,0,1,69
3/17/2026,72.6,0,1,62
3/18/2026,90.3,0,0,66
3/19/2026,66.7,0,0,53
3/20/2026,79.2,0,0,62
3/21/2026,66.6,1,1,67
3/22/2026,76.9,1,0,62
3/23/2026,71.3,0,0,52
3/24/2026,71.1,0,1,64
3/25/2026,55.1,0,1,50
3/26/2026,79.1,0,0,63
3/27/2026,64.2,0,0,54
3/28/2026,63.8,1,1,67
3/29/2026,59.4,1,0,52
3/30/2026,64.4,0,0,53
3/31/2026,80,0,0,58
4/1/2026,79.5,0,1,68
4/2/2026,81.6,0,1,66
4/3/2026,64.7,0,1,60
4/4/2026,77.1,1,0,59
4/5/2026,68.8,1,0,59
4/6/2026,84.5,0,0,57
4/7/2026,79.3,0,0,65
4/8/2026,68.4,0,0,55
4/9/2026,85.4,0,1,71
4/10/2026,80.1,0,0,62
4/11/2026,61.1,1,0,52
4/12/2026,58.3,1,0,52
4/13/2026,61.5,0,0,52
4/14/2026,91.5,0,0,66
4/15/2026,64.8,0,0,50
4/16/2026,93.8,0,0,69
4/17/2026,64.3,0,0,53
4/18/2026,63.3,1,0,58
4/19/2026,83.8,1,0,68
4/20/2026,84.3,0,0,60
4/21/2026,80.6,0,0,60
4/22/2026,81.8,0,0,55
4/23/2026,67,0,1,60
4/24/2026,83.3,0,0,61
4/25/2026,77.4,1,0,66
4/26/2026,71.3,1,0,62
4/27/2026,75.9,0,0,56
4/28/2026,85.6,0,0,60
4/29/2026,78.9,0,0,63
4/30/2026,53.4,0,0,46
5/1/2026,83.9,0,1,70
5/2/2026,83.1,1,1,77
5/3/2026,71.2,1,1,68
5/4/2026,76.2,0,0,58
5/5/2026,76.1,0,0,57
5/6/2026,55.2,0,0,46
5/7/2026,71,0,0,56
5/8/2026,71.4,0,0,50
5/9/2026,73.4,1,0,61
5/10/2026,69.7,1,0,61
5/11/2026,81.6,0,0,62
5/12/2026,66.9,0,0,58
5/13/2026,84.1,0,1,73
5/14/2026,81.2,0,1,70
5/15/2026,88.6,0,0,64
5/16/2026,92.3,1,0,70
5/17/2026,92.4,1,1,81
5/18/2026,63.1,0,1,61
5/19/2026,78.4,0,0,58
5/20/2026,67.8,0,0,51
5/21/2026,107.8,0,1,82
5/22/2026,81.1,0,0,64
5/23/2026,89.2,1,1,78
5/24/2026,79.4,1,1,73
5/25/2026,48.6,0,1,54
5/26/2026,67.2,0,0,55
5/27/2026,68.1,0,0,55
5/28/2026,71.1,0,0,55
5/29/2026,78.6,0,0,58
5/30/2026,80,1,0,68
5/31/2026,48.7,1,1,56
6/1/2026,72.6,0,0,61
6/2/2026,70.1,0,0,56
6/3/2026,88.8,0,0,65
6/4/2026,80.9,0,0,63
6/5/2026,73.2,0,1,63
6/6/2026,77.2,1,1,73
6/7/2026,58.1,1,1,62
6/8/2026,81.6,0,0,62
6/9/2026,71,0,0,53
6/10/2026,66.9,0,1,59
6/11/2026,88.1,0,0,59
6/12/2026,77.7,0,0,57
6/13/2026,68.3,1,1,66
6/14/2026,69,1,0,57
6/15/2026,78.7,0,0,59
6/16/2026,77.9,0,0,59
6/17/2026,75.3,0,1,67
6/18/2026,63,0,0,53
6/19/2026,64.4,0,0,54
6/20/2026,67.5,1,0,61
6/21/2026,73,1,0,62
6/22/2026,74.6,0,0,57
6/23/2026,73.4,0,0,59
6/24/2026,73.9,0,0,59
6/25/2026,93.8,0,0,62
6/26/2026,83.5,0,0,61
6/27/2026,86.9,1,0,63
6/28/2026,79.6,1,0,59
6/29/2026,75.7,0,1,64
6/30/2026,79.1,0,0,59
7/1/2026,77.3,0,0,57
7/2/2026,83.1,0,0,56
7/3/2026,65.2,0,0,55
7/4/2026,82.2,1,1,72
7/5/2026,76.7,1,1,73
7/6/2026,56.9,0,0,46
7/7/2026,75.9,0,0,56
7/8/2026,61.9,0,0,52
7/9/2026,69.7,0,0,54
7/10/2026,73.4,0,1,65
7/11/2026,59.9,1,0,56
7/12/2026,74.5,1,0,58
7/13/2026,75.7,0,1,67
7/14/2026,82.6,0,1,66
7/15/2026,70.5,0,1,60
7/16/2026,77.7,0,0,57
7/17/2026,74,0,0,59
7/18/2026,70.8,1,0,56
7/19/2026,58.3,1,0,56
7/20/2026,73.9,0,0,58
7/21/2026,82.4,0,1,69
7/22/2026,65.7,0,0,54
7/23/2026,72.8,0,0,56
7/24/2026,74.3,0,1,67
7/25/2026,86,1,0,67
7/26/2026,75.3,1,0,58
7/27/2026,77.9,0,0,59
7/28/2026,74.9,0,1,68
7/29/2026,70.1,0,1,65
7/30/2026,63.7,0,1,65
7/31/2026,72.1,0,1,63
8/1/2026,78.9,1,0,64
8/2/2026,76.2,1,0,62
8/3/2026,89.8,0,1,71
8/4/2026,84.5,0,1,69
8/5/2026,87.4,0,0,61
8/6/2026,54.7,0,0,40
8/7/2026,90.8,0,0,64
8/8/2026,77.7,1,1,72
8/9/2026,79.1,1,0,66
8/10/2026,84,0,1,68
8/11/2026,75.2,0,1,64
8/12/2026,64.3,0,1,63
8/13/2026,89.5,0,0,61
8/14/2026,67.3,0,1,61
8/15/2026,65.1,1,0,60
8/16/2026,72.7,1,0,59
8/17/2026,71.1,0,0,51
8/18/2026,75,0,0,63
8/19/2026,74,0,0,59
8/20/2026,88.5,0,0,67
8/21/2026,79.6,0,1,68
8/22/2026,66.4,1,0,60
8/23/2026,67.8,1,1,59
8/24/2026,71.1,0,0,54
8/25/2026,71.2,0,0,58
8/26/2026,69.9,0,0,51
8/27/2026,64,0,0,51
8/28/2026,77.9,0,0,60
8/29/2026,70.4,1,0,58
8/30/2026,65.5,1,0,58
8/31/2026,79.9,0,0,61
9/1/2026,83.5,0,0,63
9/2/2026,72.5,0,0,55
9/3/2026,92.8,0,1,72
9/4/2026,97.2,0,0,70
9/5/2026,80,1,0,66
9/6/2026,70.3,1,0,61
9/7/2026,77.7,0,1,67
9/8/2026,62.8,0,0,52
9/9/2026,66.3,0,0,56
9/10/2026,58.2,0,0,50
9/11/2026,68.7,0,0,55
9/12/2026,62.7,1,0,55
9/13/2026,81.2,1,0,70
9/14/2026,67.5,0,1,58
9/15/2026,77.8,0,0,58
9/16/2026,82.5,0,0,60
9/17/2026,86.7,0,0,58
9/18/2026,71.5,0,1,65
9/19/2026,78.1,1,0,63
9/20/2026,78.4,1,0,64
9/21/2026,87.7,0,0,63
9/22/2026,82.8,0,0,64
9/23/2026,88,0,1,75
9/24/2026,58.4,0,0,46
9/25/2026,68.4,0,0,59
9/26/2026,85.3,1,0,67
9/27/2026,80.8,1,1,75
9/28/2026,73.7,0,0,57
9/29/2026,70.3,0,0,55
9/30/2026,82.9,0,0,63
10/1/2026,55.2,0,0,52
10/2/2026,82.9,0,0,64
10/3/2026,75.9,1,0,62
10/4/2026,70.1,1,0,60
10/5/2026,80,0,0,58
10/6/2026,71.1,0,1,66
10/7/2026,75.3,0,0,59
10/8/2026,74.5,0,1,64
10/9/2026,82.4,0,0,65
10/10/2026,76.6,1,0,67
10/11/2026,55.9,1,0,58
10/12/2026,61.1,0,0,48
10/13/2026,64.2,0,0,52
10/14/2026,79.6,0,0,59
10/15/2026,80.6,0,1,76
10/16/2026,91.7,0,0,66
10/17/2026,64.9,1,0,61
10/18/2026,88.1,1,1,80
10/19/2026,55.6,0,0,48
10/20/2026,75.2,0,1,66
10/21/2026,77.5,0,0,60
10/22/2026,77.4,0,0,62
10/23/2026,71.9,0,1,63
10/24/2026,76.2,1,0,62
10/25/2026,62.6,1,0,59
10/26/2026,83.7,0,1,66
10/27/2026,77.5,0,1,68
10/28/2026,78.6,0,1,70
10/29/2026,72.2,0,0,57
10/30/2026,71.7,0,1,62
10/31/2026,80.2,1,0,62
11/1/2026,90.9,1,1,82
11/2/2026,61.1,0,0,50
11/3/2026,60.6,0,0,48
11/4/2026,77.7,0,1,70
11/5/2026,71.7,0,1,66
11/6/2026,76.2,0,1,63
11/7/2026,74.8,1,0,70
11/8/2026,81.2,1,0,64
11/9/2026,72.1,0,1,66
11/10/2026,62.9,0,0,57
11/11/2026,67.1,0,1,64
11/12/2026,73.4,0,1,65
11/13/2026,62.5,0,1,55
11/14/2026,74.6,1,0,68
11/15/2026,75.6,1,1,73
11/16/2026,71.4,0,0,51
11/17/2026,77.1,0,1,71
11/18/2026,58.9,0,0,50
11/19/2026,65.5,0,0,52
11/20/2026,63.6,0,0,50
11/21/2026,83.8,1,1,75
11/22/2026,98.1,1,1,84
11/23/2026,66.2,0,0,52
11/24/2026,72.6,0,1,65
11/25/2026,68.1,0,1,72
11/26/2026,77.2,0,0,60
11/27/2026,68.9,0,0,57
11/28/2026,77.8,1,0,61
11/29/2026,81.7,1,1,70
11/30/2026,62.8,0,1,64
12/1/2026,77.7,0,0,62
12/2/2026,57.1,0,0,54
12/3/2026,72.4,0,0,56
12/4/2026,71.8,0,0,60
12/5/2026,72.7,1,0,54
12/6/2026,71.9,1,0,63
12/7/2026,70.1,0,0,58
12/8/2026,72.3,0,0,54
12/9/2026,77.4,0,0,62
12/10/2026,77.7,0,0,58
12/11/2026,76.2,0,0,58
12/12/2026,69.3,1,1,67
12/13/2026,85.8,1,0,73
12/14/2026,90.3,0,0,64
12/15/2026,62.1,0,0,49
12/16/2026,76.6,0,0,56
12/17/2026,70.3,0,0,54
12/18/2026,84.3,0,0,63
12/19/2026,74.9,1,0,64
12/20/2026,75.5,1,0,60
12/21/2026,79.9,0,0,61
12/22/2026,72,0,1,66
12/23/2026,91.8,0,0,63
12/24/2026,80.1,0,1,68
12/25/2026,84.3,0,0,62
12/26/2026,72.8,1,0,62
12/27/2026,73.8,1,0,60
12/28/2026,83.1,0,0,61
12/29/2026,82.1,0,0,61
12/30/2026,62.5,0,0,57
12/31/2026,76.3,0,1,66
1/1/2027,79.7,0,1,72
1/2/2027,73.7,1,0,66
1/3/2027,78.8,1,0,60
1/4/2027,74.1,0,0,56
1/5/2027,52.5,0,0,50
1/6/2027,61.9,0,0,51
1/7/2027,84.7,0,0,62
1/8/2027,72.6,0,1,67
1/9/2027,76.9,1,0,67
1/10/2027,75,1,0,62
1/11/2027,66.7,0,1,61
1/12/2027,70.3,0,0,48
1/13/2027,78.3,0,1,67
1/14/2027,79.3,0,1,67
1/15/2027,96.9,0,0,65
1/16/2027,70.2,1,0,59
1/17/2027,91.7,1,1,78
1/18/2027,66.4,0,0,54
1/19/2027,79.9,0,0,59
1/20/2027,76.8,0,0,60
1/21/2027,73.7,0,0,57
1/22/2027,74.9,0,0,61
1/23/2027,68.8,1,0,58
1/24/2027,84,1,0,72
1/25/2027,66.6,0,0,57
1/26/2027,78.2,0,0,64
1/27/2027,82.6,0,0,62
1/28/2027,88.8,0,0,64
1/29/2027,84.7,0,0,61
1/30/2027,80.7,1,1,79
1/31/2027,68.6,1,0,63
2/1/2027,67.1,0,0,51
2/2/2027,63.6,0,0,55
2/3/2027,62.7,0,0,49
2/4/2027,75,0,1,66
2/5/2027,67.7,0,0,56
2/6/2027,87,1,0,73
2/7/2027,69.2,1,1,68
2/8/2027,75.9,0,1,66
2/9/2027,72.4,0,0,56
2/10/2027,61,0,1,62
2/11/2027,85.9,0,1,73
2/12/2027,82,0,1,69
2/13/2027,83.1,1,0,61
2/14/2027,80.9,1,1,66
2/15/2027,67.4,0,0,54
2/16/2027,67.6,0,0,50
2/17/2027,79.5,0,0,58
2/18/2027,90.4,0,0,65
2/19/2027,78.9,0,0,66
2/20/2027,84.8,1,0,68
2/21/2027,69.7,1,0,62
2/22/2027,86,0,0,65
2/23/2027,70.8,0,1,56
2/24/2027,77.4,0,1,66
2/25/2027,71.3,0,0,52
2/26/2027,83.9,0,1,75
2/27/2027,84,1,0,62
2/28/2027,60.2,1,0,54
3/1/2027,88.3,0,0,63
3/2/2027,98.8,0,0,66
3/3/2027,71.4,0,0,56
3/4/2027,73.7,0,0,57
3/5/2027,87.4,0,0,64
3/6/2027,75.7,1,0,64
3/7/2027,75,1,0,63
3/8/2027,94,0,1,76
3/9/2027,61.5,0,0,54
3/10/2027,67.1,0,0,49
3/11/2027,79.2,0,1,70
3/12/2027,58.8,0,1,54
3/13/2027,71.3,1,1,67
3/14/2027,71.2,1,0,61
3/15/2027,84.6,0,1,72
3/16/2027,81.9,0,0,63
3/17/2027,58.2,0,1,54
3/18/2027,68.1,0,1,67
3/19/2027,68.1,0,0,53
3/20/2027,72.8,1,0,59
3/21/2027,64,1,0,53
3/22/2027,79.5,0,0,56
3/23/2027,68.1,0,0,50
3/24/2027,80.9,0,0,61
3/25/2027,75,0,0,59
3/26/2027,65.3,0,1,58
3/27/2027,88.9,1,0,66
3/28/2027,89.2,1,1,77
3/29/2027,77.9,0,1,67
3/30/2027,72.6,0,1,65
3/31/2027,64.4,0,1,57
4/1/2027,85.7,0,0,62
4/2/2027,83.2,0,0,66
4/3/2027,66.9,1,1,63
4/4/2027,68.1,1,0,59
4/5/2027,79.6,0,0,61
4/6/2027,63.2,0,1,57
4/7/2027,68.7,0,1,64
4/8/2027,64.6,0,0,48
4/9/2027,64.9,0,0,54
4/10/2027,67.8,1,0,59
4/11/2027,84.1,1,0,63
4/12/2027,57.5,0,1,59
4/13/2027,79.3,0,1,65
4/14/2027,77.6,0,0,58
4/15/2027,84.7,0,0,64
4/16/2027,77.6,0,1,64
4/17/2027,71.2,1,0,59
4/18/2027,66.8,1,0,62
4/19/2027,84.9,0,0,56
4/20/2027,80,0,1,72
4/21/2027,70.1,0,1,59
4/22/2027,84.1,0,0,60
4/23/2027,70.5,0,1,64
4/24/2027,75,1,1,72
4/25/2027,69,1,0,60
4/26/2027,80.3,0,0,60
4/27/2027,65.1,0,1,59
4/28/2027,72,0,0,61
4/29/2027,68.5,0,0,57
4/30/2027,77.6,0,0,62
5/1/2027,78.9,1,0,63
5/2/2027,64,1,0,50
5/3/2027,79.1,0,0,63
5/4/2027,60.2,0,0,51
5/5/2027,96.9,0,0,69
5/6/2027,69.9,0,1,61
5/7/2027,85.5,0,0,62
5/8/2027,77,1,1,70
5/9/2027,77.4,1,0,64
5/10/2027,63.3,0,0,48
5/11/2027,83.4,0,0,64
5/12/2027,75.5,0,0,64
5/13/2027,79.7,0,0,58
5/14/2027,74.1,0,0,52
5/15/2027,76.3,1,0,63
5/16/2027,66.1,1,1,67
5/17/2027,73.5,0,0,58
5/18/2027,70.8,0,1,68
5/19/2027,67.9,0,1,64
5/20/2027,76.3,0,1,61
5/21/2027,78.6,0,0,56
5/22/2027,77.5,1,0,65
5/23/2027,74,1,1,69
5/24/2027,79.1,0,0,64
5/25/2027,77.4,0,0,56
5/26/2027,76,0,1,69
5/27/2027,76.7,0,0,56
5/28/2027,86.8,0,0,64
5/29/2027,62.9,1,0,54
5/30/2027,71.8,1,1,71
5/31/2027,78.4,0,1,70
6/1/2027,59.2,0,1,58
6/2/2027,88.8,0,1,78
6/3/2027,77.5,0,0,57
6/4/2027,84.6,0,0,63
6/5/2027,86.2,1,0,71
6/6/2027,79.1,1,0,62
6/7/2027,52.7,0,0,47
6/8/2027,76.5,0,0,60
6/9/2027,77.1,0,0,61
6/10/2027,64.1,0,0,55
6/11/2027,57.1,0,0,46
6/12/2027,79.6,1,1,74
6/13/2027,62.5,1,0,52
6/14/2027,95.6,0,0,66
6/15/2027,77.6,0,0,58
6/16/2027,88.5,0,1,76
6/17/2027,75.3,0,0,59
6/18/2027,82.5,0,0,61
6/19/2027,75.5,1,0,64
6/20/2027,85.1,1,0,69
6/21/2027,54.6,0,0,48
6/22/2027,83.9,0,0,60
6/23/2027,81.7,0,0,58
6/24/2027,73.5,0,1,64
6/25/2027,70.9,0,0,53
6/26/2027,72,1,1,71
6/27/2027,77.8,1,0,68
6/28/2027,87.1,0,0,65
6/29/2027,69.7,0,0,49
6/30/2027,58,0,1,55
7/1/2027,99.8,0,0,70
7/2/2027,81.7,0,0,57
7/3/2027,71.1,1,0,61
7/4/2027,86.9,1,0,70
7/5/2027,84.3,0,0,66
7/6/2027,79.9,0,0,65
7/7/2027,70.2,0,1,60
7/8/2027,81.7,0,1,69
7/9/2027,85.9,0,0,63
7/10/2027,57.8,1,0,52
7/11/2027,77.2,1,0,64
7/12/2027,78,0,1,67
7/13/2027,77.7,0,0,61
7/14/2027,75.5,0,0,62
7/15/2027,86.9,0,1,72
7/16/2027,72.9,0,0,55
7/17/2027,75,1,0,59
7/18/2027,78.2,1,1,78
7/19/2027,73.2,0,0,59
7/20/2027,61.1,0,0,52
7/21/2027,77.1,0,0,58
7/22/2027,77.3,0,1,71
7/23/2027,71.3,0,0,55
7/24/2027,73.7,1,0,57
7/25/2027,43.2,1,0,47
7/26/2027,87.1,0,0,60
7/27/2027,84,0,1,71
7/28/2027,61.6,0,0,55
7/29/2027,68.2,0,1,57
7/30/2027,89.5,0,0,62
7/31/2027,63.5,1,0,59
8/1/2027,79.8,1,0,63
8/2/2027,70.1,0,1,64
8/3/2027,79.1,0,0,61
8/4/2027,75.5,0,1,68
8/5/2027,72.2,0,1,62
8/6/2027,78.9,0,1,60
8/7/2027,70.1,1,1,69
8/8/2027,57.2,1,0,49
8/9/2027,65.7,0,0,56
8/10/2027,64.5,0,0,52
8/11/2027,59,0,0,49
8/12/2027,78.7,0,0,61
8/13/2027,73.3,0,0,51
8/14/2027,78.5,1,0,64
8/15/2027,80.2,1,0,66
8/16/2027,82.6,0,0,62
8/17/2027,79.1,0,0,58
8/18/2027,65.2,0,0,51
8/19/2027,80.8,0,1,73
8/20/2027,77.2,0,0,61
8/21/2027,96.9,1,1,79
8/22/2027,75.1,1,1,75
8/23/2027,78.8,0,1,70
8/24/2027,74.1,0,0,59
8/25/2027,75.5,0,1,67
8/26/2027,74.8,0,0,54
8/27/2027,70.7,0,0,60
8/28/2027,76.8,1,0,66
8/29/2027,81.2,1,0,66
8/30/2027,70.8,0,1,64
8/31/2027,83.4,0,0,61
9/1/2027,82.1,0,0,59
9/2/2027,66.2,0,0,55
9/3/2027,65.4,0,0,50
9/4/2027,79.5,1,0,65
9/5/2027,69.1,1,0,60
9/6/2027,64.5,0,0,53
9/7/2027,92.2,0,0,69
9/8/2027,65.3,0,0,54
9/9/2027,59.8,0,0,52
9/10/2027,67.2,0,0,48
9/11/2027,77.3,1,0,65
9/12/2027,75.7,1,0,63
9/13/2027,93.9,0,0,68
9/14/2027,67.3,0,1,60
9/15/2027,77.4,0,0,62
9/16/2027,86.3,0,0,64
9/17/2027,68.4,0,1,60
9/18/2027,82,1,0,64
9/19/2027,56.7,1,0,56
9/20/2027,92.6,0,1,74
9/21/2027,84.9,0,0,62
9/22/2027,68.2,0,0,54
9/23/2027,83.3,0,0,65
9/24/2027,88.1,0,0,65
9/25/2027,62.1,1,0,52
9/26/2027,69,1,0,57
9/27/2027,88.5,0,1,72
9/28/2027,75.7,0,0,56
9/29/2027,79.4,0,0,53
9/30/2027,75.7,0,0,56
10/1/2027,83.9,0,0,61
10/2/2027,80.1,1,0,64
10/3/2027,76.1,1,0,65
10/4/2027,54,0,0,40
10/5/2027,81.4,0,0,58
10/6/2027,82.3,0,0,64
10/7/2027,62.6,0,0,49
10/8/2027,63.3,0,1,56
10/9/2027,80.2,1,0,63
10/10/2027,76.9,1,0,65
10/11/2027,55.3,0,1,55
10/12/2027,66.8,0,1,59
10/13/2027,78.1,0,0,60
10/14/2027,81.8,0,0,62
10/15/2027,69.2,0,1,59
10/16/2027,73.5,1,0,62
10/17/2027,66.2,1,0,54
10/18/2027,88.2,0,0,68
10/19/2027,76.7,0,1,70
10/20/2027,68.3,0,1,61
10/21/2027,63.4,0,1,63
10/22/2027,62.3,0,0,49
10/23/2027,93.1,1,0,71
10/24/2027,73.3,1,0,60
10/25/2027,71,0,1,63
10/26/2027,72.9,0,1,65
10/27/2027,68.7,0,1,62
10/28/2027,73.9,0,0,57
10/29/2027,75.3,0,0,58
10/30/2027,75.2,1,0,66
10/31/2027,62.4,1,0,50
11/1/2027,83.9,0,0,68
11/2/2027,69.5,0,0,54
11/3/2027,68.4,0,1,62
11/4/2027,68,0,1,66
11/5/2027,64.5,0,0,54
11/6/2027,77.7,1,0,65
11/7/2027,83.9,1,0,71
11/8/2027,67.8,0,0,53
11/9/2027,56.6,0,0,51
11/10/2027,64.7,0,1,57
11/11/2027,70.5,0,0,57
11/12/2027,62.7,0,0,53
11/13/2027,69,1,0,63
11/14/2027,69.5,1,1,70
11/15/2027,74.8,0,1,66
11/16/2027,60.5,0,1,57
11/17/2027,80.8,0,0,59
11/18/2027,91.6,0,0,65
11/19/2027,89.3,0,1,69
11/20/2027,69.2,1,0,65
11/21/2027,81.7,1,0,69
11/22/2027,80.5,0,0,61
11/23/2027,74.6,0,0,60
11/24/2027,76.8,0,0,61
11/25/2027,81.8,0,1,66
11/26/2027,83.8,0,0,64
11/27/2027,66.9,1,1,70
11/28/2027,82.5,1,1,72
11/29/2027,91.7,0,0,61
11/30/2027,83.8,0,0,58
12/1/2027,90.4,0,0,65
12/2/2027,49.2,0,1,49
12/3/2027,81,0,0,60
12/4/2027,77.6,1,1,70
12/5/2027,85.3,1,0,68
12/6/2027,63.7,0,1,58
12/7/2027,69.9,0,1,63
12/8/2027,84,0,0,64
12/9/2027,64.4,0,0,49
12/10/2027,77.4,0,0,60
12/11/2027,74.8,1,0,60
12/12/2027,73,1,1,69
12/13/2027,80.7,0,1,68
12/14/2027,63.8,0,1,61
12/15/2027,67.2,0,0,54
12/16/2027,73.6,0,0,61
12/17/2027,63,0,0,51
12/18/2027,87.3,1,0,67
12/19/2027,67,1,0,61
12/20/2027,82.9,0,1,70
12/21/2027,66.2,0,1,64
12/22/2027,82,0,1,69
12/23/2027,58.9,0,0,46
12/24/2027,89.1,0,0,71
12/25/2027,86.4,1,1,74
12/26/2027,69.5,1,0,56
12/27/2027,66.7,0,1,64
12/28/2027,79.6,0,0,57
12/29/2027,59.7,0,1,57
12/30/2027,75.3,0,1,66
12/31/2027,66.9,0,0,53
1/1/2028,72.5,1,1,68
1/2/2028,68.6,1,0,64
1/3/2028,67,0,0,53
1/4/2028,92,0,1,71
1/5/2028,82.8,0,1,72
1/6/2028,60.2,0,1,56
1/7/2028,66.2,0,0,53
1/8/2028,83.6,1,0,64
1/9/2028,84.7,1,1,76
1/10/2028,61.1,0,0,51
1/11/2028,82,0,1,69
1/12/2028,77.7,0,0,59
1/13/2028,55.6,0,1,58
1/14/2028,71,0,1,66
1/15/2028,73.6,1,1,67
1/16/2028,75.5,1,1,69
1/17/2028,61.8,0,0,54
1/18/2028,67.4,0,0,51
1/19/2028,68.8,0,0,56
1/20/2028,69.6,0,0,57
1/21/2028,69.8,0,0,50
1/22/2028,73.7,1,1,69
1/23/2028,78.1,1,0,66
1/24/2028,92.7,0,1,74
1/25/2028,83.7,0,1,69
1/26/2028,88.2,0,0,67
1/27/2028,70.2,0,0,58
1/28/2028,65,0,0,50
1/29/2028,83,1,0,72
1/30/2028,74.8,1,0,57
1/31/2028,82.3,0,1,65
2/1/2028,66.2,0,0,52
2/2/2028,81.5,0,0,60
2/3/2028,73.2,0,0,56
2/4/2028,70.4,0,0,54
2/5/2028,71.3,1,1,66
2/6/2028,79.9,1,1,72
2/7/2028,82.7,0,1,68
2/8/2028,71.3,0,0,58
2/9/2028,78.4,0,0,59
2/10/2028,78.4,0,0,59
2/11/2028,82.4,0,0,61
2/12/2028,84.9,1,0,71
2/13/2028,93.1,1,0,70
2/14/2028,70.3,0,0,51
2/15/2028,89.6,0,0,62
2/16/2028,76.2,0,1,65
2/17/2028,64.1,0,1,61
2/18/2028,68.5,0,0,57
2/19/2028,79.7,1,1,78
2/20/2028,82.2,1,1,76
2/21/2028,64.8,0,1,58
2/22/2028,67.4,0,0,53
2/23/2028,69.7,0,0,48
2/24/2028,66.4,0,0,52
2/25/2028,56.2,0,0,46
2/26/2028,52.8,1,1,52
2/27/2028,71.2,1,1,75
2/28/2028,77.5,0,0,58
2/29/2028,81.6,0,0,54
3/1/2028,61.4,0,0,50
3/2/2028,61.5,0,1,64
3/3/2028,69.7,0,0,61
3/4/2028,75,1,1,71
3/5/2028,85.1,1,0,68
3/6/2028,82.2,0,0,65
3/7/2028,71.3,0,1,63
3/8/2028,78.6,0,0,61
3/9/2028,66.6,0,1,64
3/10/2028,75.7,0,0,55
3/11/2028,74.4,1,1,75
3/12/2028,89,1,1,75
3/13/2028,79.9,0,0,58
3/14/2028,67.3,0,1,62
3/15/2028,67.4,0,0,57
3/16/2028,71.7,0,0,58
3/17/2028,59.4,0,0,50
3/18/2028,72.7,1,0,62
3/19/2028,73.6,1,1,73
3/20/2028,79.7,0,0,60
3/21/2028,81.1,0,0,58
3/22/2028,76,0,0,56
3/23/2028,58.7,0,0,52
3/24/2028,62.8,0,0,49
3/25/2028,68.9,1,0,55
3/26/2028,81.5,1,0,65
3/27/2028,81.2,0,0,60
3/28/2028,72.5,0,1,67
3/29/2028,98.6,0,1,73
3/30/2028,90.6,0,1,74
3/31/2028,87.4,0,0,67
4/1/2028,82,1,0,64
4/2/2028,79.6,1,0,65
4/3/2028,78.9,0,1,61
4/4/2028,56.9,0,0,51
4/5/2028,64.5,0,0,55
4/6/2028,72.8,0,1,64
4/7/2028,76.3,0,0,54
4/8/2028,73.8,1,1,72
4/9/2028,77.7,1,1,71
4/10/2028,54,0,1,47
4/11/2028,80.1,0,0,62
4/12/2028,75.6,0,0,61
4/13/2028,73.1,0,0,61
4/14/2028,84.3,0,0,58
4/15/2028,64.5,1,0,51
4/16/2028,72.6,1,0,60
4/17/2028,77.8,0,0,60
4/18/2028,66.5,0,0,50
4/19/2028,55,0,0,43
4/20/2028,63.5,0,1,62
4/21/2028,74.4,0,1,64
4/22/2028,72.5,1,1,71
4/23/2028,74.8,1,0,62
4/24/2028,68.4,0,0,54
4/25/2028,61.9,0,0,51
4/26/2028,76.4,0,0,57
4/27/2028,73.3,0,0,55
4/28/2028,81.4,0,1,65
4/29/2028,67.5,1,0,60
4/30/2028,54.8,1,0,56
5/1/2028,49,0,1,51
5/2/2028,71,0,1,69
5/3/2028,76.3,0,0,59
5/4/2028,72.7,0,0,57
5/5/2028,69.3,0,0,57
5/6/2028,59.1,1,0,57
5/7/2028,56.1,1,1,60
5/8/2028,78.7,0,1,69
5/9/2028,72.7,0,0,59
5/10/2028,71.4,0,1,63
5/11/2028,59.6,0,0,50
5/12/2028,65.3,0,0,50
5/13/2028,75.5,1,0,61
5/14/2028,77.8,1,0,63
5/15/2028,73.4,0,1,62
5/16/2028,88.8,0,0,64
5/17/2028,69.2,0,0,56
5/18/2028,87.9,0,0,65
5/19/2028,77.2,0,1,64
5/20/2028,76.1,1,1,69
5/21/2028,84.3,1,1,78
5/22/2028,68.8,0,0,53
5/23/2028,71.7,0,0,58
5/24/2028,62.8,0,0,49
5/25/2028,84.4,0,0,63
5/26/2028,78.4,0,0,61
5/27/2028,86,1,0,60
5/28/2028,77,1,0,66
5/29/2028,86,0,0,67
5/30/2028,67.5,0,0,53
5/31/2028,84.9,0,1,71
6/1/2028,71,0,0,53
6/2/2028,75,0,0,59
6/3/2028,82.3,1,0,74
6/4/2028,98.3,1,1,76
6/5/2028,83.2,0,0,60
6/6/2028,84.1,0,0,64
6/7/2028,69.5,0,0,59
6/8/2028,76.6,0,0,54
6/9/2028,74,0,0,55
6/10/2028,89.1,1,0,68
6/11/2028,73.5,1,0,60
6/12/2028,88.3,0,0,64
6/13/2028,62,0,0,47
6/14/2028,89,0,0,64
6/15/2028,66.4,0,0,50
6/16/2028,83.5,0,0,62
6/17/2028,66.4,1,1,64
6/18/2028,81.2,1,0,65
6/19/2028,65.4,0,0,50
6/20/2028,85.4,0,0,66
6/21/2028,83.5,0,0,61
6/22/2028,69,0,1,63
6/23/2028,80.8,0,1,68
6/24/2028,84.5,1,1,75
6/25/2028,65.8,1,0,58
6/26/2028,64.7,0,1,63
6/27/2028,64.3,0,0,51
6/28/2028,62.9,0,0,49
6/29/2028,64.2,0,0,52
6/30/2028,84.2,0,0,60
7/1/2028,80.6,1,0,65
7/2/2028,58,1,1,59
7/3/2028,69.9,0,0,58
7/4/2028,63.4,0,0,49
7/5/2028,83.6,0,0,65
7/6/2028,70.5,0,0,55
7/7/2028,59.6,0,1,60
7/8/2028,76.7,1,1,69
7/9/2028,81.1,1,0,60
7/10/2028,65.5,0,0,48
7/11/2028,72.4,0,1,72
7/12/2028,66,0,0,51
7/13/2028,87.4,0,0,67
7/14/2028,70.7,0,0,51
7/15/2028,67.8,1,0,59
7/16/2028,74.5,1,1,71
7/17/2028,72.9,0,1,73
7/18/2028,81.9,0,0,60
7/19/2028,87.2,0,0,61
7/20/2028,87.2,0,0,65
7/21/2028,71.2,0,0,53
7/22/2028,78.1,1,0,65
7/23/2028,89.9,1,0,70
7/24/2028,90.3,0,1,71
7/25/2028,66.2,0,0,55
7/26/2028,80.9,0,1,69
7/27/2028,79.2,0,0,62
7/28/2028,84.3,0,0,67
7/29/2028,87.4,1,0,67
7/30/2028,64.6,1,0,56
7/31/2028,68.1,0,1,58
8/1/2028,84.1,0,1,72
8/2/2028,76.5,0,0,56
8/3/2028,52.7,0,0,47
8/4/2028,58.3,0,0,53
8/5/2028,81.6,1,0,64
8/6/2028,83.4,1,1,73
8/7/2028,61.5,0,0,54
8/8/2028,86,0,0,65
8/9/2028,73,0,0,58
8/10/2028,64.8,0,1,59
8/11/2028,69.4,0,0,50
8/12/2028,62.8,1,0,54
8/13/2028,68.8,1,0,56
8/14/2028,56.3,0,0,50
8/15/2028,74.3,0,1,66
8/16/2028,80.9,0,0,59
8/17/2028,61.5,0,0,49
8/18/2028,75.2,0,0,59
8/19/2028,67,1,0,58
8/20/2028,81.7,1,0,64
8/21/2028,51.9,0,0,52
8/22/2028,82.1,0,1,67
8/23/2028,56.8,0,0,50
8/24/2028,72.9,0,1,66
8/25/2028,67.9,0,1,57
8/26/2028,71.4,1,1,67
8/27/2028,59.7,1,0,57
8/28/2028,91.6,0,1,73
8/29/2028,62.1,0,0,47
8/30/2028,62.9,0,0,53
8/31/2028,92.9,0,1,73
9/1/2028,78.2,0,0,60
9/2/2028,62.5,1,0,64
9/3/2028,73.7,1,1,71
9/4/2028,72.6,0,0,58
9/5/2028,58.1,0,1,56
9/6/2028,67.4,0,1,58
9/7/2028,74.7,0,0,60
9/8/2028,87.7,0,0,62
9/9/2028,73.1,1,1,69
9/10/2028,73.9,1,0,67
9/11/2028,66.8,0,0,52
9/12/2028,86,0,0,67
9/13/2028,84,0,0,63
9/14/2028,82.9,0,0,60
9/15/2028,76.1,0,0,59
9/16/2028,59,1,0,52
9/17/2028,85.9,1,0,71
9/18/2028,75.6,0,0,62
9/19/2028,71.9,0,0,56
9/20/2028,79.5,0,1,72
9/21/2028,77.2,0,0,59
9/22/2028,64.3,0,0,55
9/23/2028,71.8,1,1,78
9/24/2028,56,1,0,60
9/25/2028,75.9,0,0,57
9/26/2028,88.3,0,0,65
9/27/2028,57,0,1,53
9/28/2028,76.3,0,0,61
9/29/2028,81.7,0,0,62
9/30/2028,83.2,1,0,64
10/1/2028,67.5,1,1,70
10/2/2028,64,0,0,51
10/3/2028,69.1,0,1,61
10/4/2028,86.9,0,0,65
10/5/2028,57.9,0,1,56
10/6/2028,62.8,0,0,51
10/7/2028,70.4,1,0,65
10/8/2028,65.2,1,1,64
10/9/2028,74.6,0,1,67
10/10/2028,89.1,0,1,71
10/11/2028,63,0,0,49
10/12/2028,73.5,0,0,57
10/13/2028,74.9,0,1,74
10/14/2028,71.7,1,0,63
10/15/2028,59.2,1,1,64
10/16/2028,68.6,0,0,53
10/17/2028,68.7,0,0,53
10/18/2028,81.3,0,0,56
10/19/2028,79.2,0,0,65
10/20/2028,59.5,0,0,51
10/21/2028,71.1,1,0,61
10/22/2028,70,1,0,61
10/23/2028,94.5,0,0,74
10/24/2028,77.9,0,1,68
10/25/2028,64.2,0,0,52
10/26/2028,67.2,0,0,59
10/27/2028,71.2,0,0,55
10/28/2028,78.6,1,0,59
10/29/2028,79.8,1,0,60
10/30/2028,77,0,0,58
10/31/2028,72.9,0,0,57
11/1/2028,73.6,0,1,67
11/2/2028,73.7,0,0,54
11/3/2028,57.2,0,0,48
11/4/2028,74.4,1,0,60
11/5/2028,69.2,1,0,63
11/6/2028,58.5,0,0,53
11/7/2028,99.2,0,0,75
11/8/2028,78.1,0,0,60
11/9/2028,75.1,0,1,71
11/10/2028,71.3,0,1,62
11/11/2028,82.3,1,0,67
11/12/2028,63.4,1,0,54
11/13/2028,71.9,0,1,66
11/14/2028,65.5,0,1,62
11/15/2028,82.2,0,1,62
11/16/2028,66.7,0,0,57
11/17/2028,86,0,1,74
11/18/2028,74,1,1,68
11/19/2028,82.7,1,0,67
11/20/2028,79,0,1,63
11/21/2028,85.6,0,1,68
11/22/2028,65.6,0,0,58
11/23/2028,84.1,0,1,67
11/24/2028,56.4,0,1,56
11/25/2028,75.4,1,1,67
11/26/2028,69.5,1,1,69
11/27/2028,61,0,0,52
11/28/2028,66.1,0,0,55
11/29/2028,68.6,0,0,56
11/30/2028,73,0,1,69
12/1/2028,69.8,0,0,53
12/2/2028,75.8,1,0,60
12/3/2028,66.7,1,0,57
12/4/2028,70.2,0,0,51
12/5/2028,72.1,0,0,56
12/6/2028,76.8,0,1,66
12/7/2028,83.5,0,0,63
12/8/2028,83.5,0,1,65
12/9/2028,77.4,1,0,64
12/10/2028,79.3,1,0,68
12/11/2028,78.1,0,0,61
12/12/2028,71.9,0,1,58
12/13/2028,84,0,0,62
12/14/2028,65.9,0,0,51
12/15/2028,54.5,0,0,47
12/16/2028,64.6,1,1,64
12/17/2028,89,1,0,75
12/18/2028,72,0,1,64
12/19/2028,77.7,0,0,60
12/20/2028,72.3,0,0,56
12/21/2028,80.6,0,0,62
12/22/2028,75.7,0,0,57
12/23/2028,74.3,1,0,64
12/24/2028,81.1,1,0,64
12/25/2028,70.3,0,0,59
12/26/2028,78.7,0,1,69
12/27/2028,73.3,0,1,64
12/28/2028,73.9,0,0,59
12/29/2028,66.8,0,0,55
12/30/2028,72.8,1,0,64
12/31/2028,69.6,1,0,60
1/1/2029,86.3,0,0,62
1/2/2029,58.2,0,0,50
1/3/2029,83.9,0,0,60
1/4/2029,57.6,0,0,52
1/5/2029,80.4,0,0,65
1/6/2029,66.6,1,1,68
1/7/2029,80.7,1,1,78
1/8/2029,73.8,0,1,68
1/9/2029,60.7,0,0,50
1/10/2029,88.6,0,1,75
1/11/2029,82.8,0,0,58
1/12/2029,80,0,1,69
1/13/2029,68.6,1,1,64
1/14/2029,83.1,1,0,66
1/15/2029,62.2,0,0,47
1/16/2029,52.7,0,0,50
1/17/2029,59.4,0,0,49
1/18/2029,65.8,0,0,56
1/19/2029,67.5,0,1,62
1/20/2029,70.7,1,0,55
1/21/2029,71.1,1,0,59
1/22/2029,68.5,0,0,53
1/23/2029,53.8,0,0,47
1/24/2029,76.9,0,1,71
1/25/2029,72.4,0,0,61
1/26/2029,68,0,0,53
1/27/2029,89,1,1,74
1/28/2029,72.6,1,0,59
1/29/2029,75.6,0,0,59
1/30/2029,83,0,1,69
1/31/2029,60.1,0,0,45
2/1/2029,74.8,0,1,64
2/2/2029,82.9,0,0,65
2/3/2029,74.1,1,0,63
2/4/2029,62,1,1,64
2/5/2029,70.2,0,0,54
2/6/2029,76.9,0,0,57
2/7/2029,53.9,0,0,49
2/8/2029,61.5,0,0,51
2/9/2029,94.7,0,0,70
2/10/2029,79.8,1,0,67
2/11/2029,89.8,1,0,70
2/12/2029,83.7,0,0,63
2/13/2029,78.9,0,1,66
2/14/2029,71.9,0,0,56
2/15/2029,78.8,0,1,71
2/16/2029,89.5,0,0,65
2/17/2029,83.3,1,1,74
2/18/2029,76.7,1,0,64
2/19/2029,73.3,0,0,53
2/20/2029,80,0,0,61
2/21/2029,69.7,0,0,60
2/22/2029,80,0,0,58
2/23/2029,68,0,0,55
2/24/2029,71.5,1,0,61
2/25/2029,64.7,1,1,65
2/26/2029,70.6,0,1,63
2/27/2029,68.2,0,0,56
2/28/2029,91.9,0,0,63
3/1/2029,66.1,0,0,55
3/2/2029,78.8,0,0,60
3/3/2029,65.5,1,0,52
3/4/2029,75.5,1,1,72
3/5/2029,77.9,0,0,59
3/6/2029,56.5,0,1,54
3/7/2029,61,0,0,51
3/8/2029,65.5,0,1,57
3/9/2029,62,0,0,49
3/10/2029,75.8,1,0,63
3/11/2029,77.4,1,1,67
3/12/2029,64.4,0,0,49
3/13/2029,76.2,0,0,55
3/14/2029,70.8,0,0,56
3/15/2029,74,0,0,58
3/16/2029,68.7,0,0,52
3/17/2029,79.9,1,0,62
3/18/2029,91.3,1,0,71
3/19/2029,82.7,0,0,62
3/20/2029,88.9,0,1,70
3/21/2029,61,0,1,64
3/22/2029,68.2,0,0,55
3/23/2029,80.7,0,1,68
3/24/2029,90.1,1,0,69
3/25/2029,81.5,1,0,69
3/26/2029,64.7,0,0,54
3/27/2029,70.7,0,1,58
3/28/2029,78.3,0,1,65
3/29/2029,73.4,0,1,63
3/30/2029,67,0,0,53
3/31/2029,72.1,1,0,63
4/1/2029,74.9,1,0,59
4/2/2029,64.2,0,1,60
4/3/2029,84.8,0,1,75
4/4/2029,70.6,0,0,55
4/5/2029,74.3,0,0,55
4/6/2029,85.4,0,0,59
4/7/2029,73.8,1,0,60
4/8/2029,84.8,1,0,64
4/9/2029,64.7,0,1,59
4/10/2029,79.3,0,1,69
4/11/2029,83.4,0,1,70
4/12/2029,66.7,0,0,52
4/13/2029,73.2,0,0,51
4/14/2029,73.4,1,0,64
4/15/2029,77.1,1,0,62
4/16/2029,79.7,0,1,68
4/17/2029,65.9,0,1,58
4/18/2029,74.4,0,1,64
4/19/2029,90.9,0,0,64
4/20/2029,85.5,0,0,59
4/21/2029,82.9,1,1,72
4/22/2029,73.1,1,1,70
4/23/2029,96.3,0,0,69
4/24/2029,85.3,0,0,61
4/25/2029,75.4,0,0,54
4/26/2029,77.2,0,0,58
4/27/2029,70.4,0,0,58
4/28/2029,78.9,1,0,62
4/29/2029,80.9,1,0,65
4/30/2029,82,0,0,59
5/1/2029,73.2,0,1,68
5/2/2029,60.3,0,0,49
5/3/2029,77.4,0,0,61
5/4/2029,82.1,0,0,64
5/5/2029,65.2,1,0,62
5/6/2029,74.1,1,0,58
5/7/2029,88.4,0,0,60
5/8/2029,63,0,0,55
5/9/2029,72.2,0,0,59
5/10/2029,89.9,0,0,63
5/11/2029,76.6,0,0,49
5/12/2029,69.7,1,1,68
5/13/2029,74.9,1,0,58
5/14/2029,83.3,0,0,59
5/15/2029,73,0,1,65
5/16/2029,81,0,0,61
5/17/2029,77.3,0,0,63
5/18/2029,78.2,0,0,58
5/19/2029,81.6,1,1,71
5/20/2029,72.1,1,0,64
5/21/2029,65.6,0,0,54
5/22/2029,79.7,0,0,59
5/23/2029,73.7,0,0,57
5/24/2029,70.5,0,0,54
5/25/2029,80.3,0,1,70
5/26/2029,87.8,1,0,74
5/27/2029,73.5,1,0,60
5/28/2029,75.1,0,1,67
5/29/2029,63.2,0,0,47
5/30/2029,72.8,0,0,53
5/31/2029,77.2,0,0,60
6/1/2029,74.8,0,0,57
6/2/2029,71.4,1,1,65
6/3/2029,82.3,1,0,66
6/4/2029,75.6,0,0,60
6/5/2029,100.9,0,0,66
6/6/2029,77.1,0,0,64
6/7/2029,47.5,0,0,45
6/8/2029,63.9,0,0,54
6/9/2029,80.3,1,0,65
6/10/2029,68.6,1,0,65
6/11/2029,69.2,0,0,57
6/12/2029,62.6,0,0,50
6/13/2029,70.2,0,0,57
6/14/2029,76.9,0,0,56
6/15/2029,78.9,0,0,59
6/16/2029,64.8,1,0,62
6/17/2029,83.1,1,0,68
6/18/2029,63.1,0,1,62
6/19/2029,79.4,0,0,63
6/20/2029,78.4,0,0,61
6/21/2029,65.7,0,0,50
6/22/2029,64.5,0,0,57
6/23/2029,78.8,1,0,66
6/24/2029,69.4,1,1,69
6/25/2029,73.1,0,0,57
6/26/2029,81.9,0,1,72
6/27/2029,79.8,0,1,74
6/28/2029,65.8,0,1,60
6/29/2029,74.5,0,0,60
6/30/2029,65.7,1,1,66
7/1/2029,83.7,1,0,61
7/2/2029,90.4,0,0,61
7/3/2029,66.5,0,0,55
7/4/2029,74.7,0,1,68
7/5/2029,84.2,0,1,72
7/6/2029,75.2,0,0,60
7/7/2029,80.6,1,0,73
7/8/2029,75.5,1,0,64
7/9/2029,64.4,0,0,51
7/10/2029,76.2,0,0,58
7/11/2029,86.3,0,0,68
7/12/2029,78.1,0,0,55
7/13/2029,91.2,0,1,77
7/14/2029,57.3,1,0,54
7/15/2029,78.8,1,0,62
7/16/2029,68.5,0,0,50
7/17/2029,66.2,0,1,66
7/18/2029,88.3,0,1,70
7/19/2029,72.4,0,1,64
7/20/2029,71.5,0,0,53
7/21/2029,78.4,1,0,70
7/22/2029,53.5,1,0,52
7/23/2029,88.5,0,0,60
7/24/2029,94,0,0,66
7/25/2029,84.2,0,0,66
7/26/2029,79.1,0,1,65
7/27/2029,72.8,0,1,63
7/28/2029,64.2,1,0,61
7/29/2029,86.9,1,0,69
7/30/2029,84.2,0,0,58
7/31/2029,79.5,0,0,60
8/1/2029,78.3,0,1,67
8/2/2029,78,0,0,59
8/3/2029,69.7,0,0,58
8/4/2029,100,1,0,76
8/5/2029,72.1,1,0,61
8/6/2029,70.7,0,0,55
8/7/2029,86.2,0,0,66
8/8/2029,74.7,0,0,55
8/9/2029,74.8,0,0,51
8/10/2029,89.1,0,0,64
8/11/2029,81.8,1,0,67
8/12/2029,82.3,1,1,73
8/13/2029,60.8,0,0,49
8/14/2029,79,0,0,58
8/15/2029,64.9,0,0,52
8/16/2029,70.5,0,0,51
8/17/2029,76.8,0,0,60
8/18/2029,74.6,1,0,54
8/19/2029,81.5,1,1,75
8/20/2029,82.7,0,1,70
8/21/2029,83.5,0,0,63
8/22/2029,61.6,0,0,45
8/23/2029,98.6,0,0,70
8/24/2029,74.8,0,0,56
8/25/2029,87.1,1,1,81
8/26/2029,49.9,1,0,51
8/27/2029,72.3,0,0,53
8/28/2029,60.4,0,0,45
8/29/2029,66.4,0,1,59
8/30/2029,75.5,0,0,60
8/31/2029,71.7,0,1,67
9/1/2029,88.1,1,0,70
9/2/2029,92.7,1,0,72
9/3/2029,65.3,0,0,52
9/4/2029,70.1,0,1,63
9/5/2029,64.7,0,1,64
9/6/2029,86.6,0,0,62
9/7/2029,76.6,0,0,60
9/8/2029,75.3,1,0,61
9/9/2029,78.1,1,0,67
9/10/2029,71.9,0,0,58
9/11/2029,66.4,0,0,56
9/12/2029,75.5,0,1,71
9/13/2029,72.3,0,0,48
9/14/2029,78.5,0,0,62
9/15/2029,58.7,1,0,56
9/16/2029,76.9,1,0,65
9/17/2029,68.1,0,0,55
9/18/2029,76.5,0,1,67
9/19/2029,84.1,0,1,71
9/20/2029,69.4,0,1,65
9/21/2029,87,0,0,66
9/22/2029,57.6,1,0,54
9/23/2029,90.4,1,0,70
9/24/2029,87.4,0,0,64
9/25/2029,66.1,0,0,52
9/26/2029,66.2,0,0,58
9/27/2029,60.1,0,0,46
9/28/2029,84.2,0,0,64
9/29/2029,71.7,1,0,63
9/30/2029,71,1,0,59
10/1/2029,63.8,0,0,53
10/2/2029,93.1,0,1,78
10/3/2029,65.3,0,0,52
10/4/2029,75.2,0,0,62
10/5/2029,77.2,0,1,70
10/6/2029,71,1,0,58
10/7/2029,69,1,1,64
10/8/2029,71.3,0,0,56
10/9/2029,80.7,0,0,57
10/10/2029,71.5,0,0,47
10/11/2029,91.3,0,0,64
10/12/2029,67.2,0,1,68
10/13/2029,82.5,1,0,65
10/14/2029,57.4,1,0,55
10/15/2029,67.2,0,0,56
10/16/2029,66.8,0,1,61
10/17/2029,64,0,0,51
10/18/2029,77.8,0,0,63
10/19/2029,73.9,0,0,57
10/20/2029,52.2,1,0,51
10/21/2029,95,1,0,75
10/22/2029,76.8,0,1,63
10/23/2029,75,0,0,54
10/24/2029,88.1,0,0,59
10/25/2029,84.9,0,0,64
10/26/2029,72,0,0,56
10/27/2029,55.5,1,0,55
10/28/2029,80.6,1,0,65
10/29/2029,65.4,0,0,49
10/30/2029,87.4,0,0,63
10/31/2029,67.2,0,0,56
11/1/2029,70.5,0,1,62
11/2/2029,61.6,0,0,54
11/3/2029,62.4,1,0,55
11/4/2029,73.9,1,1,72
11/5/2029,73,0,0,51
11/6/2029,70.2,0,0,54
11/7/2029,95.5,0,0,67
11/8/2029,81,0,1,64
11/9/2029,75.1,0,0,61
11/10/2029,47.4,1,0,47
11/11/2029,83.3,1,0,64
11/12/2029,104.9,0,0,76
11/13/2029,73.1,0,1,65
11/14/2029,66.9,0,0,56
11/15/2029,76.6,0,0,53
11/16/2029,60.7,0,0,48
11/17/2029,79.6,1,1,79
11/18/2029,90,1,0,73
11/19/2029,68.3,0,0,51
11/20/2029,68.6,0,1,63
11/21/2029,74.2,0,0,54
11/22/2029,70,0,1,67
11/23/2029,59.9,0,0,43
11/24/2029,71.1,1,1,69
11/25/2029,69.1,1,0,60
11/26/2029,88.7,0,1,69
11/27/2029,86.6,0,1,70
11/28/2029,89,0,0,66
11/29/2029,83,0,1,64
11/30/2029,77.1,0,0,55
12/1/2029,66.3,1,0,58
12/2/2029,88.3,1,0,67
12/3/2029,78.5,0,0,58
12/4/2029,62.5,0,0,51
12/5/2029,65.9,0,0,50
12/6/2029,62.4,0,0,51
12/7/2029,54.5,0,0,48
12/8/2029,78.9,1,1,75
12/9/2029,62.6,1,1,61
12/10/2029,67.4,0,0,52
12/11/2029,75.4,0,1,67
12/12/2029,73.1,0,1,60
12/13/2029,67.9,0,0,54
12/14/2029,90.2,0,0,65
12/15/2029,59.7,1,0,47
12/16/2029,60.2,1,0,54
12/17/2029,79.6,0,0,61
12/18/2029,68.7,0,0,54
12/19/2029,68.3,0,0,53
12/20/2029,64.2,0,0,53
12/21/2029,78.4,0,0,62
12/22/2029,77.3,1,1,73
12/23/2029,76.2,1,0,61
12/24/2029,69.2,0,1,58
12/25/2029,67.5,0,0,55
12/26/2029,73.4,0,0,53
12/27/2029,84.7,0,1,69
12/28/2029,90.7,0,0,66
12/29/2029,86.1,1,0,71
12/30/2029,80.1,1,1,77
12/31/2029,84.8,0,0,63
1/1/2030,63.2,0,0,50
1/2/2030,67.9,0,0,50
1/3/2030,80.2,0,1,74
1/4/2030,73.8,0,0,56
1/5/2030,78.4,1,0,66
1/6/2030,84.8,1,1,76
1/7/2030,83.2,0,0,60
1/8/2030,64.1,0,1,58
1/9/2030,75.1,0,0,53
1/10/2030,65.8,0,0,56
1/11/2030,67.2,0,0,53
1/12/2030,57.9,1,0,58
1/13/2030,76.3,1,0,62
1/14/2030,57.2,0,0,48
1/15/2030,78.9,0,0,56
1/16/2030,88.6,0,0,63
1/17/2030,80.3,0,1,64
1/18/2030,75.5,0,0,59
1/19/2030,90.3,1,0,70
1/20/2030,78.3,1,0,69
1/21/2030,66.4,0,0,49
1/22/2030,76.3,0,1,70
1/23/2030,94.6,0,1,72
1/24/2030,64.1,0,1,61
1/25/2030,61.2,0,1,55
1/26/2030,81.1,1,1,74
1/27/2030,72.8,1,0,54
1/28/2030,69.7,0,0,53
1/29/2030,62.4,0,0,52
1/30/2030,55.5,0,0,53
1/31/2030,60.4,0,0,44
2/1/2030,91.1,0,0,66
2/2/2030,74.9,1,0,61
2/3/2030,55.4,1,0,47
2/4/2030,86.8,0,0,60
2/5/2030,87.3,0,0,62
2/6/2030,87.3,0,1,73
2/7/2030,70.8,0,0,56
2/8/2030,72.3,0,0,52
2/9/2030,76.4,1,0,58
2/10/2030,89,1,1,79
2/11/2030,69.5,0,1,62
2/12/2030,67.5,0,1,67
2/13/2030,82,0,0,60
2/14/2030,87.1,0,0,67
2/15/2030,74.5,0,1,67
2/16/2030,81.7,1,0,68
2/17/2030,76.1,1,0,64
2/18/2030,72.5,0,0,58
2/19/2030,66.7,0,1,54
2/20/2030,63.5,0,0,51
2/21/2030,68.9,0,1,60
2/22/2030,65.2,0,0,56
2/23/2030,77.8,1,1,69
2/24/2030,87.2,1,0,68
2/25/2030,77,0,0,61
2/26/2030,65.8,0,0,54
2/27/2030,83.6,0,0,62
2/28/2030,78,0,0,62
3/1/2030,79.9,0,1,69
3/2/2030,69.8,1,0,58
3/3/2030,86.3,1,0,64
3/4/2030,86.3,0,0,65
3/5/2030,73.2,0,1,62
3/6/2030,82.2,0,1,68
3/7/2030,86,0,0,66
3/8/2030,70.3,0,1,62
3/9/2030,74.2,1,0,61
3/10/2030,75.8,1,0,62
3/11/2030,64,0,0,51
3/12/2030,79.4,0,1,65
3/13/2030,85.2,0,0,68
3/14/2030,73.6,0,0,55
3/15/2030,78.4,0,0,62
3/16/2030,89,1,0,66
3/17/2030,70.9,1,1,70
3/18/2030,78.6,0,0,60
3/19/2030,69.3,0,0,55
3/20/2030,69,0,1,63
3/21/2030,78.4,0,0,60
3/22/2030,77.4,0,1,66
3/23/2030,80.6,1,1,73
3/24/2030,75.8,1,0,65
3/25/2030,79.7,0,0,56
3/26/2030,91.7,0,0,62
3/27/2030,85.6,0,0,63
3/28/2030,78.4,0,1,61
3/29/2030,80,0,0,55
3/30/2030,72,1,1,74
3/31/2030,73.4,1,1,74
4/1/2030,79.9,0,0,58
4/2/2030,75.9,0,1,69
4/3/2030,82.9,0,1,73
4/4/2030,87.7,0,1,73
4/5/2030,74,0,0,57
4/6/2030,54.9,1,0,54
4/7/2030,95.3,1,0,75
4/8/2030,68.5,0,1,64
4/9/2030,77,0,0,54
4/10/2030,82.3,0,0,67
4/11/2030,89.1,0,0,72
4/12/2030,93.1,0,0,61
4/13/2030,71.4,1,0,62
4/14/2030,86.9,1,1,83
4/15/2030,77,0,1,70
4/16/2030,102.4,0,0,74
4/17/2030,86,0,0,59
4/18/2030,73.2,0,0,59
4/19/2030,67.1,0,1,62
4/20/2030,48.7,1,1,60
4/21/2030,81.7,1,1,71
4/22/2030,85.1,0,0,59
4/23/2030,82.5,0,0,61
4/24/2030,51.5,0,0,45
4/25/2030,62.4,0,1,59
4/26/2030,79.8,0,0,58
4/27/2030,92.9,1,0,71
4/28/2030,74.4,1,1,68
4/29/2030,85.9,0,1,71
4/30/2030,64.7,0,0,48
5/1/2030,77.1,0,1,68
5/2/2030,72.3,0,0,57
5/3/2030,86.9,0,0,60
5/4/2030,69.6,1,0,64
5/5/2030,91.8,1,1,76
5/6/2030,71.9,0,0,60
5/7/2030,64.3,0,0,53
5/8/2030,64.6,0,0,55
5/9/2030,68.8,0,1,63
5/10/2030,78.7,0,0,61
5/11/2030,68.9,1,1,70
5/12/2030,66.8,1,1,72
5/13/2030,83.9,0,0,65
5/14/2030,42.9,0,1,51
5/15/2030,70.7,0,0,51
5/16/2030,61.7,0,1,52
5/17/2030,66.3,0,0,53
5/18/2030,77.4,1,0,62
5/19/2030,72.9,1,0,59
5/20/2030,72,0,0,56
5/21/2030,86.9,0,0,65
5/22/2030,74.9,0,0,56
5/23/2030,93.1,0,0,69
5/24/2030,82.1,0,0,61
5/25/2030,65.3,1,1,66
5/26/2030,94.3,1,0,78
5/27/2030,77.8,0,1,67
5/28/2030,93.7,0,0,67
5/29/2030,72.3,0,0,58
5/30/2030,77.7,0,0,64
5/31/2030,79.3,0,0,60
6/1/2030,73.3,1,0,63
6/2/2030,87.7,1,1,77
6/3/2030,94.3,0,0,67
6/4/2030,52.1,0,0,45
6/5/2030,83.1,0,1,68
6/6/2030,66.1,0,0,58
6/7/2030,49.1,0,0,43
6/8/2030,80.2,1,0,60
6/9/2030,80.2,1,0,65
6/10/2030,81.8,0,0,64
6/11/2030,78.7,0,1,71
6/12/2030,83.8,0,0,58
6/13/2030,69,0,0,58
6/14/2030,77.6,0,0,65
6/15/2030,82,1,0,64
6/16/2030,88.5,1,0,69
6/17/2030,75.4,0,0,54
6/18/2030,72.9,0,1,70
6/19/2030,74.4,0,1,61
6/20/2030,63.1,0,0,50
6/21/2030,82.7,0,0,64
6/22/2030,60.4,1,1,61
6/23/2030,78.9,1,1,69
6/24/2030,75.8,0,0,58
6/25/2030,59.5,0,0,57
6/26/2030,60.1,0,0,49
6/27/2030,66.5,0,0,53
6/28/2030,71.6,0,0,52
6/29/2030,89.8,1,1,79
6/30/2030,73.9,1,0,65
7/1/2030,80.5,0,0,58
7/2/2030,87.7,0,0,65
7/3/2030,85.7,0,0,61
7/4/2030,74.9,0,0,52
7/5/2030,67.9,0,1,63
7/6/2030,80,1,0,71
7/7/2030,68.1,1,1,63
7/8/2030,93.1,0,0,67
7/9/2030,83.7,0,0,66
7/10/2030,77.1,0,1,66
7/11/2030,80.1,0,0,56
7/12/2030,76.8,0,1,67
7/13/2030,71.3,1,0,65
7/14/2030,80,1,0,63
7/15/2030,72.6,0,0,57
7/16/2030,94.4,0,1,72
7/17/2030,68.1,0,1,62
7/18/2030,80.1,0,0,61
7/19/2030,67.2,0,0,54
7/20/2030,67.1,1,0,57
7/21/2030,57.1,1,1,63
7/22/2030,79.1,0,0,62
7/23/2030,69.7,0,0,57
7/24/2030,85.8,0,0,62
7/25/2030,79.1,0,0,58
7/26/2030,76.5,0,1,72
7/27/2030,60.9,1,0,56
7/28/2030,80.8,1,0,65
7/29/2030,68.4,0,0,50
7/30/2030,60.7,0,0,48
7/31/2030,79.3,0,0,58
8/1/2030,62.4,0,1,61
8/2/2030,54.1,0,1,54
8/3/2030,88,1,0,69
8/4/2030,69.4,1,0,55
8/5/2030,57.6,0,0,53
8/6/2030,65.4,0,1,58
8/7/2030,67.8,0,0,55
8/8/2030,86.4,0,0,62
8/9/2030,58.4,0,0,48
8/10/2030,61.6,1,1,61
8/11/2030,84.8,1,0,68
8/12/2030,70.5,0,1,60
8/13/2030,77.3,0,0,60
8/14/2030,70.1,0,1,63
8/15/2030,95.2,0,0,69
8/16/2030,62.1,0,0,53
8/17/2030,77.8,1,0,63
8/18/2030,90,1,0,71
8/19/2030,71.3,0,0,54
8/20/2030,67.5,0,0,58
8/21/2030,82.7,0,1,68
8/22/2030,85,0,1,70
8/23/2030,67,0,0,52
8/24/2030,89.6,1,0,68
8/25/2030,75.5,1,0,69
8/26/2030,80.1,0,1,70
8/27/2030,89.9,0,1,73
8/28/2030,82.7,0,0,60
8/29/2030,75,0,1,69
8/30/2030,68.3,0,0,53
8/31/2030,102.1,1,0,76
9/1/2030,67.1,1,0,65
9/2/2030,78.2,0,0,56
9/3/2030,80.1,0,0,62
9/4/2030,80.6,0,0,61
9/5/2030,96.3,0,0,70
9/6/2030,75.5,0,1,65
9/7/2030,74,1,0,60
9/8/2030,90.5,1,0,71
9/9/2030,73.6,0,1,63
9/10/2030,83.8,0,1,63
9/11/2030,76.9,0,0,56
9/12/2030,84.2,0,0,61
9/13/2030,82.3,0,0,58
9/14/2030,71,1,1,69
9/15/2030,56.6,1,0,51
9/16/2030,58.3,0,1,57
9/17/2030,56.6,0,0,55
9/18/2030,74.1,0,0,61
9/19/2030,51.5,0,0,48
9/20/2030,73.4,0,0,62
9/21/2030,76.3,1,0,63
9/22/2030,83.6,1,0,67
9/23/2030,80,0,1,65
9/24/2030,84,0,1,74
9/25/2030,79.1,0,0,65
9/26/2030,71.8,0,1,67
9/27/2030,73.9,0,1,69
9/28/2030,66.5,1,0,50
9/29/2030,77.3,1,0,71
9/30/2030,59.2,0,0,49
10/1/2030,85.7,0,0,70
10/2/2030,65.4,0,0,58
10/3/2030,76.5,0,0,61
10/4/2030,78.2,0,0,58
10/5/2030,86.6,1,0,69
10/6/2030,58.2,1,0,48
10/7/2030,71.7,0,1,67
10/8/2030,80.5,0,0,53
10/9/2030,92.5,0,0,65
10/10/2030,74.6,0,0,62
10/11/2030,69.1,0,1,65
10/12/2030,95.3,1,0,68
10/13/2030,83,1,0,62
10/14/2030,88.7,0,0,63
10/15/2030,62.9,0,0,52
10/16/2030,80.2,0,0,63
10/17/2030,64.2,0,1,62
10/18/2030,61.9,0,0,48
10/19/2030,80.8,1,0,67
10/20/2030,81.5,1,0,68
10/21/2030,70.2,0,0,57
10/22/2030,89.3,0,0,72
10/23/2030,71.3,0,1,66
10/24/2030,72.3,0,0,59
10/25/2030,74.6,0,0,63
10/26/2030,72.6,1,0,64
10/27/2030,87.8,1,0,67
10/28/2030,64.6,0,1,64
10/29/2030,67.5,0,0,53
10/30/2030,63.1,0,1,57
10/31/2030,93.8,0,0,64
11/1/2030,71.8,0,0,60
11/2/2030,67.3,1,1,69
11/3/2030,72.1,1,0,64
11/4/2030,83.5,0,0,64
11/5/2030,81.6,0,1,69
11/6/2030,69.2,0,0,56
11/7/2030,71,0,0,57
11/8/2030,60.4,0,1,56
11/9/2030,76.4,1,0,59
11/10/2030,87.8,1,0,67
11/11/2030,69.2,0,0,56
11/12/2030,81.4,0,1,67
11/13/2030,69.2,0,0,61
11/14/2030,64,0,0,53
11/15/2030,81.8,0,1,69
11/16/2030,98.5,1,1,80
11/17/2030,80.4,1,0,68
11/18/2030,70.9,0,0,52
11/19/2030,71.5,0,1,65
11/20/2030,94.1,0,0,66
11/21/2030,78.1,0,0,59
11/22/2030,67.3,0,0,55
11/23/2030,74.4,1,1,67
11/24/2030,77.2,1,0,59
11/25/2030,79.7,0,1,65
11/26/2030,90.1,0,0,68
11/27/2030,87.8,0,0,65
11/28/2030,77,0,1,65
11/29/2030,74.6,0,0,63
11/30/2030,79,1,0,68
12/1/2030,68.9,1,1,71
12/2/2030,84.8,0,0,60
12/3/2030,73,0,0,60
12/4/2030,79.9,0,0,61
12/5/2030,92.1,0,0,64
12/6/2030,80.5,0,0,60
12/7/2030,77.3,1,0,61
12/8/2030,69.8,1,1,66
12/9/2030,74.2,0,0,54
12/10/2030,63.6,0,1,63
12/11/2030,80.3,0,1,68
12/12/2030,53.7,0,1,52
12/13/2030,84.7,0,0,64
12/14/2030,82.3,1,0,66
12/15/2030,76,1,0,66
12/16/2030,69.7,0,0,55
12/17/2030,74.8,0,0,53
12/18/2030,57.3,0,1,55
12/19/2030,83.2,0,0,58
12/20/2030,73.4,0,1,66
12/21/2030,90.2,1,0,73
12/22/2030,78.9,1,0,60
12/23/2030,77.3,0,0,58
12/24/2030,79,0,0,63
12/25/2030,65.2,0,1,56
12/26/2030,70.5,0,1,62
12/27/2030,76.3,0,0,58
12/28/2030,72,1,1,72
12/29/2030,69.2,1,0,61
12/30/2030,72.2,0,0,58
12/31/2030,75.4,0,0,60
1/1/2031,98.2,0,1,76
1/2/2031,71.7,0,0,61
1/3/2031,68.2,0,0,52
1/4/2031,73.5,1,0,53
1/5/2031,90,1,1,73
1/6/2031,90.7,0,1,73
1/7/2031,94.5,0,0,66
1/8/2031,75.6,0,1,64
1/9/2031,81.4,0,0,61
1/10/2031,64.5,0,0,56
1/11/2031,71.5,1,0,62
1/12/2031,63.8,1,0,59
1/13/2031,79.7,0,0,57
1/14/2031,75.4,0,0,56
1/15/2031,77.3,0,1,69
1/16/2031,66.5,0,0,54
1/17/2031,83.5,0,0,63
1/18/2031,50.9,1,0,52
1/19/2031,72.5,1,0,62
1/20/2031,73.9,0,1,70
1/21/2031,54.8,0,0,46
1/22/2031,78.8,0,1,65
1/23/2031,73.3,0,0,51
1/24/2031,80.6,0,0,63
1/25/2031,95,1,0,71
1/26/2031,78.2,1,0,68
1/27/2031,84.7,0,0,63
1/28/2031,88.8,0,0,63
1/29/2031,79.9,0,0,57
1/30/2031,66.3,0,1,64
1/31/2031,58.6,0,1,57
2/1/2031,78.7,1,0,65
2/2/2031,71,1,0,62
2/3/2031,87.8,0,0,65
2/4/2031,70.2,0,0,53
2/5/2031,74.9,0,1,67
2/6/2031,63.4,0,0,54
2/7/2031,71.6,0,0,57
2/8/2031,65.6,1,0,60
2/9/2031,66.5,1,1,68
2/10/2031,74.5,0,0,56
2/11/2031,68.9,0,1,61
2/12/2031,101.3,0,0,77
2/13/2031,83.4,0,1,74
2/14/2031,85.8,0,1,71
2/15/2031,73.9,1,1,72
2/16/2031,76.1,1,0,60
2/17/2031,70.7,0,0,54
2/18/2031,101.2,0,1,75
2/19/2031,73.9,0,1,66
2/20/2031,69,0,0,55
2/21/2031,67.5,0,0,57
2/22/2031,78.4,1,0,64
2/23/2031,89.2,1,0,73
2/24/2031,85.9,0,0,65
2/25/2031,67.4,0,0,61
2/26/2031,67.2,0,0,59
2/27/2031,87.5,0,0,68
2/28/2031,96,0,1,79
3/1/2031,73.5,1,1,67
3/2/2031,87.1,1,0,69
3/3/2031,60.3,0,1,65
3/4/2031,66.6,0,1,63
3/5/2031,64.9,0,0,50
3/6/2031,79.1,0,0,61
3/7/2031,73.2,0,0,54
3/8/2031,77.4,1,1,69
3/9/2031,87.2,1,0,70
3/10/2031,68.5,0,0,56
3/11/2031,75.9,0,1,64
3/12/2031,61.6,0,0,49
3/13/2031,86.6,0,0,59
3/14/2031,86,0,1,71
3/15/2031,78.6,1,0,58
3/16/2031,76.2,1,0,62
3/17/2031,69.9,0,1,63
3/18/2031,61,0,0,45
3/19/2031,78.1,0,0,56
3/20/2031,82.6,0,0,61
3/21/2031,95.2,0,0,67
3/22/2031,71.1,1,0,60
3/23/2031,77.7,1,0,65
3/24/2031,86.1,0,0,58
3/25/2031,86.4,0,1,73
3/26/2031,68.8,0,0,53
3/27/2031,72.2,0,0,54
3/28/2031,69.7,0,0,49
3/29/2031,66,1,0,57
3/30/2031,89.7,1,1,79
3/31/2031,75.6,0,0,58
4/1/2031,74.3,0,0,58
4/2/2031,77.5,0,0,58
4/3/2031,75.5,0,0,58
4/4/2031,72.8,0,0,53
4/5/2031,67.4,1,0,59
4/6/2031,90.7,1,1,77
4/7/2031,69.3,0,1,59
4/8/2031,65.7,0,1,63
4/9/2031,74.2,0,1,60
4/10/2031,96.6,0,0,70
4/11/2031,66.8,0,1,63
4/12/2031,82.1,1,0,64
4/13/2031,72.5,1,0,64
4/14/2031,77.4,0,0,57
4/15/2031,84.2,0,0,60
4/16/2031,57.8,0,0,45
4/17/2031,66,0,0,53
4/18/2031,84.1,0,1,67
4/19/2031,76,1,1,69
4/20/2031,77.1,1,0,63
4/21/2031,82.1,0,0,61
4/22/2031,66.1,0,0,57
4/23/2031,85.6,0,0,66
4/24/2031,83.2,0,0,63
4/25/2031,77.4,0,1,66
4/26/2031,79.7,1,0,64
4/27/2031,86.6,1,0,68
4/28/2031,69.1,0,1,61
4/29/2031,81.6,0,0,59
4/30/2031,92.4,0,0,66
5/1/2031,81.4,0,0,58
5/2/2031,72.8,0,0,54
5/3/2031,98.2,1,1,85
5/4/2031,77.3,1,0,60
5/5/2031,89,0,0,61
5/6/2031,70.8,0,0,59
5/7/2031,85.7,0,1,70
5/8/2031,69.5,0,0,59
5/9/2031,78.2,0,0,56
5/10/2031,68.9,1,1,68
5/11/2031,94,1,1,82
5/12/2031,72.8,0,1,62
5/13/2031,63.9,0,0,57
5/14/2031,76,0,0,57
5/15/2031,80.4,0,1,70
5/16/2031,74.7,0,0,55
5/17/2031,66.9,1,0,63
5/18/2031,85.4,1,0,69
5/19/2031,87.6,0,0,70
5/20/2031,58.5,0,0,53
5/21/2031,66.2,0,0,56
5/22/2031,73.4,0,0,54
5/23/2031,69.7,0,0,55
5/24/2031,80.3,1,0,64
5/25/2031,93.4,1,0,72
5/26/2031,71.2,0,0,56
5/27/2031,90.8,0,0,63
5/28/2031,60.3,0,0,50
5/29/2031,79.6,0,0,60
5/30/2031,69.1,0,0,52
5/31/2031,79.8,1,0,67
6/1/2031,57.4,1,0,54
6/2/2031,62.1,0,1,61
6/3/2031,79.8,0,0,61
6/4/2031,68.7,0,1,57
6/5/2031,71.8,0,0,53
6/6/2031,93.4,0,0,72
6/7/2031,76.4,1,0,66
6/8/2031,84,1,0,62
6/9/2031,67.4,0,0,55
6/10/2031,61.6,0,0,48
6/11/2031,74.2,0,1,59
6/12/2031,60.1,0,0,55
6/13/2031,68,0,0,54
6/14/2031,77.4,1,0,64
6/15/2031,73.9,1,0,58
6/16/2031,78.3,0,0,56
6/17/2031,81,0,0,56
6/18/2031,63,0,0,56
6/19/2031,65.6,0,1,56
6/20/2031,53.2,0,0,51
6/21/2031,71.3,1,0,58
6/22/2031,82.4,1,0,63
6/23/2031,89.9,0,0,65
6/24/2031,76.9,0,1,64
6/25/2031,88.7,0,0,65
6/26/2031,78.8,0,0,57
6/27/2031,76.1,0,1,65
6/28/2031,68.9,1,0,57
6/29/2031,51.1,1,0,53
6/30/2031,87.2,0,1,73
7/1/2031,74.5,0,0,58
7/2/2031,88.9,0,1,76
7/3/2031,65.5,0,1,62
7/4/2031,99.3,0,0,70
7/5/2031,72.5,1,1,69
7/6/2031,68.1,1,0,57
7/7/2031,72.9,0,1,62
7/8/2031,76.7,0,0,59
7/9/2031,74.3,0,1,68
7/10/2031,69.8,0,0,57
7/11/2031,57,0,0,50
7/12/2031,67,1,1,63
7/13/2031,85.7,1,0,69
7/14/2031,66.2,0,0,52
7/15/2031,57.8,0,0,49
7/16/2031,64.4,0,0,54
7/17/2031,74.1,0,0,54
7/18/2031,67.4,0,1,62
7/19/2031,72.2,1,0,62
7/20/2031,67,1,0,61
7/21/2031,85.1,0,1,69
7/22/2031,79.9,0,0,60
7/23/2031,97.2,0,0,69
7/24/2031,71.2,0,0,54
7/25/2031,72.2,0,0,54
7/26/2031,86.8,1,0,67
7/27/2031,78.9,1,0,64
7/28/2031,65.6,0,0,58
7/29/2031,80.6,0,0,60
7/30/2031,79,0,0,61
7/31/2031,57.1,0,0,49
8/1/2031,68.5,0,1,61
8/2/2031,76.9,1,0,63
8/3/2031,89.5,1,0,72
8/4/2031,82,0,0,61
8/5/2031,69.4,0,0,54
8/6/2031,67.9,0,0,53
8/7/2031,83,0,0,59
8/8/2031,50.7,0,0,48
8/9/2031,66.9,1,0,57
8/10/2031,89.1,1,0,74
8/11/2031,78,0,0,60
8/12/2031,67.4,0,0,58
8/13/2031,63,0,0,51
8/14/2031,83.4,0,0,60
8/15/2031,75.8,0,1,69
8/16/2031,72.8,1,0,60
8/17/2031,78.7,1,0,68
8/18/2031,76.6,0,0,60
8/19/2031,75.9,0,0,62
8/20/2031,61.8,0,0,48
8/21/2031,64.7,0,0,55
8/22/2031,82.5,0,0,59
8/23/2031,80.6,1,1,66
8/24/2031,78.8,1,0,67
8/25/2031,69.1,0,1,63
8/26/2031,82.7,0,0,64
8/27/2031,71.3,0,1,64
8/28/2031,88,0,0,64
8/29/2031,67.5,0,0,58
8/30/2031,69.7,1,0,60
8/31/2031,73.5,1,1,68
9/1/2031,83.5,0,0,61
9/2/2031,74.6,0,0,58
9/3/2031,75.4,0,1,57
9/4/2031,71.1,0,0,57
9/5/2031,77.7,0,0,63
9/6/2031,74.3,1,0,62
9/7/2031,67.2,1,0,57
9/8/2031,76.3,0,1,67
9/9/2031,76.5,0,0,63
9/10/2031,98.5,0,0,71
9/11/2031,68.9,0,0,55
9/12/2031,66.6,0,0,52
9/13/2031,77.8,1,0,61
9/14/2031,65.1,1,0,58
9/15/2031,64.3,0,1,60
9/16/2031,60.6,0,0,45
9/17/2031,67.3,0,0,51
9/18/2031,67.5,0,1,65
9/19/2031,62.2,0,0,50
9/20/2031,72.5,1,0,54
9/21/2031,51.3,1,0,55
9/22/2031,79.9,0,0,57
9/23/2031,69.4,0,1,61
9/24/2031,70.9,0,0,59
9/25/2031,80.9,0,1,66
9/26/2031,78.7,0,1,61
9/27/2031,68.7,1,1,68
9/28/2031,79.5,1,0,67
9/29/2031,90.5,0,0,64
9/30/2031,64.9,0,0,52
10/1/2031,82.5,0,0,58
10/2/2031,63.9,0,0,49
10/3/2031,86.8,0,1,70
10/4/2031,67.9,1,0,61
10/5/2031,67.5,1,0,59
10/6/2031,86.5,0,0,66
10/7/2031,82.2,0,0,66
10/8/2031,68.2,0,0,57
10/9/2031,76.3,0,0,53
10/10/2031,67.9,0,0,53
10/11/2031,59.1,1,0,57
10/12/2031,76.9,1,0,63
10/13/2031,71.4,0,1,59
10/14/2031,65.5,0,1,59
10/15/2031,88,0,0,57
10/16/2031,65.9,0,0,52
10/17/2031,76.4,0,0,56
10/18/2031,85.8,1,0,67
10/19/2031,72.4,1,1,73
10/20/2031,67.7,0,1,58
10/21/2031,78,0,0,57
10/22/2031,79.6,0,1,64
10/23/2031,83.8,0,0,65
10/24/2031,93.7,0,0,70
10/25/2031,70.4,1,0,61
10/26/2031,77,1,0,64
10/27/2031,62.3,0,0,48
10/28/2031,81.7,0,0,61
10/29/2031,76.8,0,0,55
10/30/2031,73.2,0,0,57
10/31/2031,68.8,0,0,53
11/1/2031,71.5,1,0,59
11/2/2031,77.4,1,0,64
11/3/2031,65.3,0,0,55
11/4/2031,71.9,0,0,61
11/5/2031,75.2,0,1,67
11/6/2031,59.6,0,0,57
11/7/2031,64.5,0,0,53
11/8/2031,68.4,1,1,73
11/9/2031,90.7,1,0,72
11/10/2031,66.7,0,0,54
11/11/2031,74.4,0,1,65
11/12/2031,64.6,0,0,53
11/13/2031,67.2,0,1,63
11/14/2031,60.6,0,1,54
11/15/2031,81.7,1,0,68
11/16/2031,61.7,1,0,51
11/17/2031,84.1,0,0,64
11/18/2031,79.7,0,1,70
11/19/2031,74.2,0,1,69
11/20/2031,84.4,0,1,68
11/21/2031,106,0,0,70
11/22/2031,79.8,1,1,76
11/23/2031,63.8,1,1,62
11/24/2031,89.9,0,0,61
11/25/2031,76.9,0,0,59
11/26/2031,96.1,0,0,68
11/27/2031,69.9,0,0,55
11/28/2031,87.8,0,0,66
11/29/2031,75,1,0,64
11/30/2031,101.6,1,0,76
12/1/2031,72.2,0,1,64
12/2/2031,105,0,1,80
12/3/2031,79.4,0,1,68
12/4/2031,83.5,0,0,58
12/5/2031,92,0,1,76
12/6/2031,67.1,1,0,62
12/7/2031,84.7,1,1,77
12/8/2031,72.1,0,0,58
12/9/2031,76.5,0,1,63
12/10/2031,75.8,0,0,54
12/11/2031,80.7,0,1,71
12/12/2031,80.3,0,0,60
12/13/2031,69.2,1,0,60
12/14/2031,76.2,1,0,64
