Movie Title,Box Office (₹ Cr),DVD Sales (₹ Cr)
Movie_1,197.43,107.07
Movie_2,200.97,98.54
Movie_3,179.81,85.06
Movie_4,180.71,92.81
Movie_5,142.46,61.94
Movie_6,84.01,44.33
Movie_7,261.98,132.55
Movie_8,141.25,60.41
Movie_9,187.06,102.17
Movie_10,173.65,82.02
Movie_11,215.89,120.82
Movie_12,184.6,85.87
Movie_13,186.14,78.53
Movie_14,74.63,30.72
Movie_15,146.67,63.39
Movie_16,209.79,88.41
Movie_17,206.19,105.89
Movie_18,141.93,63.66
Movie_19,116.88,43.16
Movie_20,185.06,85.25
Movie_21,63.73,29.08
Movie_22,134.05,57.18
Movie_23,250.41,116.03
Movie_24,237.8,106.49
Movie_25,199.49,96.09
Movie_26,192.29,92.06
Movie_27,101.99,47.76
Movie_28,150.37,57.9
Movie_29,168.19,93.51
Movie_30,151.22,56.28
Movie_31,165.99,73.63
Movie_32,231.97,91.69
Movie_33,158.33,74.39
Movie_34,166.36,76.01
Movie_35,209.58,92.54
Movie_36,123.22,64.8
Movie_37,146.39,73.99
Movie_38,150.49,65.26
Movie_39,182.22,89.33
Movie_40,166.2,87.79
Movie_41,167.47,84.58
Movie_42,153.41,67.99
Movie_43,137.17,50.82
Movie_44,204.37,95.28
Movie_45,166.49,80.49
Movie_46,204.76,84.26
Movie_47,135.53,61.14
Movie_48,153.39,68.39
Movie_49,171.15,88.89
Movie_50,174.89,94.91
Movie_51,210.17,106.93
Movie_52,162.78,72.55
Movie_53,209.87,106.49
Movie_54,195,94.08
Movie_55,175.73,78.42
Movie_56,141.95,78.73
Movie_57,210.28,86.87
Movie_58,142.95,68.64
Movie_59,179.15,88.14
Movie_60,177.84,77.47
Movie_61,171.72,82.07
Movie_62,164.43,81.77
Movie_63,147.12,68
Movie_64,115.32,54.62
Movie_65,236.15,107.51
Movie_66,160.33,78.54
Movie_67,174.88,76.69
Movie_68,174.63,75.86
Movie_69,223.82,100.95
Movie_70,257.33,131.03
Movie_71,186.39,67.59
Movie_72,173.72,70.28
Movie_73,135.06,76.15
Movie_74,122.26,56.7
Movie_75,109.04,46.85
Movie_76,148.17,72.57
Movie_77,96.37,39.58
Movie_78,223.15,76.96
Movie_79,196.92,92.11
Movie_80,169.93,70.26
Movie_81,224.38,102.11
Movie_82,137.15,63.98
Movie_83,147.2,67.29
Movie_84,102.65,37.42
Movie_85,210.97,95.21
Movie_86,147.59,69.7
Movie_87,180.63,68.64
Movie_88,220.1,82.33
Movie_89,234.83,93.12
Movie_90,178.83,87.15
Movie_91,195.37,68.4
Movie_92,143.85,70.7
Movie_93,247.33,116.15
Movie_94,173.35,75.78
Movie_95,183.21,68.88
Movie_96,163.73,67.16
Movie_97,227.97,111.5
Movie_98,187.98,96.4
Movie_99,210.44,83.85
Movie_100,194.16,98.46
Movie_101,171.18,82.9
Movie_102,217.18,97.66
Movie_103,193.81,80.06
Movie_104,141.56,59.59
Movie_105,140.43,75.99
Movie_106,185.95,85.34
Movie_107,216.3,111.72
Movie_108,245.58,113.48
Movie_109,108.91,46.54
Movie_110,181.03,86.75
Movie_111,199.59,111.35
Movie_112,191.83,80.15
Movie_113,220.37,109.24
Movie_114,206.22,94.76
Movie_115,140.58,53.07
Movie_116,139.41,52.47
Movie_117,192.5,82.27
Movie_118,219.62,102.64
Movie_119,185.74,91.74
Movie_120,116.88,43.42
Movie_121,138.11,66.66
Movie_122,207.66,92.22
Movie_123,166.05,74.75
Movie_124,184.72,88.56
Movie_125,222.62,119.61
Movie_126,131.91,61.36
Movie_127,163.43,62.46
Movie_128,159.09,70.1
Movie_129,194.22,95.67
Movie_130,210.92,104.25
Movie_131,120.79,58.38
Movie_132,179.78,76.32
Movie_133,214.77,81.96
Movie_134,105.81,50.73
Movie_135,177.42,69.07
Movie_136,131.37,63.67
Movie_137,154.34,74.8
Movie_138,79.8,34.04
Movie_139,235.71,104.74
Movie_140,165.77,76.24
Movie_141,147.71,61.93
Movie_142,193.13,73.57
Movie_143,138.31,61.97
Movie_144,134.51,60.97
Movie_145,240.41,124.54
Movie_146,252.35,103.69
Movie_147,156.32,78.7
Movie_148,222.69,87.44
Movie_149,194.24,74.35
Movie_150,123.45,53.7
Movie_151,142.87,57.57
Movie_152,242.04,92.48
Movie_153,122.93,67.27
Movie_154,271.24,115.93
Movie_155,157.15,88.88
Movie_156,243.23,97.36
Movie_157,167.78,61.17
Movie_158,212,109.09
Movie_159,235.8,97.54
Movie_160,235.6,107.66
Movie_161,156.63,59.87
Movie_162,145.7,65.29
Movie_163,176.75,67.42
Movie_164,127.98,57.12
Movie_165,189.57,80.81
Movie_166,147.17,67.92
Movie_167,223.31,107.48
Movie_168,157.2,72.63
Movie_169,110.31,52.13
Movie_170,236.04,104.93
Movie_171,187.33,80.22
Movie_172,181.17,85.79
Movie_173,223.78,99.45
Movie_174,214.86,95.9
Movie_175,149.53,70.26
Movie_176,162.01,64.53
Movie_177,135.48,70.65
Movie_178,121.42,53.13
Movie_179,203.14,92.67
Movie_180,195.69,87.62
Movie_181,210.43,101.56
Movie_182,231.26,107.99
Movie_183,210.98,94.41
Movie_184,214.54,112.08
Movie_185,96.88,28.08
Movie_186,167.72,85.9
Movie_187,218.58,108.42
Movie_188,133.27,47.74
Movie_189,183.67,91.19
Movie_190,200.78,100.98
Movie_191,197.71,94.52
Movie_192,194.75,72.46
Movie_193,203.96,98.74
Movie_194,187.23,93.68
Movie_195,121.48,51.19
Movie_196,200.28,94.54
Movie_197,191.39,82.75
Movie_198,122.01,60.31
Movie_199,235.19,102.15
Movie_200,201.35,84.77
Movie_201,124.79,55.91
Movie_202,147.31,56.41
Movie_203,157.44,69.76
Movie_204,157.41,73.68
Movie_205,191.72,94.61
Movie_206,140.95,65.18
Movie_207,225.13,85.18
Movie_208,221.83,114.82
Movie_209,204.77,106.85
Movie_210,181.77,82.82
Movie_211,217.5,89.7
Movie_212,168.96,71.54
Movie_213,151.02,66.42
Movie_214,227.6,105.59
Movie_215,192.7,83.78
Movie_216,152.64,62.14
Movie_217,163.29,81.83
Movie_218,150.54,69.68
Movie_219,260.89,103.67
Movie_220,180.16,83.7
Movie_221,186.31,85.35
Movie_222,208.85,86.48
Movie_223,131.39,66.98
Movie_224,223.86,102.25
Movie_225,155.69,68.37
Movie_226,253.2,112.88
Movie_227,167.49,79.09
Movie_228,221.51,98.88
Movie_229,80.13,35.74
Movie_230,132.99,66.93
Movie_231,168.26,63.78
Movie_232,98.77,38.27
Movie_233,204.04,99.74
Movie_234,192.52,109.89
Movie_235,140.37,69.32
Movie_236,179.36,97.43
Movie_237,212.26,90.91
Movie_238,95.88,40.09
Movie_239,129.06,61.02
Movie_240,166.6,82.91
Movie_241,180.95,69.56
Movie_242,177.66,78.05
Movie_243,215.57,96.72
Movie_244,199.09,82.83
Movie_245,207.87,87.7
Movie_246,124.4,61.22
Movie_247,185.79,87.97
Movie_248,167.71,82.16
Movie_249,238.48,111.33
Movie_250,186.98,75.98
Movie_251,153.24,72.2
Movie_252,214.1,86.15
Movie_253,202.53,87.98
Movie_254,147.14,58.59
Movie_255,166.06,69.65
Movie_256,166.74,75.79
Movie_257,229.1,97.85
Movie_258,188.13,76.35
Movie_259,209.07,105.98
Movie_260,160.27,71.16
Movie_261,193.39,81.92
Movie_262,232.13,91.9
Movie_263,165.56,59.01
Movie_264,184.61,81.02
Movie_265,125.47,47.82
Movie_266,149.38,72.54
Movie_267,166.62,75.22
Movie_268,137.57,72.63
Movie_269,232.88,107.39
Movie_270,146.48,60.59
Movie_271,211.47,75.28
Movie_272,187.47,91.92
Movie_273,181.23,69.78
Movie_274,239.45,102.87
Movie_275,89.58,47.81
Movie_276,172.15,82.73
Movie_277,136.78,64.22
Movie_278,101.54,50.49
Movie_279,132.21,65.49
Movie_280,180.69,95.59
Movie_281,150.99,63.4
Movie_282,215.86,93.07
Movie_283,171.45,69.25
Movie_284,167.01,74.88
Movie_285,167.19,74.13
Movie_286,176.06,63.78
Movie_287,163.26,68.13
Movie_288,145.95,76.18
Movie_289,219.57,101.49
Movie_290,155.04,75.31
Movie_291,164.66,73.1
Movie_292,197.18,70.13
Movie_293,192.75,85.5
Movie_294,144.26,72.43
Movie_295,210.2,82.13
Movie_296,201.51,98.21
Movie_297,187.12,68.28
Movie_298,162.75,73.4
Movie_299,163.73,78.14
Movie_300,171.93,74.69
Movie_301,130.73,74.99
Movie_302,178.43,75.89
Movie_303,215.68,90.82
Movie_304,215.05,98.97
Movie_305,164.77,67.93
Movie_306,222.56,84.11
Movie_307,256.24,101.24
Movie_308,167.35,81.65
Movie_309,207.66,90.28
Movie_310,89.49,47.89
Movie_311,129.67,55.49
Movie_312,183.64,89.16
Movie_313,139.73,66.45
Movie_314,261.57,111.74
Movie_315,203.92,82.8
Movie_316,218.63,79.45
Movie_317,178.84,85.42
Movie_318,139.87,71.32
Movie_319,159.25,59
Movie_320,190.18,82.06
Movie_321,154.48,64.36
Movie_322,206.85,98.79
Movie_323,208.46,90.38
Movie_324,180.2,93.01
Movie_325,106.97,46.08
Movie_326,248.59,96.5
Movie_327,171.49,73.15
Movie_328,288.37,124.6
Movie_329,206.1,98.17
Movie_330,171.6,74.02
Movie_331,197.91,93.41
Movie_332,99.23,40.73
Movie_333,221.05,96.22
Movie_334,282.68,116.11
Movie_335,96.43,39.31
Movie_336,168.5,86.57
Movie_337,175.79,72.82
Movie_338,215.01,93.02
Movie_339,264.24,132.71
Movie_340,195.32,95.22
Movie_341,265.67,141.35
Movie_342,186.82,88.58
Movie_343,198.06,83.18
Movie_344,193.13,106.77
Movie_345,228.81,109.62
Movie_346,163.11,72.14
Movie_347,212.73,96.34
Movie_348,130.77,60.02
Movie_349,168.62,73.88
Movie_350,154.53,58.91
Movie_351,183.52,97.51
Movie_352,167.36,75.13
Movie_353,225.29,103.45
Movie_354,144.85,80.23
Movie_355,110.75,46.05
Movie_356,125.71,60.69
Movie_357,219.77,90.19
Movie_358,141.22,65.82
Movie_359,195.91,90.13
Movie_360,168.21,82.34
Movie_361,212.97,108.7
Movie_362,170.77,71.9
Movie_363,290.57,151.34
Movie_364,255.92,134.2
Movie_365,167.39,73.23
Movie_366,161.91,72.81
Movie_367,305.29,129.83
Movie_368,136.85,59.49
Movie_369,177.8,69.31
Movie_370,180.9,88.44
Movie_371,179.91,62.52
Movie_372,110.45,45.85
Movie_373,199.86,89.48
Movie_374,141.19,72.71
Movie_375,237.44,100.37
Movie_376,121.76,57.4
Movie_377,182.38,81.33
Movie_378,91.36,45.43
Movie_379,93.82,43.98
Movie_380,146.43,71.97
Movie_381,152.07,64.24
Movie_382,238.63,95.28
Movie_383,178.38,83.55
Movie_384,231.7,98.61
Movie_385,164.81,74.41
Movie_386,204.24,95.15
Movie_387,150.98,77.32
Movie_388,148.26,72.55
Movie_389,107.17,44.58
Movie_390,193.43,75.97
Movie_391,190.48,101.98
Movie_392,211.09,78.29
Movie_393,188.6,80.6
Movie_394,261.05,125.89
Movie_395,187.04,99.49
Movie_396,219.67,96.77
Movie_397,167.04,75.4
Movie_398,143.66,58.36
Movie_399,208.71,95.24
Movie_400,176.43,69.25
Movie_401,213.28,87.97
Movie_402,194.12,94.77
Movie_403,148.28,63.51
Movie_404,222.97,110.56
Movie_405,145.15,64.2
Movie_406,205.01,78.22
Movie_407,231.26,117.58
Movie_408,164.62,63.25
Movie_409,226.24,95
Movie_410,195.9,86.2
Movie_411,214.08,107.1
Movie_412,146.53,62.08
Movie_413,188.57,76.12
Movie_414,123.68,56.66
Movie_415,248.45,109.14
Movie_416,99.44,42.42
Movie_417,165.81,76.41
Movie_418,142.73,55.64
Movie_419,206.99,75.33
Movie_420,256.96,143.11
Movie_421,206.2,93.86
Movie_422,298.45,136.9
Movie_423,124.88,51.31
Movie_424,127.95,63.32
Movie_425,144.28,61.08
Movie_426,184.85,57.43
Movie_427,138.92,58.58
Movie_428,149.93,65.36
Movie_429,204.82,90.43
Movie_430,130.43,57.4
Movie_431,134.67,56.26
Movie_432,164.06,67.74
Movie_433,167.82,73.02
Movie_434,220.4,81.05
Movie_435,143.97,50.69
Movie_436,151.19,68.78
Movie_437,203.27,92.64
Movie_438,212.06,104.75
Movie_439,237.15,103.69
Movie_440,198.76,77.58
Movie_441,185.21,65.38
Movie_442,203,82.31
Movie_443,169.3,79.76
Movie_444,169.01,88.24
Movie_445,109.04,49.36
Movie_446,215.74,83.99
Movie_447,188.46,76.52
Movie_448,211.08,86.03
Movie_449,67.37,28.95
Movie_450,178.12,90.14
Movie_451,145.76,74.33
Movie_452,240.05,105.95
Movie_453,204.57,93.93
Movie_454,189.37,77.66
Movie_455,162.72,59.31
Movie_456,195.89,105.67
Movie_457,142.87,47.7
Movie_458,176.01,63.05
Movie_459,156.87,84.68
Movie_460,270.66,122.02
Movie_461,238.8,94.02
Movie_462,222.52,107.73
Movie_463,120.39,58.83
Movie_464,214.57,82.26
Movie_465,187.51,79.38
Movie_466,228.94,113.05
Movie_467,192.9,78.93
Movie_468,179.73,83.41
Movie_469,189.35,98.7
Movie_470,107.77,35.6
Movie_471,149.3,64.64
Movie_472,194.93,90.27
Movie_473,225.58,81.3
Movie_474,157.98,66.91
Movie_475,178.37,89.58
Movie_476,115.96,48.1
Movie_477,238.37,89.58
Movie_478,224.55,113.74
Movie_479,206.08,97.32
Movie_480,196.27,87.65
Movie_481,242.1,107.75
Movie_482,147.8,74.11
Movie_483,143.47,66.67
Movie_484,222.46,107.29
Movie_485,219.77,91.29
Movie_486,132.26,46.84
Movie_487,158.75,76.37
Movie_488,247.56,125.03
Movie_489,196.47,86.21
Movie_490,211.49,104.56
Movie_491,133.64,57.9
Movie_492,206.27,91.89
Movie_493,123.22,66.25
Movie_494,100.81,43.9
Movie_495,209.07,90.42
Movie_496,237.38,84.63
Movie_497,169.85,82.29
Movie_498,158.14,65.55
Movie_499,248.43,113.62
Movie_500,172.21,74.78
Movie_501,177.37,75.86
Movie_502,247.76,110.03
Movie_503,165.86,74.3
Movie_504,153.84,78.27
Movie_505,212.62,111.84
Movie_506,151.53,73.12
Movie_507,174.22,89.48
Movie_508,127.23,62.69
Movie_509,187.42,88.97
Movie_510,182.72,95.52
Movie_511,218.72,84.11
Movie_512,214.29,89.1
Movie_513,202.06,82.63
Movie_514,195.77,85.15
Movie_515,177.07,85.75
Movie_516,204.38,80.58
Movie_517,135.51,64.39
Movie_518,86.04,36.19
Movie_519,226.48,97.99
Movie_520,206.97,95.21
Movie_521,174.92,93.42
Movie_522,222.98,92.4
Movie_523,150.74,67.23
Movie_524,151.78,60.12
Movie_525,146.23,60.52
Movie_526,202.7,80.19
Movie_527,116.68,53.93
Movie_528,149.32,70.37
Movie_529,191.59,92.8
Movie_530,131.83,54.36
Movie_531,153.59,73.02
Movie_532,91.54,41.71
Movie_533,204.23,91.31
Movie_534,152.49,59.16
Movie_535,136.03,62.26
Movie_536,128.2,58.88
Movie_537,163.27,74.3
Movie_538,116.79,54.89
Movie_539,257.7,124.91
Movie_540,84.61,33.43
Movie_541,161.98,71.14
Movie_542,184.28,87.68
Movie_543,148.98,65.04
Movie_544,188.49,93.86
Movie_545,148.02,67.28
Movie_546,241.2,84.96
Movie_547,135.24,66.53
Movie_548,85.95,38.17
Movie_549,128.06,46.3
Movie_550,195.46,85.49
Movie_551,175.28,67.76
Movie_552,210.09,102.45
Movie_553,200.07,89.67
Movie_554,154.55,62.41
Movie_555,160.44,78.7
Movie_556,164.59,77.84
Movie_557,255.37,111.91
Movie_558,207.63,80.5
Movie_559,255.67,104.28
Movie_560,213.63,86.97
Movie_561,177.46,86.48
Movie_562,139.23,50.95
Movie_563,188.06,84.18
Movie_564,177.57,77.68
Movie_565,176.25,88.44
Movie_566,171.64,79.24
Movie_567,97.9,46.67
Movie_568,230.43,97.64
Movie_569,177.98,69.14
Movie_570,123.43,53.53
Movie_571,199.27,97.41
Movie_572,145.77,71.24
Movie_573,202.49,86.76
Movie_574,215.27,87.61
Movie_575,220.79,87.69
Movie_576,173.56,76.92
Movie_577,163.45,74.67
Movie_578,154.98,81.16
Movie_579,151.1,68.93
Movie_580,179.31,86.19
Movie_581,171.63,70.54
Movie_582,146.99,66.45
Movie_583,134.25,61.35
Movie_584,175.65,77.81
Movie_585,162.63,73.01
Movie_586,134.35,61.31
Movie_587,213.22,101.08
Movie_588,250.88,127.56
Movie_589,218.5,73.57
Movie_590,151.19,76.45
Movie_591,177.99,64.87
Movie_592,241.62,112.46
Movie_593,133.05,75.54
Movie_594,211.3,94.64
Movie_595,122.08,56.03
Movie_596,247.36,107.47
Movie_597,162.79,78.69
Movie_598,269.16,126
Movie_599,249.12,103.68
Movie_600,175.74,78.08
Movie_601,151.22,59.59
Movie_602,187.79,83.39
Movie_603,172.79,74.13
Movie_604,163.94,74.89
Movie_605,113.68,47.12
Movie_606,159.42,70.03
Movie_607,135.58,61.07
Movie_608,202.07,91.72
Movie_609,219.64,101.85
Movie_610,209.63,92.51
Movie_611,193.7,79.55
Movie_612,145.88,66.24
Movie_613,188.22,83.02
Movie_614,211.71,106.12
Movie_615,156.55,79.45
Movie_616,184.76,70.47
Movie_617,174.18,83.76
Movie_618,246.49,121
Movie_619,214.06,81.92
Movie_620,204.37,97.89
Movie_621,111.33,55.09
Movie_622,186.91,75.23
Movie_623,173.8,76.16
Movie_624,173.45,79.67
Movie_625,117.46,56.21
Movie_626,136.49,54.67
Movie_627,177.28,90.03
Movie_628,224.57,78.27
Movie_629,156.38,80.72
Movie_630,164,78.31
Movie_631,251.24,105.25
Movie_632,168.13,82.93
Movie_633,174.85,69.52
Movie_634,175.39,79.93
Movie_635,126.18,58.29
Movie_636,202.87,93.69
Movie_637,153.88,62.79
Movie_638,178.8,76.03
Movie_639,197.77,90.25
Movie_640,257.7,106.6
Movie_641,127.29,59.01
Movie_642,214.6,89.98
Movie_643,214.75,107.38
Movie_644,154.47,81.58
Movie_645,203.98,88.76
Movie_646,245.74,121.89
Movie_647,149.4,65.64
Movie_648,189.66,76.47
Movie_649,196.19,84.11
Movie_650,201.37,91.48
Movie_651,210.77,76.01
Movie_652,186.65,89.83
Movie_653,200.54,91.11
Movie_654,143.54,71.77
Movie_655,186.56,89.62
Movie_656,160.95,73.39
Movie_657,130.81,56.54
Movie_658,159.63,83.99
Movie_659,190.78,106.55
Movie_660,197.43,85.5
Movie_661,129.26,64.9
Movie_662,142.49,59.09
Movie_663,208.99,87.9
Movie_664,200.33,86.28
Movie_665,215.48,104.34
Movie_666,234.71,93
Movie_667,201.52,106.3
Movie_668,163.41,81.2
Movie_669,184.59,89.17
Movie_670,246.4,107.26
Movie_671,290.58,142.81
Movie_672,198.52,60.38
Movie_673,201.42,95.08
Movie_674,209.03,95.74
Movie_675,180.95,64.36
Movie_676,226.55,106.55
Movie_677,220.32,105.65
Movie_678,194.18,69.38
Movie_679,167.28,65.35
Movie_680,119.17,65.93
Movie_681,209.3,92.23
Movie_682,188.51,94.03
Movie_683,150.49,76.2
Movie_684,134.8,63.32
Movie_685,206.46,103.41
Movie_686,115.95,39.93
Movie_687,191.99,84.18
Movie_688,213.74,63.26
Movie_689,202,73.26
Movie_690,164.37,69.48
Movie_691,130.03,54.19
Movie_692,203.48,91.99
Movie_693,228.02,102.37
Movie_694,157.09,71.74
Movie_695,200.28,91.88
Movie_696,243.26,113.52
Movie_697,193.55,77.82
Movie_698,164.12,67.91
Movie_699,221.63,99.32
Movie_700,150.5,67.56
Movie_701,128.07,50.7
Movie_702,212.49,107.11
Movie_703,163.75,79.62
Movie_704,167.34,68.11
Movie_705,154.92,68.1
Movie_706,161.09,88.68
Movie_707,236.12,108.15
Movie_708,246.5,115.8
Movie_709,251.8,105.64
Movie_710,223.6,97.12
Movie_711,198.65,104.4
Movie_712,122.71,55.91
Movie_713,172.5,77.01
Movie_714,266.27,119.92
Movie_715,162.58,93.85
Movie_716,240.57,108.74
Movie_717,182.2,74.43
Movie_718,72.87,30.4
Movie_719,205.62,100.56
Movie_720,230.65,87.32
Movie_721,178.04,84.13
Movie_722,229.32,94.89
Movie_723,113.29,40.45
Movie_724,124.58,49.96
Movie_725,188.19,84.94
Movie_726,199.08,103.47
Movie_727,234.26,116.11
Movie_728,205.56,89.48
Movie_729,132.25,65.94
Movie_730,188.52,81.47
Movie_731,204.03,76.85
Movie_732,105.03,47.37
Movie_733,178.25,66.79
Movie_734,166.58,81.55
Movie_735,153.81,75.41
Movie_736,199.95,81.18
Movie_737,134.01,61.28
Movie_738,196.68,89.84
Movie_739,202.38,99.89
Movie_740,223.35,86.6
Movie_741,135.06,64.83
Movie_742,119.79,46.02
Movie_743,191.16,93.45
Movie_744,168.55,84.8
Movie_745,296.11,123.34
Movie_746,198.34,101.34
Movie_747,182.33,67.7
Movie_748,173.09,87.41
Movie_749,131.28,68.52
Movie_750,202.56,94.65
Movie_751,176.83,77.84
Movie_752,176.87,82.35
Movie_753,183.78,77.15
Movie_754,188.85,109.77
Movie_755,110.43,46.45
Movie_756,213.48,110.13
Movie_757,146.14,60.35
Movie_758,174.48,92.45
Movie_759,231.44,127.43
Movie_760,251.18,117.88
Movie_761,111.98,52
Movie_762,181.21,72.88
Movie_763,190.92,75.65
Movie_764,119.7,55.65
Movie_765,212.1,110.91
Movie_766,184.65,78.03
Movie_767,187.77,105.23
Movie_768,143.3,60.11
Movie_769,196.52,90.69
Movie_770,213.53,98.57
Movie_771,185.09,82.35
Movie_772,159.44,55.45
Movie_773,162.56,68.12
Movie_774,188.82,86.85
Movie_775,181.95,81
Movie_776,216.19,104.16
Movie_777,160.79,78.44
Movie_778,131.26,57.49
Movie_779,194.38,78.12
Movie_780,160.9,84.86
Movie_781,211.35,80.78
Movie_782,180.3,75.77
Movie_783,206.19,84.02
Movie_784,139.43,67.95
Movie_785,185.74,95.81
Movie_786,152.03,67.09
Movie_787,131.19,60.54
Movie_788,145.56,68.62
Movie_789,158.22,85.47
Movie_790,229.79,83.03
Movie_791,157.16,76.57
Movie_792,129.14,60.54
Movie_793,185.26,79.93
Movie_794,181.17,84.48
Movie_795,160.32,78.08
Movie_796,173.55,83.16
Movie_797,219.05,122.21
Movie_798,206.83,94.39
Movie_799,203.37,91.79
Movie_800,132.65,58.49
Movie_801,295.46,141.13
Movie_802,222.05,99.57
Movie_803,200.68,90.44
Movie_804,133.43,60.16
Movie_805,217.91,96.59
Movie_806,159.95,67.11
Movie_807,172.23,81.1
Movie_808,112.77,49.14
Movie_809,130.34,62.65
Movie_810,197.54,89.99
Movie_811,220.25,94.86
Movie_812,207.4,109.56
Movie_813,206.03,91.66
Movie_814,177.41,85.36
Movie_815,163.73,67.95
Movie_816,191.56,66.8
Movie_817,212.86,89.75
Movie_818,180.19,61.83
Movie_819,228.41,100.08
Movie_820,171.4,89.72
Movie_821,140.79,56.98
Movie_822,179.59,61.9
Movie_823,184.24,96.73
Movie_824,176.72,75.32
Movie_825,231.23,103.87
Movie_826,212.21,103.86
Movie_827,122.76,58.45
Movie_828,241.37,117.67
Movie_829,70.34,34.82
Movie_830,266.04,96.49
Movie_831,168.51,63.91
Movie_832,172.42,87.69
Movie_833,177.6,72.98
Movie_834,195.41,81.36
Movie_835,179.99,69.63
Movie_836,174.66,75.06
Movie_837,232.36,100.5
Movie_838,202.62,81.68
Movie_839,141.65,56.28
Movie_840,209.63,97.67
Movie_841,200.96,82.32
Movie_842,158.19,66.39
Movie_843,211.69,72.12
Movie_844,173.7,95
Movie_845,171.13,85.07
Movie_846,170.04,72.31
Movie_847,82.88,33.57
Movie_848,158.93,71.61
Movie_849,208.53,93.67
Movie_850,179.1,69.17
Movie_851,128.59,41.47
Movie_852,218.59,92.62
Movie_853,168.06,62.49
Movie_854,131.14,60.14
Movie_855,268.24,123.1
Movie_856,137.87,55.33
Movie_857,215.18,91.08
Movie_858,149.23,80.31
Movie_859,185.43,90.63
Movie_860,143.91,61.51
Movie_861,130.43,73.64
Movie_862,200.89,78.38
Movie_863,196.21,80.32
Movie_864,225.79,100.36
Movie_865,178.62,66.71
Movie_866,268.81,145.03
Movie_867,190.73,87.58
Movie_868,202.67,83.2
Movie_869,125.66,59.36
Movie_870,155.44,71.08
Movie_871,200.79,87.3
Movie_872,176.63,68.81
Movie_873,187.51,70.91
Movie_874,147.34,82.41
Movie_875,184.88,70.69
Movie_876,184.74,98.82
Movie_877,132.78,54.14
Movie_878,205.7,100.69
Movie_879,112,53.01
Movie_880,187.37,90.55
Movie_881,250.62,121.95
Movie_882,207.22,76.55
Movie_883,206.97,86.14
Movie_884,144.1,54.99
Movie_885,250.76,115.22
Movie_886,235.07,90.23
Movie_887,146.26,51.33
Movie_888,161.01,70.54
Movie_889,230.19,78.16
Movie_890,251.85,116.59
Movie_891,129.41,50.1
Movie_892,139.85,57.05
Movie_893,174.25,58.54
Movie_894,93.16,49.61
Movie_895,180.76,68.12
Movie_896,227.43,98.2
Movie_897,122.45,44.13
Movie_898,185.08,75.55
Movie_899,156.73,84.26
Movie_900,245.6,114.17
Movie_901,157.21,65.06
Movie_902,240.76,107.93
Movie_903,156.1,65.87
Movie_904,210.85,93.91
Movie_905,190.08,92.61
Movie_906,174.47,75.62
Movie_907,148.38,68.4
Movie_908,192.92,89.1
Movie_909,162.38,70.42
Movie_910,152.41,62.98
Movie_911,238.91,101.24
Movie_912,201.9,97.91
Movie_913,205.75,100.64
Movie_914,164.34,64.6
Movie_915,172.56,75.4
Movie_916,170.06,70.12
Movie_917,193.49,94.81
Movie_918,205.67,87.71
Movie_919,178.79,100.13
Movie_920,148.29,68.35
Movie_921,210.42,107.12
Movie_922,181.34,72.4
Movie_923,122.37,55.14
Movie_924,94.59,45.48
Movie_925,191.92,76.45
Movie_926,146.82,66.22
Movie_927,197.24,99.13
Movie_928,148.98,64.6
Movie_929,185.33,75.51
Movie_930,164.86,89.05
Movie_931,250.08,97.88
Movie_932,218.01,99.8
Movie_933,233.89,96.97
Movie_934,180.96,72.96
Movie_935,212.89,103.7
Movie_936,183.67,80.76
Movie_937,238.78,112.3
Movie_938,177.1,59.73
Movie_939,124.1,58.97
Movie_940,100.06,41.42
Movie_941,246.73,87.85
Movie_942,199.14,108.38
Movie_943,201.77,96.86
Movie_944,239.59,110.54
Movie_945,113.93,58.39
Movie_946,165.66,76.6
Movie_947,170.56,69.94
Movie_948,209.69,92.53
Movie_949,152.29,63.37
Movie_950,131.95,56.08
Movie_951,131.59,50.94
Movie_952,225.98,90.73
Movie_953,150.3,74.36
Movie_954,157.92,73.69
Movie_955,205.38,87.26
Movie_956,152.04,60.6
Movie_957,111.8,48.04
Movie_958,116.73,42.7
Movie_959,177.73,81.1
Movie_960,199.89,99.4
Movie_961,171.91,97.7
Movie_962,197.22,77.87
Movie_963,115.49,57.19
Movie_964,118.19,49.01
Movie_965,270.16,106.33
Movie_966,229.31,90.25
Movie_967,210.76,96.33
Movie_968,153.61,61.98
Movie_969,170.48,71.54
Movie_970,179.93,77.01
Movie_971,232.57,96.05
Movie_972,196.11,80.28
Movie_973,201.04,66.05
Movie_974,173.29,78.73
Movie_975,211.71,95.99
Movie_976,192.09,78.78
Movie_977,181.76,85.07
Movie_978,150.28,78.12
Movie_979,175.46,79.16
Movie_980,136.82,70.67
Movie_981,178.39,100.24
Movie_982,183.56,105.83
Movie_983,83.82,32.74
Movie_984,170.79,66.75
Movie_985,132.96,56.88
Movie_986,199.95,91.26
Movie_987,205.49,108.77
Movie_988,162.95,78.44
Movie_989,201.96,78.73
Movie_990,203.64,85.41
Movie_991,170.81,76.51
Movie_992,241.37,90.64
Movie_993,151,68.05
Movie_994,238.85,93.29
Movie_995,170.99,62.83
Movie_996,146.27,58.9
Movie_997,165.94,78.08
Movie_998,136.02,63.96
Movie_999,211.38,96.14
Movie_1000,115.89,57.9
Movie_1001,235.58,116.44
Movie_1002,142.57,65.61
Movie_1003,213.47,96.77
Movie_1004,180.97,82.61
Movie_1005,190.83,84.46
Movie_1006,156.4,53.38
Movie_1007,194.11,98.37
Movie_1008,185.4,87.12
Movie_1009,121.68,47.36
Movie_1010,141.5,73.78
Movie_1011,158.36,66.59
Movie_1012,149.8,66.6
Movie_1013,230.11,115.33
Movie_1014,180.28,83.11
Movie_1015,148.85,76.92
Movie_1016,160.37,69.34
Movie_1017,159.82,85.43
Movie_1018,168.48,69.26
Movie_1019,136.99,70.67
Movie_1020,147.44,49.65
Movie_1021,210.66,83.21
Movie_1022,187.41,87.13
Movie_1023,173.91,74.78
Movie_1024,180.1,80.37
Movie_1025,178.18,80.55
Movie_1026,171.63,67.01
Movie_1027,200.68,79.11
Movie_1028,197.73,91.27
Movie_1029,117.13,48.81
Movie_1030,174.74,90.35
Movie_1031,119.77,52.75
Movie_1032,205.42,99.82
Movie_1033,210.71,99.49
Movie_1034,155.57,65.33
Movie_1035,175.33,61.54
Movie_1036,95.54,48.65
Movie_1037,218.91,87.79
Movie_1038,208.39,89.57
Movie_1039,226,100
Movie_1040,239.46,107.15
Movie_1041,131.04,65.27
Movie_1042,215.52,97.05
Movie_1043,239.17,106.1
Movie_1044,120.22,60.22
Movie_1045,173.15,83.12
Movie_1046,165.46,68.37
Movie_1047,214.22,84.11
Movie_1048,84.24,34.44
Movie_1049,252.64,113.07
Movie_1050,175.5,68.04
Movie_1051,216.64,98.47
Movie_1052,177.59,78.77
Movie_1053,199.69,64.47
Movie_1054,87.14,33.09
Movie_1055,164.6,50.32
Movie_1056,213.91,92.58
Movie_1057,191.55,96.48
Movie_1058,114.53,40.71
Movie_1059,182.46,70.04
Movie_1060,147.25,65.06
Movie_1061,143.78,57.05
Movie_1062,119.17,47.26
Movie_1063,204.75,97.68
Movie_1064,224.52,95.48
Movie_1065,264.81,99.48
Movie_1066,121.04,41.83
Movie_1067,210.69,118.07
Movie_1068,213.33,108.03
Movie_1069,156.78,67.01
Movie_1070,143.3,65.11
Movie_1071,136.57,58.12
Movie_1072,158.91,75.57
Movie_1073,188.1,76.61
Movie_1074,234.4,99.11
Movie_1075,224.21,106
Movie_1076,115.38,60.31
Movie_1077,148.45,72.31
Movie_1078,231.99,118.71
Movie_1079,150.76,65.49
Movie_1080,177.72,74.44
Movie_1081,111.79,39.47
Movie_1082,226.12,102.57
Movie_1083,103.49,48.53
Movie_1084,114.29,49.72
Movie_1085,222.03,91.29
Movie_1086,256.8,131.53
Movie_1087,168.38,81.09
Movie_1088,178.13,91.85
Movie_1089,216.33,87.03
Movie_1090,191.58,79.43
Movie_1091,165.07,84.21
Movie_1092,160.58,71.88
Movie_1093,117.33,49.46
Movie_1094,189.32,80.47
Movie_1095,176.32,79.25
Movie_1096,162.49,81.27
Movie_1097,139.93,61.85
Movie_1098,143.98,70.48
Movie_1099,204.74,96.92
Movie_1100,215.27,87.42
Movie_1101,166.92,67.78
Movie_1102,162.7,69.55
Movie_1103,145.85,55.88
Movie_1104,217.47,92.27
Movie_1105,181.24,95.27
Movie_1106,194.72,87.32
Movie_1107,194.34,80.01
Movie_1108,167.69,91.52
Movie_1109,133.39,53.82
Movie_1110,140.15,56.33
Movie_1111,225.12,115.14
Movie_1112,150.97,72.93
Movie_1113,163.59,72.55
Movie_1114,134.62,66.18
Movie_1115,131.36,61.09
Movie_1116,149.23,58.3
Movie_1117,247.54,81.72
Movie_1118,206.32,86.99
Movie_1119,158.93,80.14
Movie_1120,223.32,95.71
Movie_1121,173.91,82.26
Movie_1122,234.17,107.54
Movie_1123,268.47,98.08
Movie_1124,221.13,95.02
Movie_1125,183.78,86
Movie_1126,207.97,85.4
Movie_1127,180.6,78
Movie_1128,106.56,50.04
Movie_1129,153.81,69.77
Movie_1130,141.94,71.3
Movie_1131,152.93,71.75
Movie_1132,251.75,101.26
Movie_1133,224.89,95.83
Movie_1134,197.64,89.14
Movie_1135,212.49,109.84
Movie_1136,104.32,44.47
Movie_1137,209.13,75.99
Movie_1138,217.58,102.7
Movie_1139,90.41,37.27
Movie_1140,210.61,81.24
Movie_1141,123.04,55.48
Movie_1142,101.2,50.46
Movie_1143,233.05,98.19
Movie_1144,139.72,66.34
Movie_1145,151.36,73.27
Movie_1146,219.58,107.5
Movie_1147,167.79,69.36
Movie_1148,172.79,68.07
Movie_1149,171.92,68.9
Movie_1150,193.9,94.92
Movie_1151,170.95,82.63
Movie_1152,184.57,74.22
Movie_1153,159.86,88.98
Movie_1154,194.07,76.89
Movie_1155,192.55,96.27
Movie_1156,255.92,134.61
Movie_1157,164.75,75.04
Movie_1158,172.63,71.04
Movie_1159,189.55,78.21
Movie_1160,218.58,95.5
Movie_1161,136.34,68.72
Movie_1162,184.14,71.82
Movie_1163,79.69,28.53
Movie_1164,169.14,79.17
Movie_1165,222.91,106.79
Movie_1166,150.95,82.78
Movie_1167,187.07,71.25
Movie_1168,158.84,70.41
Movie_1169,145.62,73.99
Movie_1170,218.86,99.81
Movie_1171,138.19,60.84
Movie_1172,191.72,93.85
Movie_1173,192.33,80.78
Movie_1174,145.93,71.88
Movie_1175,186.23,72.13
Movie_1176,142.6,53.34
Movie_1177,200.87,87.64
Movie_1178,127.4,41
Movie_1179,166.42,75.59
Movie_1180,169.89,61.73
Movie_1181,224.52,104.2
Movie_1182,185.6,85.24
Movie_1183,218.2,97.45
Movie_1184,202.19,95.4
Movie_1185,201.93,92.93
Movie_1186,166.72,72.58
Movie_1187,220.84,119.6
Movie_1188,165.75,77.85
Movie_1189,110.81,54.14
Movie_1190,171.41,86.33
Movie_1191,198.14,95.78
Movie_1192,115.73,64.02
Movie_1193,144.6,66.27
Movie_1194,130.78,58.81
Movie_1195,211.47,88.29
Movie_1196,246.91,107.95
Movie_1197,171.61,70.95
Movie_1198,201.26,97.38
Movie_1199,200.22,80.97
Movie_1200,242.15,109.86
Movie_1201,153.9,73.56
Movie_1202,171.2,78.33
Movie_1203,166.37,67.41
Movie_1204,183.01,88.75
Movie_1205,280.17,124.88
Movie_1206,181.23,55.52
Movie_1207,145.81,58.45
Movie_1208,133.82,69.59
Movie_1209,230.11,120.63
Movie_1210,145.63,69.36
Movie_1211,206.54,101.04
Movie_1212,152.81,62.82
Movie_1213,129.33,56.52
Movie_1214,204.21,104.51
Movie_1215,154.77,72.94
Movie_1216,197.02,89.3
Movie_1217,199.97,88.12
Movie_1218,201.85,102.69
Movie_1219,169.27,85.67
Movie_1220,207.45,100.09
Movie_1221,143.1,64.87
Movie_1222,81.84,35.37
Movie_1223,208.28,100.94
Movie_1224,186.62,73.7
Movie_1225,155.6,63.06
Movie_1226,121.15,45.73
Movie_1227,98.54,50.43
Movie_1228,182.07,75.37
Movie_1229,245.95,115.65
Movie_1230,174.46,77.41
Movie_1231,165.55,98.48
Movie_1232,179.03,84.52
Movie_1233,267.17,95.35
Movie_1234,210.08,106.88
Movie_1235,142.66,61.44
Movie_1236,181.12,79.68
Movie_1237,193.3,80.49
Movie_1238,137.75,63.33
Movie_1239,210.37,96.59
Movie_1240,147.29,61.53
Movie_1241,119.56,50.76
Movie_1242,183.05,83.3
Movie_1243,176.71,58.82
Movie_1244,179.96,68.01
Movie_1245,149.41,79.71
Movie_1246,155,72.29
Movie_1247,225.14,95.4
Movie_1248,197.64,72.18
Movie_1249,141.73,63.38
Movie_1250,101.97,50.91
Movie_1251,143.42,83.46
Movie_1252,186.29,101.45
Movie_1253,154.72,62.76
Movie_1254,151.61,64.47
Movie_1255,156.43,58.88
Movie_1256,177.09,72.24
Movie_1257,211.39,92.88
Movie_1258,179.98,77.69
Movie_1259,182.48,100.86
Movie_1260,171.01,65.71
Movie_1261,160.03,71.65
Movie_1262,215.77,74.83
Movie_1263,209.7,97.83
Movie_1264,261.81,100.25
Movie_1265,204.42,103.26
Movie_1266,160.06,69.7
Movie_1267,143.81,54.63
Movie_1268,218.12,75.22
Movie_1269,147.4,59.12
Movie_1270,212.39,98.12
Movie_1271,149.6,70.47
Movie_1272,193.97,82.45
Movie_1273,137.61,68.29
Movie_1274,211.2,83.05
Movie_1275,130.65,39.67
Movie_1276,190.92,88.61
Movie_1277,172.09,88.54
Movie_1278,184.07,94.79
Movie_1279,164.17,63.21
Movie_1280,163.23,69.01
Movie_1281,186.19,90.52
Movie_1282,139.91,58.57
Movie_1283,139.68,63.59
Movie_1284,165.66,68.61
Movie_1285,164.1,64.91
Movie_1286,139.78,56.64
Movie_1287,216.97,108
Movie_1288,166.62,75.09
Movie_1289,170.93,87.79
Movie_1290,126.9,60.41
Movie_1291,262.87,139.41
Movie_1292,277.08,136.02
Movie_1293,148.78,72.6
Movie_1294,229.04,101.69
Movie_1295,176.33,105.88
Movie_1296,244.15,111.24
Movie_1297,193.45,67.96
Movie_1298,183.99,85.26
Movie_1299,80.03,32.08
Movie_1300,144.86,72.55
Movie_1301,180.82,87.93
Movie_1302,187.95,82.78
Movie_1303,131.41,53.3
Movie_1304,150.85,68.99
Movie_1305,202.14,84.48
Movie_1306,124.67,61.01
Movie_1307,185.35,88.56
Movie_1308,229.52,136.98
Movie_1309,195.42,83.59
Movie_1310,193.42,84.1
Movie_1311,99.19,43.87
Movie_1312,147.12,65.39
Movie_1313,262.17,131.44
Movie_1314,156.03,68.06
Movie_1315,230.58,126.5
Movie_1316,155.57,74.54
Movie_1317,168.89,71.9
Movie_1318,200.62,82.84
Movie_1319,184.03,92.39
Movie_1320,195.26,88.15
Movie_1321,147.26,66.33
Movie_1322,134.55,56.52
Movie_1323,144.57,64.61
Movie_1324,158.71,66.35
Movie_1325,170.83,88.5
Movie_1326,221.49,107.61
Movie_1327,183.49,80.97
Movie_1328,199.38,87.83
Movie_1329,185.66,84.4
Movie_1330,135.38,60.88
Movie_1331,180.69,72.67
Movie_1332,185.23,65.75
Movie_1333,210.4,86.29
Movie_1334,137.26,60.88
Movie_1335,98.38,40.64
Movie_1336,187.05,91.84
Movie_1337,194.15,85.14
Movie_1338,172.82,93.96
Movie_1339,181.12,76.42
Movie_1340,215.15,98.33
Movie_1341,161.65,70.41
Movie_1342,168.85,79.7
Movie_1343,183.16,92.18
Movie_1344,131.21,63.04
Movie_1345,173.92,60.6
Movie_1346,177.45,84.29
Movie_1347,245.48,98.06
Movie_1348,168.08,73.03
Movie_1349,188,91.08
Movie_1350,216.74,85.4
Movie_1351,146.5,74.39
Movie_1352,235.03,101.61
Movie_1353,250.55,139.94
Movie_1354,178.84,81.09
Movie_1355,158.42,84.8
Movie_1356,245.08,124.96
Movie_1357,211.83,88.85
Movie_1358,183.28,70.55
Movie_1359,237.07,108.03
Movie_1360,232.84,97.99
Movie_1361,166.55,88.1
Movie_1362,189.95,83.13
Movie_1363,203.07,88.33
Movie_1364,181.15,68.87
Movie_1365,124.37,58.57
Movie_1366,142.47,55.75
Movie_1367,125.67,59.33
Movie_1368,199.72,95.67
Movie_1369,132.63,54.71
Movie_1370,187.7,93.44
Movie_1371,253.28,110.49
Movie_1372,237.11,89.26
Movie_1373,106.5,56.15
Movie_1374,128.85,52.03
Movie_1375,148.94,70.8
Movie_1376,133.24,62.79
Movie_1377,113.85,53.45
Movie_1378,179.57,84.15
Movie_1379,208.2,83.59
Movie_1380,218.16,116.62
Movie_1381,161.02,80.16
Movie_1382,169.12,80.12
Movie_1383,194.23,74.46
Movie_1384,175.66,70.45
Movie_1385,212.42,102.57
Movie_1386,197.21,68.99
Movie_1387,164.95,77.02
Movie_1388,105.73,40.54
Movie_1389,239.96,97.57
Movie_1390,152.56,57.89
Movie_1391,194.3,89.83
Movie_1392,103.34,52.27
Movie_1393,179.55,83.92
Movie_1394,184.01,87.02
Movie_1395,185.94,85.23
Movie_1396,300.55,145.51
Movie_1397,154.76,73.26
Movie_1398,212.83,66.88
Movie_1399,200.93,99.52
Movie_1400,152.85,74.91
Movie_1401,212.23,91.66
Movie_1402,173.43,60.92
Movie_1403,215.01,99.36
Movie_1404,258.44,120.52
Movie_1405,186.03,79.62
Movie_1406,168.75,77.51
Movie_1407,222.06,111.83
Movie_1408,235.87,134.42
Movie_1409,144.67,66.16
Movie_1410,161.88,75.55
Movie_1411,207.02,84.63
Movie_1412,174.72,74.24
Movie_1413,141.83,62.86
Movie_1414,201.63,102.61
Movie_1415,206.86,101.56
Movie_1416,166.62,91.05
Movie_1417,182.45,68.51
Movie_1418,156.94,60.24
Movie_1419,136.19,68.79
Movie_1420,160.12,83.65
Movie_1421,182.96,82.64
Movie_1422,121,27.43
Movie_1423,163.04,67.31
Movie_1424,183.51,85.66
Movie_1425,227.79,92.26
Movie_1426,167.5,76.93
Movie_1427,130.16,70.93
Movie_1428,171.61,89.46
Movie_1429,157.34,77.17
Movie_1430,202.09,90.29
Movie_1431,166.48,70.8
Movie_1432,71.58,34.92
Movie_1433,327.66,147.86
Movie_1434,185.69,84.11
Movie_1435,183.57,68.37
Movie_1436,118.34,49.03
Movie_1437,121.42,59.2
Movie_1438,176.32,69.64
Movie_1439,193.45,89.62
Movie_1440,208.08,97.93
Movie_1441,189.5,89.74
Movie_1442,132.56,63.37
Movie_1443,79.82,38.42
Movie_1444,175.99,73.71
Movie_1445,158.64,59.75
Movie_1446,129.5,52.62
Movie_1447,213.12,103.68
Movie_1448,116.98,45.62
Movie_1449,204.68,81.46
Movie_1450,123.59,49.15
Movie_1451,185.36,66.3
Movie_1452,217.36,85.35
Movie_1453,166.48,83.24
Movie_1454,247.6,102.55
Movie_1455,256.72,93.07
Movie_1456,189.49,80.42
Movie_1457,201.66,95.89
Movie_1458,222.43,79.73
Movie_1459,201.78,100.42
Movie_1460,197.49,74.64
Movie_1461,159.04,68.42
Movie_1462,112.51,48.33
Movie_1463,124.4,52.49
Movie_1464,275.29,122.99
Movie_1465,192.9,94.31
Movie_1466,170.17,76.23
Movie_1467,230.53,96.76
Movie_1468,150.02,70.94
Movie_1469,203.32,93.6
Movie_1470,183.09,76.26
Movie_1471,198.4,89.7
Movie_1472,166.54,68.68
Movie_1473,141.41,57.51
Movie_1474,147.09,72.12
Movie_1475,148.64,70.21
Movie_1476,179.88,87.87
Movie_1477,117.75,56.73
Movie_1478,130.1,52.77
Movie_1479,185.42,92.72
Movie_1480,174.89,76.1
Movie_1481,187.61,93.14
Movie_1482,178.2,79.08
Movie_1483,280.76,130.74
Movie_1484,185.07,86.46
Movie_1485,164.84,80.88
Movie_1486,184.05,67.78
Movie_1487,220.8,81.96
Movie_1488,178.01,86.08
Movie_1489,207.39,97.02
Movie_1490,195.84,80.53
Movie_1491,168.38,78.84
Movie_1492,184.44,70.01
Movie_1493,243.96,149.6
Movie_1494,189.72,97.82
Movie_1495,140.56,67.63
Movie_1496,167.22,75.88
Movie_1497,95.43,39.99
Movie_1498,185.5,71.32
Movie_1499,232.48,103.29
Movie_1500,126.34,51.42
Movie_1501,185.99,76.24
Movie_1502,219.42,83.2
Movie_1503,223.65,103.43
Movie_1504,231.19,99.68
Movie_1505,105.27,50.19
Movie_1506,200.2,94.67
Movie_1507,119.78,55.28
Movie_1508,140.07,81.66
Movie_1509,212.84,104.54
Movie_1510,186.32,72.1
Movie_1511,209.05,98.87
Movie_1512,142.84,63.89
Movie_1513,238.94,91.5
Movie_1514,207.53,78.64
Movie_1515,215.57,101.89
Movie_1516,136.79,66.33
Movie_1517,226.86,90.22
Movie_1518,167.35,83.43
Movie_1519,155.55,72.21
Movie_1520,205.02,104.52
Movie_1521,203.33,102.58
Movie_1522,146.13,64.6
Movie_1523,262.25,139.46
Movie_1524,252.57,99.46
Movie_1525,204.2,116.29
Movie_1526,197.22,80.08
Movie_1527,193.19,86.47
Movie_1528,118,49.75
Movie_1529,184.51,79.55
Movie_1530,183.98,109.68
Movie_1531,156.96,67
Movie_1532,167.63,82.57
Movie_1533,84.75,37.14
Movie_1534,136.11,67.62
Movie_1535,216.87,91.69
Movie_1536,249.25,115.35
Movie_1537,142.26,68.49
Movie_1538,187.31,77.53
Movie_1539,223.94,131.65
Movie_1540,159.19,77.06
Movie_1541,207.05,90.83
Movie_1542,178.65,74.16
Movie_1543,227.62,103.47
Movie_1544,128.7,50.09
Movie_1545,135.82,73.22
Movie_1546,191.18,90.15
Movie_1547,183.85,81.92
Movie_1548,177.75,89.28
Movie_1549,203.03,84.04
Movie_1550,142.77,55.99
Movie_1551,125.22,55.53
Movie_1552,160,73.02
Movie_1553,164.47,78.37
Movie_1554,168.65,63.44
Movie_1555,230.76,98.58
Movie_1556,210.82,62.37
Movie_1557,201.33,78.7
Movie_1558,188.88,91.75
Movie_1559,162.63,81
Movie_1560,145.84,57.3
Movie_1561,132.11,57.31
Movie_1562,152.22,68.69
Movie_1563,178.28,89.84
Movie_1564,133.8,70.44
Movie_1565,186.78,85.48
Movie_1566,172.22,75.25
Movie_1567,164.11,62
Movie_1568,226.46,103.13
Movie_1569,81.58,45.17
Movie_1570,164.65,84.71
Movie_1571,85.9,39.41
Movie_1572,189.54,88.17
Movie_1573,210.49,87.47
Movie_1574,125.96,54.43
Movie_1575,131.08,59.95
Movie_1576,112.07,51.28
Movie_1577,182.55,91.37
Movie_1578,166.37,82.87
Movie_1579,168.85,80.38
Movie_1580,165.28,66.12
Movie_1581,141.06,56.7
Movie_1582,225.27,91.37
Movie_1583,190.89,88.15
Movie_1584,132.61,46.24
Movie_1585,151.98,68.34
Movie_1586,145.12,75.53
Movie_1587,236.24,114.18
Movie_1588,208.45,90.15
Movie_1589,174.94,72.62
Movie_1590,248.29,121.73
Movie_1591,238.08,110.78
Movie_1592,170.77,74.74
Movie_1593,163.58,68.79
Movie_1594,165.51,75.11
Movie_1595,141.89,61.7
Movie_1596,249.36,121.99
Movie_1597,139.74,71.56
Movie_1598,214.73,81.95
Movie_1599,207.62,80.7
Movie_1600,167.81,86.83
Movie_1601,252.4,115.67
Movie_1602,117.64,46.28
Movie_1603,176.81,88.26
Movie_1604,160.44,74.94
Movie_1605,218.42,122.35
Movie_1606,194.14,85.08
Movie_1607,110.91,56.06
Movie_1608,229.58,86.68
Movie_1609,199.42,103.66
Movie_1610,138.58,68.9
Movie_1611,166.01,88.02
Movie_1612,128,64.71
Movie_1613,173.17,77.07
Movie_1614,186,72.81
Movie_1615,166.61,69.96
Movie_1616,161.98,58.63
Movie_1617,115.49,46.65
Movie_1618,193.49,91.19
Movie_1619,103.02,46.11
Movie_1620,181.24,79.53
Movie_1621,108.03,44.33
Movie_1622,182.02,65.78
Movie_1623,179.76,82.53
Movie_1624,196.13,91.98
Movie_1625,214.49,85.89
Movie_1626,221.9,93.94
Movie_1627,115.6,60.93
Movie_1628,177.67,90.25
Movie_1629,260.44,97.87
Movie_1630,184.76,82.36
Movie_1631,146.75,76.71
Movie_1632,176.81,77.65
Movie_1633,164.65,71.88
Movie_1634,132.94,67.09
Movie_1635,214.76,107.24
Movie_1636,203.37,101.03
Movie_1637,126.62,55.32
Movie_1638,176.27,85.16
Movie_1639,157.34,82.56
Movie_1640,115.94,51.88
Movie_1641,123.41,53.05
Movie_1642,129.36,66.17
Movie_1643,177.66,98.12
Movie_1644,161.68,89.85
Movie_1645,141.63,61.08
Movie_1646,164.32,71.69
Movie_1647,209.9,83.65
Movie_1648,194.27,88.57
Movie_1649,220.07,87.21
Movie_1650,170.87,72.39
Movie_1651,244.1,118.4
Movie_1652,193.92,91.05
Movie_1653,160.44,57.67
Movie_1654,183.72,97.1
Movie_1655,130.08,51.47
Movie_1656,167.75,67.43
Movie_1657,197.2,76.52
Movie_1658,204.47,85.25
Movie_1659,163.59,66.28
Movie_1660,289.36,117.59
Movie_1661,173.11,56.57
Movie_1662,112.86,51.52
Movie_1663,228.53,105.49
Movie_1664,204.29,114.86
Movie_1665,189.27,89.77
Movie_1666,161.4,68.62
Movie_1667,195.73,76.33
Movie_1668,244.76,108.96
Movie_1669,188.07,88.85
Movie_1670,121.2,51.49
Movie_1671,41.87,18.97
Movie_1672,195.38,106.46
Movie_1673,140.56,60.55
Movie_1674,176.01,62.6
Movie_1675,147.64,72.89
Movie_1676,144.76,67.42
Movie_1677,149.39,54.46
Movie_1678,153,72.12
Movie_1679,211.05,84.44
Movie_1680,202.95,95.81
Movie_1681,131.68,71.81
Movie_1682,137.13,60.5
Movie_1683,195.16,98.39
Movie_1684,222.1,86.3
Movie_1685,221.49,82.84
Movie_1686,139.88,77.06
Movie_1687,219.57,102.19
Movie_1688,108.95,52.5
Movie_1689,171.88,87.25
Movie_1690,199.48,84.5
Movie_1691,96.85,47.58
Movie_1692,263.71,127.55
Movie_1693,233.07,89.79
Movie_1694,205.88,108.22
Movie_1695,141.4,72.87
Movie_1696,177.28,68.4
Movie_1697,211.62,97.35
Movie_1698,135.09,59.23
Movie_1699,172.78,90
Movie_1700,216.42,82.12
Movie_1701,120.22,75.75
Movie_1702,193.3,85.3
Movie_1703,109.81,53.47
Movie_1704,142.25,73.88
Movie_1705,159.82,70.35
Movie_1706,200.54,89.09
Movie_1707,151.97,64.57
Movie_1708,185.02,75.07
Movie_1709,152.51,70.7
Movie_1710,158.78,70.38
Movie_1711,230.03,97.65
Movie_1712,133.99,57.27
Movie_1713,210.37,100.73
Movie_1714,179.96,73.81
Movie_1715,156.98,68.7
Movie_1716,131.3,64.98
Movie_1717,134.15,62.03
Movie_1718,150.45,59.81
Movie_1719,174,78.09
Movie_1720,204.14,96.32
Movie_1721,167.99,83.9
Movie_1722,170.67,70.36
Movie_1723,176.64,74.56
Movie_1724,199.07,82.66
Movie_1725,205.79,85.96
Movie_1726,124.52,58.56
Movie_1727,168.72,80.94
Movie_1728,229.1,115.13
Movie_1729,127.36,56.73
Movie_1730,182.97,69.48
Movie_1731,173.17,83.72
Movie_1732,157.33,72.05
Movie_1733,243.63,110.36
Movie_1734,181.47,70.02
Movie_1735,240.45,105.85
Movie_1736,180.23,70.35
Movie_1737,198.41,94.07
Movie_1738,156.91,67.24
Movie_1739,157.36,66.72
Movie_1740,196.37,73.27
Movie_1741,197.11,98.82
Movie_1742,203.92,89.13
Movie_1743,195.07,88.63
Movie_1744,126.54,52.29
Movie_1745,147.75,54.29
Movie_1746,214,90.61
Movie_1747,101.66,43.86
Movie_1748,191.7,89.07
Movie_1749,175.52,75.87
Movie_1750,213.98,88.61
Movie_1751,196.66,73.71
Movie_1752,153.44,69.42
Movie_1753,151.63,62.19
Movie_1754,159.09,82.1
Movie_1755,203.2,92.97
Movie_1756,87.91,42.03
Movie_1757,186.3,81.52
Movie_1758,144.68,66.56
Movie_1759,187.63,76.08
Movie_1760,193.78,75.79
Movie_1761,113.51,51.17
Movie_1762,170.93,81.79
Movie_1763,186.22,65.68
Movie_1764,183.52,78
Movie_1765,175.11,94.93
Movie_1766,131.16,62.16
Movie_1767,137.25,72.31
Movie_1768,124.88,52.24
Movie_1769,202.16,86.34
Movie_1770,175.38,87.4
Movie_1771,177.93,85.62
Movie_1772,111.78,49.77
Movie_1773,178.66,69.12
Movie_1774,205.35,104.29
Movie_1775,106.33,61.19
Movie_1776,158.58,58.9
Movie_1777,117.19,60.96
Movie_1778,163.19,69.61
Movie_1779,143.96,62.38
Movie_1780,195.24,90.49
Movie_1781,186.77,72.79
Movie_1782,231.66,103.82
Movie_1783,177.84,65.7
Movie_1784,193.54,91.7
Movie_1785,157.69,88.57
Movie_1786,135.88,56.8
Movie_1787,213.39,94.23
Movie_1788,229.73,102.01
Movie_1789,208.23,103.97
Movie_1790,185.25,87.12
Movie_1791,141.04,69.96
Movie_1792,225.67,95.84
Movie_1793,203.18,95.84
Movie_1794,261,73.5
Movie_1795,133.82,64.68
Movie_1796,214.5,83.46
Movie_1797,201.96,87.57
Movie_1798,166.32,81.04
Movie_1799,234.55,87.53
Movie_1800,196.09,98.92
Movie_1801,142.52,63.25
Movie_1802,175.27,91.61
Movie_1803,142.05,57.51
Movie_1804,161.26,57.95
Movie_1805,208.15,93.37
Movie_1806,219.57,105.25
Movie_1807,188.85,91.32
Movie_1808,150,58.98
Movie_1809,195.26,72.01
Movie_1810,208.94,90.76
Movie_1811,101.12,48.12
Movie_1812,184.66,87.4
Movie_1813,172.39,91.13
Movie_1814,218.15,94.09
Movie_1815,195.43,69.92
Movie_1816,199.37,101.65
Movie_1817,160.72,73.89
Movie_1818,180.07,83.57
Movie_1819,217.75,106.34
Movie_1820,177.4,91.04
Movie_1821,186.99,83.93
Movie_1822,118.56,60.33
Movie_1823,177.26,84.66
Movie_1824,99.52,41.52
Movie_1825,159.35,69.85
Movie_1826,182.54,87.77
Movie_1827,210.68,87.34
Movie_1828,140.03,69.22
Movie_1829,194.95,89.27
Movie_1830,238.74,111.99
Movie_1831,154.37,80.59
Movie_1832,118.12,55.26
Movie_1833,191.59,86.9
Movie_1834,132.32,59
Movie_1835,147.24,65.27
Movie_1836,216.93,101.01
Movie_1837,255.08,132.17
Movie_1838,139.97,58.7
Movie_1839,150.5,62.55
Movie_1840,162.41,83.52
Movie_1841,158.09,66.67
Movie_1842,257.33,118.58
Movie_1843,158.78,66.75
Movie_1844,164.49,60.21
Movie_1845,244.65,112.52
Movie_1846,203.07,102.7
Movie_1847,219.44,98.07
Movie_1848,143.76,54.04
Movie_1849,158.79,72.32
Movie_1850,138.41,57.05
Movie_1851,212.05,67.65
Movie_1852,229.01,102.13
Movie_1853,156.01,74.24
Movie_1854,165.43,84.18
Movie_1855,167.18,89.92
Movie_1856,118.11,56.99
Movie_1857,153.05,76.02
Movie_1858,210.93,81.37
Movie_1859,144.98,77
Movie_1860,183.72,94.32
Movie_1861,127.68,55.11
Movie_1862,174.24,84.35
Movie_1863,157.47,75.44
Movie_1864,131.13,68.65
Movie_1865,211.62,93.63
Movie_1866,213.87,88.26
Movie_1867,141.22,60.09
Movie_1868,171.35,84.79
Movie_1869,181.77,64.35
Movie_1870,107.41,32.24
Movie_1871,124.12,61.4
Movie_1872,231.45,107.33
Movie_1873,137.39,61.95
Movie_1874,230.33,88.61
Movie_1875,126.18,45.99
Movie_1876,206.35,86.31
Movie_1877,167.55,78.43
Movie_1878,173.17,72.85
Movie_1879,254.24,125.85
Movie_1880,129.83,52.23
Movie_1881,203.79,86.41
Movie_1882,202.14,98.07
Movie_1883,314.18,135.46
Movie_1884,136.91,59.37
Movie_1885,154.96,64.75
Movie_1886,212.64,86.87
Movie_1887,171.99,80.44
Movie_1888,161.48,76.57
Movie_1889,218.3,100.71
Movie_1890,169.34,70.99
Movie_1891,144.33,63.49
Movie_1892,209.05,110.75
Movie_1893,195.01,73.9
Movie_1894,167.49,91.16
Movie_1895,165.59,75.34
Movie_1896,143.4,63.24
Movie_1897,209,104.01
Movie_1898,165.6,57.4
Movie_1899,149.21,77.44
Movie_1900,128.58,69.8
Movie_1901,195.69,98.71
Movie_1902,159.66,55.06
Movie_1903,99.49,48.57
Movie_1904,131.87,70.19
Movie_1905,170.66,89.96
Movie_1906,171.78,65.21
Movie_1907,170.26,85.27
Movie_1908,164.69,88.9
Movie_1909,120.97,54.61
Movie_1910,145.02,54.73
Movie_1911,227.35,111.73
Movie_1912,221.45,111.32
Movie_1913,203.12,89.99
Movie_1914,199.58,77.93
Movie_1915,216.19,107.9
Movie_1916,135.17,55.63
Movie_1917,181.32,85.2
Movie_1918,135.19,71.37
Movie_1919,135.88,49.88
Movie_1920,194.72,96.46
Movie_1921,217.87,95.79
Movie_1922,172.25,75.96
Movie_1923,245.96,117.01
Movie_1924,188.47,77.54
Movie_1925,148.93,58.27
Movie_1926,136.53,49.26
Movie_1927,220.73,112.92
Movie_1928,185.14,79.87
Movie_1929,207.04,99.07
Movie_1930,73.68,31.37
Movie_1931,189.79,74.38
Movie_1932,159.53,76.99
Movie_1933,124.25,57.95
Movie_1934,177.49,77.77
Movie_1935,223.67,104.03
Movie_1936,270.65,108.79
Movie_1937,189.69,95.42
Movie_1938,151.63,78.03
Movie_1939,149.22,72.81
Movie_1940,218.53,94.27
Movie_1941,140.13,63.47
Movie_1942,204.9,108.28
Movie_1943,191.75,98.57
Movie_1944,187.32,102.97
Movie_1945,117.28,48.2
Movie_1946,165.72,67.36
Movie_1947,121.67,55.57
Movie_1948,156.47,73.59
Movie_1949,216.69,95.97
Movie_1950,229.24,98.69
Movie_1951,188.56,96.8
Movie_1952,157.19,70.02
Movie_1953,243.52,94.79
Movie_1954,156.66,61.88
Movie_1955,134.57,62.22
Movie_1956,207.86,124.74
Movie_1957,198.31,79.56
Movie_1958,158.3,68.74
Movie_1959,184.01,104.93
Movie_1960,197.69,84.17
Movie_1961,188.15,88.95
Movie_1962,198.36,107.87
Movie_1963,159.77,64.3
Movie_1964,201.05,87.36
Movie_1965,180.7,76.94
Movie_1966,161.13,60.28
Movie_1967,170.16,89.92
Movie_1968,176.08,74.08
Movie_1969,122.18,49.63
Movie_1970,154.53,66.1
Movie_1971,182.6,90.65
Movie_1972,125.96,57.39
Movie_1973,155.2,63.7
Movie_1974,275.39,129.56
Movie_1975,134.83,66.15
Movie_1976,164.65,73.9
Movie_1977,146.65,64.27
Movie_1978,175.33,87.8
Movie_1979,147.4,65.01
Movie_1980,170.27,90.31
Movie_1981,151.26,62.34
Movie_1982,222.21,91.32
Movie_1983,183.27,74.19
Movie_1984,139.88,61.28
Movie_1985,213.63,96.16
Movie_1986,141.67,54.36
Movie_1987,117.44,53.42
Movie_1988,179.88,86.03
Movie_1989,256.29,96.55
Movie_1990,106.89,45.32
Movie_1991,126.76,60.64
Movie_1992,210.1,83.1
Movie_1993,154.31,67
Movie_1994,204.48,103.14
Movie_1995,146.5,79.07
Movie_1996,185.68,87.64
Movie_1997,249.78,110.29
Movie_1998,132.22,56.18
Movie_1999,220.95,109.49
Movie_2000,207.19,104.98
Movie_2001,120.43,47.23
Movie_2002,202.36,100.27
Movie_2003,182.91,76.76
Movie_2004,183.64,74.75
Movie_2005,193.46,85.57
Movie_2006,165.99,82.93
Movie_2007,182.8,85.09
Movie_2008,189.66,88.02
Movie_2009,209.84,98.13
Movie_2010,118.91,56.29
Movie_2011,231.64,102.92
Movie_2012,133.79,64.43
Movie_2013,210.47,87.77
Movie_2014,183.18,88.39
Movie_2015,128.75,63.45
Movie_2016,201.13,97.54
Movie_2017,142.18,69.32
Movie_2018,222.75,105.41
Movie_2019,151.57,77.1
Movie_2020,120.2,40.44
Movie_2021,241.35,118.91
Movie_2022,187.25,102.76
Movie_2023,214.69,89.93
Movie_2024,145.94,60.32
Movie_2025,104.33,53.66
Movie_2026,247.01,99.71
Movie_2027,179.74,74.89
Movie_2028,199.65,91.54
Movie_2029,206.26,84.58
Movie_2030,166.58,82.25
Movie_2031,189.05,77.6
Movie_2032,243.76,114.09
Movie_2033,178.7,82.96
Movie_2034,217.68,116.07
Movie_2035,100.35,51
Movie_2036,224.95,95.27
Movie_2037,119.12,46.07
Movie_2038,220.38,108.4
Movie_2039,195.63,81.64
Movie_2040,176.16,76.32
Movie_2041,176.02,69.88
Movie_2042,169.89,82.22
Movie_2043,147.17,61.47
Movie_2044,171.76,76.99
Movie_2045,268.32,120.48
Movie_2046,232.09,106.57
Movie_2047,145.16,70.12
Movie_2048,190.71,83.5
Movie_2049,183.84,75.91
Movie_2050,174.31,62.23
Movie_2051,139.89,63.67
Movie_2052,197.84,87.47
Movie_2053,213.84,88.63
Movie_2054,146.64,66.45
Movie_2055,258.22,127.25
Movie_2056,240.88,121.79
Movie_2057,201.93,75.37
Movie_2058,130.73,56.47
Movie_2059,196.06,97.65
Movie_2060,191.28,101.34
Movie_2061,200.53,82.04
Movie_2062,243.62,126.42
Movie_2063,172.96,66.16
Movie_2064,261.91,132.9
Movie_2065,196.26,85.55
Movie_2066,168.38,88.93
Movie_2067,275.98,117.79
Movie_2068,213.2,92.64
Movie_2069,161.81,71.74
Movie_2070,183.37,68.42
Movie_2071,205.41,74.33
Movie_2072,173.97,82.72
Movie_2073,185.36,92.57
Movie_2074,147.31,70.76
Movie_2075,112.59,43.61
Movie_2076,184.26,87.34
Movie_2077,185.6,74.33
Movie_2078,201.08,94.58
Movie_2079,156.95,79.51
Movie_2080,126.38,59.19
Movie_2081,141.39,74.01
Movie_2082,222.23,98.34
Movie_2083,153.34,67.34
Movie_2084,162.32,73.59
Movie_2085,167.5,64.13
Movie_2086,155.23,66.73
Movie_2087,152.27,66.12
Movie_2088,145.16,63.26
Movie_2089,236.03,109.38
Movie_2090,207.2,77.9
Movie_2091,229.91,90.29
Movie_2092,237.97,120.56
Movie_2093,86,30.07
Movie_2094,193.74,93.15
Movie_2095,156.55,67.52
Movie_2096,224.67,102.9
Movie_2097,150.34,79.37
Movie_2098,137.83,61.12
Movie_2099,122.64,59.02
Movie_2100,167.89,76.04
Movie_2101,216.6,96.29
Movie_2102,190.25,83.39
Movie_2103,131.89,63.97
Movie_2104,266.11,110.02
Movie_2105,205.98,81.03
Movie_2106,211.1,95.78
Movie_2107,231.4,106.36
Movie_2108,114.39,41.04
Movie_2109,143.54,64.52
Movie_2110,212.92,82.75
Movie_2111,147.57,71.03
Movie_2112,169,60.81
Movie_2113,176.89,96.63
Movie_2114,128.9,55.83
Movie_2115,165.57,67.35
Movie_2116,216.58,94.4
Movie_2117,209.18,99.95
Movie_2118,224.52,111.03
Movie_2119,220.4,96.16
Movie_2120,196.23,74.19
Movie_2121,193.07,75.18
Movie_2122,190.13,88.28
Movie_2123,154.92,77.36
Movie_2124,138.8,70.22
Movie_2125,152.42,69.87
Movie_2126,166.96,83.21
Movie_2127,153.77,83.9
Movie_2128,196.55,100.15
Movie_2129,188.08,93.31
Movie_2130,192.37,78.81
Movie_2131,194.06,96.67
Movie_2132,227.83,107.78
Movie_2133,179.66,86.69
Movie_2134,220.33,113.04
Movie_2135,200.66,93.89
Movie_2136,225.19,100.18
Movie_2137,244.59,96.98
Movie_2138,203.07,88.37
Movie_2139,184.15,84.83
Movie_2140,183.89,85.3
Movie_2141,161.19,74.5
Movie_2142,159.85,79.6
Movie_2143,216.08,106.59
Movie_2144,141.45,63.21
Movie_2145,244.59,99.7
Movie_2146,173.93,81.6
Movie_2147,294.48,165.59
Movie_2148,152.28,70.97
Movie_2149,190.01,82.69
Movie_2150,165.93,79.11
Movie_2151,148.28,71.14
Movie_2152,222.55,106.65
Movie_2153,135.78,70.42
Movie_2154,152.96,71.78
Movie_2155,203.45,105.04
Movie_2156,209.8,96.83
Movie_2157,124.32,65.35
Movie_2158,203.27,103.74
Movie_2159,185.16,91.86
Movie_2160,143.29,70.13
Movie_2161,148.44,83.88
Movie_2162,98.66,49.71
Movie_2163,248.7,101.35
Movie_2164,220.62,101.99
Movie_2165,128.43,56.09
Movie_2166,211.96,117.26
Movie_2167,157.04,80.49
Movie_2168,216.59,119.47
Movie_2169,160.16,65.99
Movie_2170,165.47,83.58
Movie_2171,168.47,64.32
Movie_2172,153.71,56.93
Movie_2173,235.97,101.5
Movie_2174,215.94,113.5
Movie_2175,184.4,73.83
Movie_2176,220.98,99.26
Movie_2177,114.92,58.55
Movie_2178,130.86,64.43
Movie_2179,198.98,111.59
Movie_2180,209.42,94.27
Movie_2181,191.18,81.81
Movie_2182,104.69,41.38
Movie_2183,137.51,59.35
Movie_2184,196.66,77.65
Movie_2185,277.06,99.79
Movie_2186,228.72,125.38
Movie_2187,243.09,109.98
Movie_2188,193.59,112.2
Movie_2189,193.3,78.87
Movie_2190,138.66,59.42
Movie_2191,218.07,89.68
Movie_2192,177.07,74.01
Movie_2193,207.71,102.54
Movie_2194,181.23,86.69
Movie_2195,191.16,94.39
Movie_2196,176.49,91.27
Movie_2197,188.98,95.5
Movie_2198,220,87.91
Movie_2199,129.35,54.82
Movie_2200,120.28,54.86
Movie_2201,197.03,125.39
Movie_2202,237.62,116.11
Movie_2203,247.71,112.79
Movie_2204,131.02,63.37
Movie_2205,163.89,68.81
Movie_2206,120.83,55.96
Movie_2207,157.98,78.63
Movie_2208,224.91,100.88
Movie_2209,179.48,73.98
Movie_2210,165.05,73.63
Movie_2211,201.8,87.59
Movie_2212,148.2,56.63
Movie_2213,243.72,102.71
Movie_2214,180.29,68.57
Movie_2215,163.93,63.63
Movie_2216,203.47,79.95
Movie_2217,217.57,108.28
Movie_2218,243.84,127.88
Movie_2219,171.6,64.04
Movie_2220,223.44,118.2
Movie_2221,184.05,72.46
Movie_2222,155.54,75.8
Movie_2223,148.93,68.94
Movie_2224,136.12,65.58
Movie_2225,150.33,58.89
Movie_2226,224.63,80.73
Movie_2227,208.27,85.36
Movie_2228,130.35,61.44
Movie_2229,110.14,60.34
Movie_2230,135.51,54
Movie_2231,148.93,66.28
Movie_2232,167.87,69.25
Movie_2233,226.91,101.91
Movie_2234,158.09,55.88
Movie_2235,247.22,129.77
Movie_2236,112.79,50.89
Movie_2237,166.05,82.34
Movie_2238,211.42,92.68
Movie_2239,213.89,98.29
Movie_2240,166.57,84.36
Movie_2241,220.07,100.48
Movie_2242,212.49,97.4
Movie_2243,152.72,62.66
Movie_2244,192.6,81.52
Movie_2245,208.14,83.12
Movie_2246,155.58,64.27
Movie_2247,247.77,127
Movie_2248,146.59,79.22
Movie_2249,185.76,72.01
Movie_2250,130.01,61.07
Movie_2251,184.13,79.93
Movie_2252,137.32,71.39
Movie_2253,168.23,76.84
Movie_2254,116.54,52.4
Movie_2255,211.99,87.5
Movie_2256,194.25,72.54
Movie_2257,223.5,109.08
Movie_2258,166.09,77.67
Movie_2259,225.35,105.66
Movie_2260,181.57,76.27
Movie_2261,184.53,81.69
Movie_2262,264.56,129.52
Movie_2263,160.61,80.16
Movie_2264,229.1,89.6
Movie_2265,199.19,83.33
Movie_2266,157.12,59.79
Movie_2267,127.37,58.6
Movie_2268,138.68,68.54
Movie_2269,225.23,98.21
Movie_2270,249.38,103.96
Movie_2271,183.66,79.57
Movie_2272,185.76,105.01
Movie_2273,211.06,107.56
Movie_2274,182.93,89
Movie_2275,223.99,104.38
Movie_2276,191.66,86.12
Movie_2277,185.42,75.03
Movie_2278,152.03,60.34
Movie_2279,142.19,59.95
Movie_2280,53.64,21.58
Movie_2281,229.36,96.24
Movie_2282,174.14,77.48
Movie_2283,163.98,73.58
Movie_2284,101.93,42.71
Movie_2285,154.4,73.3
Movie_2286,149.13,65.7
Movie_2287,148.21,68.29
Movie_2288,193.31,79.79
Movie_2289,184.89,89.61
Movie_2290,125.55,53.14
Movie_2291,128.09,67.94
Movie_2292,128.01,56.16
Movie_2293,252.42,112.39
Movie_2294,239.71,114.98
Movie_2295,145.91,71.58
Movie_2296,100.94,50.06
Movie_2297,185.12,99.74
Movie_2298,181.88,87.87
Movie_2299,192.68,86.06
Movie_2300,209.65,88.79
Movie_2301,198.07,87.81
Movie_2302,135.34,70.95
Movie_2303,191.76,72.99
Movie_2304,214.15,87.6
Movie_2305,151.04,66.31
Movie_2306,192,78.41
Movie_2307,157.89,67.82
Movie_2308,259.85,140.4
Movie_2309,126.93,55.23
Movie_2310,226.24,106.46
Movie_2311,113.17,41.54
Movie_2312,251.72,99.4
Movie_2313,134.34,66.72
Movie_2314,187.59,100.06
Movie_2315,114.83,52.94
Movie_2316,126,54.77
Movie_2317,215.91,102.52
Movie_2318,221.13,70.79
Movie_2319,189.57,87.48
Movie_2320,209.64,83.37
Movie_2321,221.8,108.62
Movie_2322,152.63,51.95
Movie_2323,124.04,51.92
Movie_2324,179.45,80.38
Movie_2325,156.91,64.63
Movie_2326,195.54,84.32
Movie_2327,201.92,100
Movie_2328,152.73,68.54
Movie_2329,208.16,83.99
Movie_2330,206.17,102.47
Movie_2331,208.93,96.64
Movie_2332,163.69,76.05
Movie_2333,211.2,85.62
Movie_2334,200.8,64.78
Movie_2335,205.61,83.21
Movie_2336,247.11,98.75
Movie_2337,193.11,80.98
Movie_2338,155.72,63.52
Movie_2339,135.58,61.77
Movie_2340,225.12,111.22
Movie_2341,194.29,97.88
Movie_2342,246.8,121.39
Movie_2343,98.82,40.03
Movie_2344,216.43,98.03
Movie_2345,169.55,89.57
Movie_2346,165.86,61.49
Movie_2347,149.41,77.31
Movie_2348,215.98,86.43
Movie_2349,204.54,95.05
Movie_2350,134.3,63.21
Movie_2351,186.6,85.74
Movie_2352,208.24,116.91
Movie_2353,187.12,81.39
Movie_2354,224.31,82.55
Movie_2355,168.4,78.78
Movie_2356,89.83,39.66
Movie_2357,187.47,89.56
Movie_2358,187.23,92.51
Movie_2359,192.45,86.28
Movie_2360,224.28,105.82
Movie_2361,101.9,46.59
Movie_2362,170.46,91.98
Movie_2363,143.09,61.74
Movie_2364,131.68,54.73
Movie_2365,177.11,87.5
Movie_2366,208.07,83.96
Movie_2367,192.04,90.18
Movie_2368,152.5,67.33
Movie_2369,174.18,77.5
Movie_2370,217.2,124.21
Movie_2371,207.33,106.09
Movie_2372,157.89,79.12
Movie_2373,155.3,74
Movie_2374,111.34,46.25
Movie_2375,162.82,75.4
Movie_2376,110.57,52.98
Movie_2377,262.68,120.82
Movie_2378,145.8,66.3
Movie_2379,224.36,96.5
Movie_2380,252.72,117.18
Movie_2381,188.65,79.94
Movie_2382,176,85.39
Movie_2383,127.11,44.39
Movie_2384,159.82,82.78
Movie_2385,244.16,93.86
Movie_2386,194.05,76.97
Movie_2387,181.13,85.21
Movie_2388,232.48,110.89
Movie_2389,207.85,115.13
Movie_2390,174.09,80.92
Movie_2391,188.65,84.51
Movie_2392,149.28,68.6
Movie_2393,157.56,83.43
Movie_2394,171.75,98.11
Movie_2395,202.3,89.17
Movie_2396,130.11,62.08
Movie_2397,183.05,81.69
Movie_2398,164.41,73.21
Movie_2399,143.96,78.31
Movie_2400,164.62,66.46
Movie_2401,87.14,29.04
Movie_2402,149.7,69.74
Movie_2403,136.02,69.38
Movie_2404,168.8,77.82
Movie_2405,88.81,42.19
Movie_2406,187.64,91.5
Movie_2407,216.38,98.57
Movie_2408,175.31,83.77
Movie_2409,199.95,95.37
Movie_2410,159.49,56.15
Movie_2411,117.82,53.69
Movie_2412,180.07,66.87
Movie_2413,207.22,92.85
Movie_2414,127.02,54.01
Movie_2415,161.39,80.97
Movie_2416,170.12,78.63
Movie_2417,294.06,139.28
Movie_2418,188.93,83.21
Movie_2419,103.78,52.16
Movie_2420,93.89,34.75
Movie_2421,209.22,84.78
Movie_2422,279.4,143.7
Movie_2423,168.76,72.27
Movie_2424,166.37,57.02
Movie_2425,197.23,103.08
Movie_2426,148.07,74.6
Movie_2427,78.23,37.98
Movie_2428,221.49,100.72
Movie_2429,155.47,82.87
Movie_2430,222,113.87
Movie_2431,149.56,78.88
Movie_2432,184.87,89.62
Movie_2433,214.19,97.7
Movie_2434,222.81,95.82
Movie_2435,189.32,73.18
Movie_2436,187.33,89
Movie_2437,204.79,98.15
Movie_2438,198.57,85.88
Movie_2439,128.35,61.7
Movie_2440,129.12,55.96
Movie_2441,95.64,47.19
Movie_2442,210.66,85.51
Movie_2443,164.17,65.22
Movie_2444,212.81,93.2
Movie_2445,196.15,96.4
Movie_2446,139.9,54.85
Movie_2447,175.19,88.03
Movie_2448,161.81,59.53
Movie_2449,155.63,68.11
Movie_2450,216.61,82.17
Movie_2451,280.43,89.6
Movie_2452,224.65,105.21
Movie_2453,178.92,78.92
Movie_2454,230.38,87.58
Movie_2455,248.52,105.41
Movie_2456,124.31,58.69
Movie_2457,228.99,98.83
Movie_2458,210.79,92.76
Movie_2459,227.52,97.85
Movie_2460,212.53,89.45
Movie_2461,170.89,71.81
Movie_2462,261.31,109.43
Movie_2463,193.58,79.82
Movie_2464,162.63,64.91
Movie_2465,200.24,86.31
Movie_2466,218.9,91.5
Movie_2467,183.79,72.86
Movie_2468,195.73,95.58
Movie_2469,183.53,93.9
Movie_2470,153.6,69.12
Movie_2471,147.13,66.7
Movie_2472,123.89,51.46
Movie_2473,240.72,121.17
Movie_2474,171.06,91.84
Movie_2475,42.9,18.95
Movie_2476,195.86,83.03
Movie_2477,195.03,91.09
Movie_2478,105.34,48.08
Movie_2479,146.7,62.35
Movie_2480,144.95,68.64
Movie_2481,150.31,74.69
Movie_2482,228.51,93.85
Movie_2483,174.04,100.44
Movie_2484,162.91,60.82
Movie_2485,224.9,91.63
Movie_2486,199.81,92.25
Movie_2487,110.36,62.06
Movie_2488,155.34,65.53
Movie_2489,192.88,76.52
Movie_2490,142.64,68.11
Movie_2491,261.18,114.28
Movie_2492,184.52,89.17
Movie_2493,149.86,66.91
Movie_2494,135.08,55
Movie_2495,217.1,123.19
Movie_2496,154.09,46.58
Movie_2497,195.2,105.61
Movie_2498,133.94,66.52
Movie_2499,182.81,75.45
Movie_2500,154.56,84.02
Movie_2501,167.38,63.84
Movie_2502,148.15,74.14
Movie_2503,221.03,76.45
Movie_2504,160.36,62.97
Movie_2505,174.26,68.41
Movie_2506,176.19,72.67
Movie_2507,244.49,110.16
Movie_2508,215.61,88.12
Movie_2509,211.63,73.69
Movie_2510,116.88,55.3
Movie_2511,153.74,69.56
Movie_2512,227.54,107.05
Movie_2513,133.16,61.07
Movie_2514,183.36,91.26
Movie_2515,137.39,61.31
Movie_2516,141.4,70.79
Movie_2517,247.23,101.66
Movie_2518,208.77,86.44
Movie_2519,219.33,113.79
Movie_2520,211.35,109.43
Movie_2521,174.43,83.5
Movie_2522,152.34,61.78
Movie_2523,163.92,65.82
Movie_2524,172.33,88.99
Movie_2525,251.05,128.95
Movie_2526,126.55,56.55
Movie_2527,157.85,89.52
Movie_2528,143.48,67.86
Movie_2529,222.26,87.71
Movie_2530,254.15,110.86
Movie_2531,192.35,86.61
Movie_2532,195.64,88.88
Movie_2533,183.65,94.12
Movie_2534,197.5,79.43
Movie_2535,210.93,80.88
Movie_2536,197.03,94.6
Movie_2537,199.95,84.91
Movie_2538,211.02,120.53
Movie_2539,108.87,54.13
Movie_2540,180.08,76.31
Movie_2541,192.21,98.15
Movie_2542,196.65,95.67
Movie_2543,173.16,83.41
Movie_2544,186.43,82.75
Movie_2545,151.2,71.22
Movie_2546,109.01,37.59
Movie_2547,219.33,113.14
Movie_2548,134.63,37.45
Movie_2549,173.58,74.27
Movie_2550,150.03,55.54
Movie_2551,243.48,103.47
Movie_2552,176.81,78.91
Movie_2553,167.58,65.38
Movie_2554,209.91,65.34
Movie_2555,266.26,122.57
Movie_2556,196.23,108.77
Movie_2557,164.9,71.31
Movie_2558,207.86,103.51
Movie_2559,117.09,61.5
Movie_2560,181.86,64.56
Movie_2561,259.76,110.95
Movie_2562,186.31,71.95
Movie_2563,184.31,75.51
Movie_2564,180.83,96.76
Movie_2565,164.18,75.72
Movie_2566,192.58,94.26
Movie_2567,211.01,94.49
Movie_2568,166.73,64.94
Movie_2569,80.37,38.89
Movie_2570,198.62,101.82
Movie_2571,265.33,123.61
Movie_2572,164.95,78.26
Movie_2573,121.15,47.04
Movie_2574,207.1,100.51
Movie_2575,249.75,129.2
Movie_2576,201.17,94.6
Movie_2577,248.99,89.68
Movie_2578,211.75,112.6
Movie_2579,208.27,83.88
Movie_2580,159.28,74.76
Movie_2581,191.42,95.26
Movie_2582,178.82,90.12
Movie_2583,177.45,63.88
Movie_2584,169.85,77.43
Movie_2585,189.02,85.54
Movie_2586,128.15,66.89
Movie_2587,212.47,100.48
Movie_2588,144.89,75.69
Movie_2589,169.99,81.08
Movie_2590,193.22,86.23
Movie_2591,142.91,65.69
Movie_2592,101.34,53.32
Movie_2593,164.68,63.43
Movie_2594,122.76,60.8
Movie_2595,208.49,87.28
Movie_2596,133.86,54.6
Movie_2597,239.41,119.99
Movie_2598,179.77,72.96
Movie_2599,182.37,85.5
Movie_2600,100.77,42.88
Movie_2601,185.79,61.71
Movie_2602,176.79,83.78
Movie_2603,128.04,58.43
Movie_2604,183.49,65.05
Movie_2605,164.08,68.1
Movie_2606,171.33,61.62
Movie_2607,181.04,88.09
Movie_2608,161.14,83.7
Movie_2609,189.86,93.5
Movie_2610,176.54,88.17
Movie_2611,198.91,84.36
Movie_2612,158.85,75.83
Movie_2613,137.4,61.77
Movie_2614,151.65,69.65
Movie_2615,237.71,118.35
Movie_2616,218.24,111.03
Movie_2617,228.54,98.39
Movie_2618,231.31,87.81
Movie_2619,161.35,71.1
Movie_2620,191.83,84.22
Movie_2621,183.03,84.97
Movie_2622,206.38,101.47
Movie_2623,168.43,59.67
Movie_2624,183.72,76.51
Movie_2625,182.89,73.49
Movie_2626,201.29,103.17
Movie_2627,206.23,90.65
Movie_2628,183.75,77.98
Movie_2629,184.96,88.21
Movie_2630,189.04,79.46
Movie_2631,245.86,110.45
Movie_2632,110.8,59.91
Movie_2633,141.21,76.16
Movie_2634,206.95,88.91
Movie_2635,190.79,84.12
Movie_2636,190.51,79.83
Movie_2637,206.7,73.11
Movie_2638,188.56,94.62
Movie_2639,157.63,90.02
Movie_2640,205.15,87.77
Movie_2641,180.84,73.99
Movie_2642,162.1,70.73
Movie_2643,207.61,94.31
Movie_2644,206.04,81.02
Movie_2645,188.59,80.54
Movie_2646,248.68,124.53
Movie_2647,233.07,106.37
Movie_2648,220.07,113.01
Movie_2649,282.65,132.35
Movie_2650,174.14,68.88
Movie_2651,161.41,67.99
Movie_2652,214.41,99.15
Movie_2653,169.89,66.91
Movie_2654,180.48,69.92
Movie_2655,140.56,54.87
Movie_2656,204.27,97.19
Movie_2657,121.16,52.3
Movie_2658,176.14,89.68
Movie_2659,179.39,72.69
Movie_2660,162.56,53.18
Movie_2661,109.71,48.65
Movie_2662,109.41,58.25
Movie_2663,150.15,67.83
Movie_2664,201.56,76.87
Movie_2665,191.56,70.64
Movie_2666,179.34,91.44
Movie_2667,144.62,59.24
Movie_2668,193.65,102.07
Movie_2669,108.04,52.15
Movie_2670,84.14,34.63
Movie_2671,170.28,86.56
Movie_2672,158.16,63.87
Movie_2673,220.53,83.28
Movie_2674,186.32,75.77
Movie_2675,246.03,120.17
Movie_2676,158.07,80.13
Movie_2677,199.47,85.81
Movie_2678,169.91,60.59
Movie_2679,235.27,87.56
Movie_2680,171.84,68.15
Movie_2681,214.18,82.52
Movie_2682,136.9,63.42
Movie_2683,163.39,89.36
Movie_2684,176.64,86.52
Movie_2685,230.54,90.74
Movie_2686,92.11,38.25
Movie_2687,166.69,70.85
Movie_2688,165.34,77.62
Movie_2689,96.92,51.23
Movie_2690,161.44,68.88
Movie_2691,118.37,62.37
Movie_2692,86.77,48.17
Movie_2693,169.51,73.31
Movie_2694,168.15,72.51
Movie_2695,170.2,73.52
Movie_2696,190.11,86.14
Movie_2697,144.82,62.58
Movie_2698,251.63,124.36
Movie_2699,178.67,66.57
Movie_2700,231.46,97.97
Movie_2701,112.8,52.62
Movie_2702,146.62,72.36
Movie_2703,207.45,116.12
Movie_2704,170.94,65.91
Movie_2705,137.07,57.21
Movie_2706,106.45,35.84
Movie_2707,209.33,82.58
Movie_2708,206.06,74.5
Movie_2709,189.73,80.43
Movie_2710,160.16,70.24
Movie_2711,135.48,64.15
Movie_2712,177.88,77.39
Movie_2713,127.39,60.32
Movie_2714,149.94,68.33
Movie_2715,230.45,91.8
Movie_2716,105.97,38.75
Movie_2717,207.1,99.24
Movie_2718,239.77,127.64
Movie_2719,212.65,122.65
Movie_2720,195.93,97.33
Movie_2721,161.46,84.42
Movie_2722,154.16,72.93
Movie_2723,90.07,41.89
Movie_2724,181.48,82.67
Movie_2725,163.91,72.89
Movie_2726,152.08,73.05
Movie_2727,179.2,75.98
Movie_2728,182.49,80.78
Movie_2729,154.58,60.46
Movie_2730,244.52,115.84
Movie_2731,209.22,84.12
Movie_2732,215.85,97.5
Movie_2733,175.87,83.54
Movie_2734,200.45,96.07
Movie_2735,144.17,70.44
Movie_2736,206.65,90.79
Movie_2737,171.82,81.49
Movie_2738,139.12,59.22
Movie_2739,179.09,62.94
Movie_2740,168.32,80.21
Movie_2741,272.92,126.89
Movie_2742,197.42,98.84
Movie_2743,243.19,109.13
Movie_2744,225.25,83.31
Movie_2745,181.51,80.85
Movie_2746,162.25,80.2
Movie_2747,110.39,52.3
Movie_2748,145.16,64.26
Movie_2749,206.51,75.75
Movie_2750,167.91,66.95
Movie_2751,195.03,92.42
Movie_2752,98.79,36.23
Movie_2753,198.14,86.01
Movie_2754,223.86,101.17
Movie_2755,108.97,55.3
Movie_2756,194.86,93.67
Movie_2757,233.74,116.44
Movie_2758,247.2,114.97
Movie_2759,159.86,65.18
Movie_2760,211.2,88.56
Movie_2761,237.19,95.67
Movie_2762,196.06,94.02
Movie_2763,231.4,96.1
Movie_2764,178.57,76.84
Movie_2765,195.77,88.32
Movie_2766,155.14,82.54
Movie_2767,173.42,83.74
Movie_2768,197.35,81.18
Movie_2769,152.14,69.62
Movie_2770,171.06,91.1
Movie_2771,210.43,101.17
Movie_2772,262.1,97
Movie_2773,98.02,39.62
Movie_2774,259.06,103.73
Movie_2775,169.61,88.54
Movie_2776,218.6,112.1
Movie_2777,226.44,94.82
Movie_2778,242.58,101.32
Movie_2779,150.88,68.23
Movie_2780,170.99,77.58
Movie_2781,177.86,71.48
Movie_2782,165.7,72.5
Movie_2783,232.75,87.82
Movie_2784,176.93,90.87
Movie_2785,115.26,41.72
Movie_2786,154.68,55.91
Movie_2787,116.86,55.13
Movie_2788,170.87,66.32
Movie_2789,206.9,87.92
Movie_2790,153.82,69.7
Movie_2791,163.88,79.28
Movie_2792,169.01,74.19
Movie_2793,185.63,100.05
Movie_2794,200.64,90.28
Movie_2795,212.29,108.17
Movie_2796,270.22,125.36
Movie_2797,184.94,102.93
Movie_2798,209.43,105.33
Movie_2799,116.5,52.68
Movie_2800,164.83,79.36
Movie_2801,169.18,73.92
Movie_2802,139.31,60.8
Movie_2803,158.56,61.02
Movie_2804,175.7,71.96
Movie_2805,159.81,88.38
Movie_2806,284.07,110.73
Movie_2807,200.49,83.65
Movie_2808,260.04,115.8
Movie_2809,239.71,107.15
Movie_2810,154.43,72.46
Movie_2811,181.5,77.42
Movie_2812,162.61,76.8
Movie_2813,173.53,88
Movie_2814,140.94,72.35
Movie_2815,162.34,70.88
Movie_2816,194.38,93.41
Movie_2817,193.32,75.92
Movie_2818,190.14,78.7
Movie_2819,177.61,69.5
Movie_2820,214.43,96
Movie_2821,169.72,69.08
Movie_2822,235.66,88.13
Movie_2823,106.1,45.7
Movie_2824,206.27,74.99
Movie_2825,199.53,103.03
Movie_2826,153.02,64.59
Movie_2827,165.79,82.77
Movie_2828,198.59,84.48
Movie_2829,216.64,84.54
Movie_2830,110.02,55.98
Movie_2831,205.13,93.22
Movie_2832,161.69,88.02
Movie_2833,225.01,96.01
Movie_2834,106.43,45.53
Movie_2835,277.81,138.97
Movie_2836,144.55,72.36
Movie_2837,237.2,108.56
Movie_2838,177.23,109.31
Movie_2839,147.25,64.2
Movie_2840,190.6,73.67
Movie_2841,221.17,88.44
Movie_2842,117.89,51.43
Movie_2843,208.06,109.43
Movie_2844,179.51,79.11
Movie_2845,203.08,107.29
Movie_2846,180.44,85.12
Movie_2847,157.13,79.22
Movie_2848,135.48,63.59
Movie_2849,206.91,97.03
Movie_2850,206.69,100.79
Movie_2851,206.49,87.07
Movie_2852,197.1,83.22
Movie_2853,217.79,101.81
Movie_2854,236.24,129.24
Movie_2855,104.94,39.14
Movie_2856,86.33,30.09
Movie_2857,248.72,108.64
Movie_2858,126.36,63.37
Movie_2859,136.55,61.8
Movie_2860,168.5,65.97
Movie_2861,113.84,51.68
Movie_2862,164.74,59.86
Movie_2863,142.08,68.4
Movie_2864,170.67,74.16
Movie_2865,191.19,85.25
Movie_2866,166.26,78.37
Movie_2867,164.24,75.6
Movie_2868,190.32,80.49
Movie_2869,221.77,111.26
Movie_2870,244.12,119.58
Movie_2871,171.26,61.87
Movie_2872,253,110.94
Movie_2873,215.07,85.16
Movie_2874,130.72,50.54
Movie_2875,129.55,61.76
Movie_2876,156.91,67.32
Movie_2877,237.78,105.3
Movie_2878,159.95,66.62
Movie_2879,104.31,48.87
Movie_2880,170.84,82.67
Movie_2881,100.78,56.29
Movie_2882,137.8,60.76
Movie_2883,156.52,59.1
Movie_2884,185.99,79.01
Movie_2885,220.97,108.8
Movie_2886,207.77,85.47
Movie_2887,132.83,49.93
Movie_2888,165.13,68.1
Movie_2889,183.06,77.5
Movie_2890,169.51,67.1
Movie_2891,169.23,77.99
Movie_2892,111.09,49.55
Movie_2893,133.89,65.54
Movie_2894,163.88,70.09
Movie_2895,56.27,26.89
Movie_2896,205.63,87.47
Movie_2897,125.09,49.23
Movie_2898,207.47,87.73
Movie_2899,203.96,75.28
Movie_2900,158.25,85.36
Movie_2901,220.02,100.58
Movie_2902,209.73,86.04
Movie_2903,167.64,72.27
Movie_2904,163.13,53.42
Movie_2905,223.89,116.81
Movie_2906,189.28,97.83
Movie_2907,221.79,101
Movie_2908,84.44,39.35
Movie_2909,183.94,71.11
Movie_2910,116.9,45.62
Movie_2911,178.97,65.35
Movie_2912,208.55,92.17
Movie_2913,249.57,125.55
Movie_2914,142.47,61.38
Movie_2915,158.97,74.3
Movie_2916,176.18,87.9
Movie_2917,141.02,52.01
Movie_2918,219.14,118.83
Movie_2919,177.2,89.99
Movie_2920,184.88,87.95
Movie_2921,204.81,101.63
Movie_2922,177.13,88.31
Movie_2923,147.3,68.44
Movie_2924,177.48,92.54
Movie_2925,145.75,62.29
Movie_2926,184.32,87.2
Movie_2927,219.88,113.48
Movie_2928,133,41.95
Movie_2929,118.71,56.02
Movie_2930,181.97,88.48
Movie_2931,149.29,54.43
Movie_2932,181.27,84.13
Movie_2933,192.82,79.12
Movie_2934,94.25,44.28
Movie_2935,207.59,92.43
Movie_2936,133.21,53.64
Movie_2937,179.11,90.54
Movie_2938,153.62,65.92
Movie_2939,157.92,73.2
Movie_2940,247.76,127.77
Movie_2941,192.77,77.91
Movie_2942,216.19,97.37
Movie_2943,186.04,79.11
Movie_2944,204.8,89.37
Movie_2945,196.7,109.72
Movie_2946,190.18,89.92
Movie_2947,224.29,104.45
Movie_2948,186.26,88.7
Movie_2949,271.41,127.97
Movie_2950,218.42,78.35
Movie_2951,134.42,75.93
Movie_2952,172.94,65.16
Movie_2953,195.88,105.12
Movie_2954,181.78,87.42
Movie_2955,207.47,95.24
Movie_2956,211.88,92.11
Movie_2957,125.62,72.89
Movie_2958,231.24,111.05
Movie_2959,160.13,72.2
Movie_2960,156.16,66.09
Movie_2961,156.04,65.11
Movie_2962,212.34,96.09
Movie_2963,169.32,68.32
Movie_2964,153.46,74.27
Movie_2965,163.04,68.1
Movie_2966,108.21,54.13
Movie_2967,146.31,73.03
Movie_2968,130.42,58.33
Movie_2969,169.23,81.06
Movie_2970,206.57,99.47
Movie_2971,202.16,76.19
Movie_2972,230.27,123.56
Movie_2973,221.36,96.78
Movie_2974,158.86,77.01
Movie_2975,180.76,87.88
Movie_2976,178.7,58.17
Movie_2977,93.96,39.2
Movie_2978,131.31,64.61
Movie_2979,173.31,78.53
Movie_2980,173.08,83.85
Movie_2981,200.49,91.15
Movie_2982,198.55,101.55
Movie_2983,109.17,49.75
Movie_2984,200.74,104.63
Movie_2985,187.14,75.04
Movie_2986,204.93,90.91
Movie_2987,222.67,93.59
Movie_2988,174.28,81.81
Movie_2989,229.82,100.22
Movie_2990,144.42,63.33
Movie_2991,142.17,58.97
Movie_2992,197.15,84.18
Movie_2993,165.25,74.28
Movie_2994,190.47,66.46
Movie_2995,259.72,86.98
Movie_2996,195.74,88.66
Movie_2997,188.49,58.72
Movie_2998,145.23,63.95
Movie_2999,112,48.29
Movie_3000,177.1,84.49
Movie_3001,222.67,92.72
Movie_3002,167.08,88.3
Movie_3003,196.06,96.54
Movie_3004,237.06,88.75
Movie_3005,236.06,102.87
Movie_3006,197.15,103.77
Movie_3007,186.8,77.54
Movie_3008,119.25,53.35
Movie_3009,154.79,80.52
Movie_3010,168.77,71.38
Movie_3011,145.91,73.85
Movie_3012,189.94,76.83
Movie_3013,256.47,78.38
Movie_3014,240.71,123.11
Movie_3015,189.76,89.55
Movie_3016,211.18,100.36
Movie_3017,150.86,59.64
Movie_3018,238.56,95.26
Movie_3019,117.52,59.64
Movie_3020,216.51,100.06
Movie_3021,199.82,88.75
Movie_3022,149.77,69.05
Movie_3023,171.65,90.19
Movie_3024,134.63,65.46
Movie_3025,136.33,58.11
Movie_3026,116.36,44.2
Movie_3027,210.7,101.01
Movie_3028,228.21,92.15
Movie_3029,93.53,36.56
Movie_3030,253.53,130.77
Movie_3031,179.52,88.61
Movie_3032,191.59,89.91
Movie_3033,121.1,47
Movie_3034,232.83,125.6
Movie_3035,188.01,94.28
Movie_3036,225.55,98.07
Movie_3037,228.83,97.08
Movie_3038,233.39,105.94
Movie_3039,154.07,65.65
Movie_3040,171.68,96.24
Movie_3041,155.53,66.99
Movie_3042,215.8,85.59
Movie_3043,193.32,102.35
Movie_3044,222.77,93.91
Movie_3045,224.51,109.86
Movie_3046,110.91,53.65
Movie_3047,234.03,104.63
Movie_3048,218.03,87.51
Movie_3049,165.23,73.96
Movie_3050,193.99,75.95
Movie_3051,175.05,78.56
Movie_3052,204.64,100
Movie_3053,165.14,88.5
Movie_3054,199.16,78.79
Movie_3055,182.69,79.92
Movie_3056,162.71,68.95
Movie_3057,187.61,86.99
Movie_3058,288.26,107.78
Movie_3059,152.58,61.58
Movie_3060,170,62.12
Movie_3061,153.28,57.95
Movie_3062,157.47,65.66
Movie_3063,212.63,113.45
Movie_3064,208.64,97.51
Movie_3065,179.77,81.48
Movie_3066,221.05,114.36
Movie_3067,211.74,99.34
Movie_3068,173.51,82.22
Movie_3069,118.65,50.59
Movie_3070,213.19,89.14
Movie_3071,186.79,71.81
Movie_3072,180.89,75.96
Movie_3073,161.36,70.35
Movie_3074,209.79,98.02
Movie_3075,193.94,86.92
Movie_3076,170.53,73.63
Movie_3077,130.98,52.97
Movie_3078,222.72,104.67
Movie_3079,204.2,86.81
Movie_3080,190.22,88.96
Movie_3081,73.73,26.13
Movie_3082,178.48,83.32
Movie_3083,170.35,83.02
Movie_3084,155.26,74.68
Movie_3085,210.17,92.51
Movie_3086,208.59,103.41
Movie_3087,197.47,76.29
Movie_3088,221.52,98.7
Movie_3089,139.11,61.25
Movie_3090,161.85,81.22
Movie_3091,182.99,63.86
Movie_3092,155.12,61.6
Movie_3093,209.09,112.36
Movie_3094,159.11,52.26
Movie_3095,231.93,113.81
Movie_3096,142.75,59.24
Movie_3097,265.28,122.75
Movie_3098,261.17,135.99
Movie_3099,176.21,81.88
Movie_3100,225.85,117.83
Movie_3101,163.98,69.75
Movie_3102,220.53,95.27
Movie_3103,172.96,84.64
Movie_3104,128.58,55.04
Movie_3105,38.69,18.57
Movie_3106,169.25,86.18
Movie_3107,191.16,94.32
Movie_3108,233.21,86.53
Movie_3109,181.47,78.56
Movie_3110,220.12,102.16
Movie_3111,161.84,70.85
Movie_3112,166.51,75.59
Movie_3113,222.16,103.25
Movie_3114,81.41,34.49
Movie_3115,180.52,79.49
Movie_3116,164,64.12
Movie_3117,234.42,99.89
Movie_3118,158.87,59.36
Movie_3119,200.66,91.47
Movie_3120,216.86,95.49
Movie_3121,120.3,48.63
Movie_3122,174.43,94.06
Movie_3123,162.73,71.23
Movie_3124,217.85,101.15
Movie_3125,207,86.54
Movie_3126,170.67,73.27
Movie_3127,138.1,64.39
Movie_3128,221.53,96.01
Movie_3129,177.29,79.81
Movie_3130,115.26,56.52
Movie_3131,118.7,50.34
Movie_3132,197.51,75.72
Movie_3133,128.97,48.19
Movie_3134,254.39,132.77
Movie_3135,142.52,70.77
Movie_3136,179.99,86.9
Movie_3137,186.36,79.8
Movie_3138,150.82,57.82
Movie_3139,90.41,39.41
Movie_3140,187.64,83.56
Movie_3141,149.87,58.96
Movie_3142,184.66,69.53
Movie_3143,175.11,63.65
Movie_3144,190.53,92
Movie_3145,242.47,94.5
Movie_3146,158.15,73.61
Movie_3147,161.25,69.36
Movie_3148,113.37,54.36
Movie_3149,172.19,80.38
Movie_3150,196.39,86.1
Movie_3151,160.66,73.34
Movie_3152,196.66,87.41
Movie_3153,172.9,72.49
Movie_3154,127.91,63.83
Movie_3155,192.48,82.54
Movie_3156,171.77,76.55
Movie_3157,184.91,70.13
Movie_3158,157.32,72.95
Movie_3159,153.78,64.51
Movie_3160,186.3,79.39
Movie_3161,170.78,69.68
Movie_3162,248.97,110.49
Movie_3163,211.95,74.11
Movie_3164,201.8,97.69
Movie_3165,172.9,77.47
Movie_3166,98.96,42.22
Movie_3167,147.7,55.03
Movie_3168,154.11,72.69
Movie_3169,169,70.69
Movie_3170,178.67,92.07
Movie_3171,206.24,97.82
Movie_3172,190.93,100.57
Movie_3173,226.37,103.42
Movie_3174,167.52,84.41
Movie_3175,190.29,90.03
Movie_3176,193.75,82.82
Movie_3177,189.83,87.2
Movie_3178,231.28,94.43
Movie_3179,212.15,117.41
Movie_3180,127.22,56.61
Movie_3181,175.43,79.17
Movie_3182,179.44,84.25
Movie_3183,266.06,105.27
Movie_3184,166.81,86.09
Movie_3185,140.7,56.1
Movie_3186,197.53,76.53
Movie_3187,199.88,88.28
Movie_3188,177.05,68.35
Movie_3189,171.19,90.4
Movie_3190,217.96,95.57
Movie_3191,145.86,42.15
Movie_3192,166.36,76.53
Movie_3193,159.11,76
Movie_3194,223.76,95.98
Movie_3195,191.42,73.16
Movie_3196,137.4,61.12
Movie_3197,141.42,60.23
Movie_3198,254.94,102.29
Movie_3199,223.33,88.62
Movie_3200,213.66,97.82
Movie_3201,180.49,89.37
Movie_3202,240.34,113.7
Movie_3203,135.86,49.4
Movie_3204,210.12,101.02
Movie_3205,162.27,79.29
Movie_3206,170.04,88.37
Movie_3207,209.03,84.14
Movie_3208,174.26,77.92
Movie_3209,162.61,77.79
Movie_3210,160.19,67.86
Movie_3211,100.55,48.02
Movie_3212,210.53,94.49
Movie_3213,139.73,56.96
Movie_3214,254.34,104.77
Movie_3215,168.5,86.35
Movie_3216,232.38,92.99
Movie_3217,107.64,42.15
Movie_3218,209.26,97.77
Movie_3219,219.54,98.46
Movie_3220,232.14,89.24
Movie_3221,118.88,50.41
Movie_3222,151.89,62.15
Movie_3223,203.06,84.86
Movie_3224,185.94,107.15
Movie_3225,191.73,83.38
Movie_3226,165.59,67.22
Movie_3227,242.03,133.38
Movie_3228,284.34,140.58
Movie_3229,184.16,89.55
Movie_3230,198.14,80.91
Movie_3231,182.25,92.87
Movie_3232,231.36,113.55
Movie_3233,213.16,97.49
Movie_3234,137.34,50.02
Movie_3235,155.49,69.82
Movie_3236,139.63,74.91
Movie_3237,287.79,132.68
Movie_3238,205.41,88.57
Movie_3239,156.17,68.49
Movie_3240,152.98,67.62
Movie_3241,212.21,87.01
Movie_3242,216.2,96.84
Movie_3243,211.92,110.65
Movie_3244,162.98,84.17
Movie_3245,192.23,79.25
Movie_3246,184.44,94.76
Movie_3247,142.55,69.57
Movie_3248,142.94,68.85
Movie_3249,196.48,92.66
Movie_3250,187.86,75.8
Movie_3251,202.13,86.86
Movie_3252,211.64,104.05
Movie_3253,239.98,93.51
Movie_3254,148.96,59.28
Movie_3255,205.21,95.49
Movie_3256,209.97,86.2
Movie_3257,167.51,82.28
Movie_3258,184.87,76.22
Movie_3259,168.54,77.9
Movie_3260,264.34,123.29
Movie_3261,184.19,78.45
Movie_3262,198.06,86.75
Movie_3263,169.44,70.49
Movie_3264,160.81,72.21
Movie_3265,127.92,51.41
Movie_3266,223.99,98.29
Movie_3267,210.74,102.72
Movie_3268,167.96,66.04
Movie_3269,143.99,61.29
Movie_3270,187.2,89.09
Movie_3271,160.09,55.41
Movie_3272,171.12,92.88
Movie_3273,129.46,65.02
Movie_3274,188.68,70.39
Movie_3275,189.48,65.33
Movie_3276,223.79,101.04
Movie_3277,173.97,68.54
Movie_3278,166.66,83.01
Movie_3279,117.73,55.3
Movie_3280,224.04,102.2
Movie_3281,215.71,90.92
Movie_3282,181.15,96.01
Movie_3283,126.83,61.85
Movie_3284,131.42,63.1
Movie_3285,158.12,80.64
Movie_3286,218.61,87.24
Movie_3287,191.61,98.53
Movie_3288,120.27,52.53
Movie_3289,196.17,91.56
Movie_3290,146.43,64.75
Movie_3291,159.11,56.66
Movie_3292,218.87,108.97
Movie_3293,210.62,75.57
Movie_3294,223.72,89.86
Movie_3295,179.07,76.53
Movie_3296,215.32,75.86
Movie_3297,156.55,61.83
Movie_3298,169.7,78.44
Movie_3299,166.95,72.23
Movie_3300,180.95,79.04
Movie_3301,128.54,51.96
Movie_3302,171,77.34
Movie_3303,238.07,103.26
Movie_3304,136.3,50.15
Movie_3305,126.83,55.8
Movie_3306,130.05,50.45
Movie_3307,286.47,141.77
Movie_3308,198.59,85.48
Movie_3309,169.19,97.47
Movie_3310,182.73,91.06
Movie_3311,189.11,83.87
Movie_3312,154.38,73.94
Movie_3313,159.31,55.04
Movie_3314,173.69,86.52
Movie_3315,151.01,61.76
Movie_3316,164.12,74.59
Movie_3317,194.12,80.29
Movie_3318,140.11,58.7
Movie_3319,284.4,125.4
Movie_3320,210.13,95.37
Movie_3321,129.2,57.97
Movie_3322,80.88,36.39
Movie_3323,152.5,56.23
Movie_3324,207.37,117.5
Movie_3325,199.62,92.14
Movie_3326,175.57,82.85
Movie_3327,155.94,67.52
Movie_3328,143.83,58.44
Movie_3329,163.9,74.99
Movie_3330,139.5,64.79
Movie_3331,164.04,84.5
Movie_3332,233.24,129.19
Movie_3333,149.15,78.13
Movie_3334,204.44,73.94
Movie_3335,210.54,89.9
Movie_3336,136.82,63.87
Movie_3337,146.27,62.89
Movie_3338,222.76,99.75
Movie_3339,142.97,49
Movie_3340,177.7,88.09
Movie_3341,261.6,93.19
Movie_3342,219.19,81.4
Movie_3343,183.41,73.23
Movie_3344,213.63,95.09
Movie_3345,177.76,65.57
Movie_3346,220.73,87.63
Movie_3347,98.15,49.81
Movie_3348,174.43,77.51
Movie_3349,96.55,45.54
Movie_3350,186.45,72.38
Movie_3351,170.55,76.29
Movie_3352,234.43,103.9
Movie_3353,208.47,85.52
Movie_3354,158.96,71.13
Movie_3355,163.75,58.2
Movie_3356,195.23,92.13
Movie_3357,157.1,67.56
Movie_3358,178.71,78.12
Movie_3359,232.67,114.61
Movie_3360,146.83,69.25
Movie_3361,162.09,70.36
Movie_3362,167.7,66.1
Movie_3363,306.32,158.19
Movie_3364,204.33,78.26
Movie_3365,225.28,108.47
Movie_3366,210.73,78
Movie_3367,213.42,105.83
Movie_3368,198.94,99.58
Movie_3369,194.61,68.96
Movie_3370,121.97,57.63
Movie_3371,194.31,91
Movie_3372,175.67,85.23
Movie_3373,201.82,94.5
Movie_3374,177.17,71.2
Movie_3375,210.53,92.45
Movie_3376,217.6,116.03
Movie_3377,63.51,25.06
Movie_3378,162.64,75.81
Movie_3379,105.7,53.65
Movie_3380,189.56,75.91
Movie_3381,167.97,63.69
Movie_3382,234.23,90.58
Movie_3383,188.29,88.45
Movie_3384,160.58,62.03
Movie_3385,217.54,96.42
Movie_3386,167.27,86.74
Movie_3387,160.08,71.63
Movie_3388,195.75,80.47
Movie_3389,244.52,111.57
Movie_3390,214.14,95.63
Movie_3391,202.68,95.79
Movie_3392,290.04,154
Movie_3393,150.7,70.8
Movie_3394,149.81,82.65
Movie_3395,185.82,87.85
Movie_3396,240.6,99.04
Movie_3397,142.33,80.33
Movie_3398,250.18,111.02
Movie_3399,122.44,48.64
Movie_3400,175.15,99.17
Movie_3401,186.94,77.27
Movie_3402,144.69,59.52
Movie_3403,155.15,65.54
Movie_3404,211.87,97.09
Movie_3405,237.66,118.01
Movie_3406,95.42,30.3
Movie_3407,187.21,92.92
Movie_3408,175.47,74.1
Movie_3409,184.3,79.13
Movie_3410,167.33,89.65
Movie_3411,128.38,59.14
Movie_3412,241.69,114.17
Movie_3413,226.37,101.32
Movie_3414,175.84,85.84
Movie_3415,160.47,85.19
Movie_3416,155.62,50.77
Movie_3417,76.57,38.61
Movie_3418,194.15,102.39
Movie_3419,211.21,100.34
Movie_3420,185.52,77.2
Movie_3421,176.55,69.28
Movie_3422,185.34,105.29
Movie_3423,145.87,59.04
Movie_3424,160.02,84.15
Movie_3425,173.35,81.39
Movie_3426,207.87,114.8
Movie_3427,235.15,102.08
Movie_3428,170.83,63.14
Movie_3429,138.21,62.21
Movie_3430,181.43,68.16
Movie_3431,260.46,152.07
Movie_3432,141.69,68.22
Movie_3433,215.43,105.33
Movie_3434,233.44,114.14
Movie_3435,165.6,68.78
Movie_3436,151.97,67.38
Movie_3437,203,92.47
Movie_3438,194.13,106.23
Movie_3439,207.79,81.48
Movie_3440,262.95,108.75
Movie_3441,186.68,80.62
Movie_3442,132.31,55.08
Movie_3443,182.67,68.88
Movie_3444,189.66,59.7
Movie_3445,230.69,82.74
Movie_3446,172.13,86.92
Movie_3447,163.64,73.57
Movie_3448,125.15,61.55
Movie_3449,201.9,84.97
Movie_3450,313.93,139.72
Movie_3451,171.1,90.8
Movie_3452,198.08,104.51
Movie_3453,158.09,78.59
Movie_3454,128.75,59.24
Movie_3455,197.37,93.93
Movie_3456,181.13,84.87
Movie_3457,84.58,37.36
Movie_3458,244.4,105.04
Movie_3459,196.64,99.52
Movie_3460,182.96,70.48
Movie_3461,163.12,85.53
Movie_3462,196.21,85.59
Movie_3463,198.06,76.11
Movie_3464,196.05,82.88
Movie_3465,222.72,90.49
Movie_3466,231.81,97.64
Movie_3467,260.22,109.37
Movie_3468,146.53,61.3
Movie_3469,157.06,68.26
Movie_3470,194.45,86.87
Movie_3471,148.84,72.66
Movie_3472,155.28,67.97
Movie_3473,199.01,92.8
Movie_3474,216.03,97.29
Movie_3475,231.04,110.21
Movie_3476,172.3,77.94
Movie_3477,198.53,82.92
Movie_3478,189.71,76.66
Movie_3479,180.71,83.22
Movie_3480,147.36,75.69
Movie_3481,142.27,62.39
Movie_3482,206.67,85.76
Movie_3483,146.69,64.13
Movie_3484,108.92,45.96
Movie_3485,178.73,74.47
Movie_3486,238.21,90
Movie_3487,68.21,29.86
Movie_3488,168.47,77.8
Movie_3489,207.01,81.96
Movie_3490,107.06,43.48
Movie_3491,171.47,69.03
Movie_3492,134.42,51.17
Movie_3493,139.71,56.19
Movie_3494,163.9,72.13
Movie_3495,135.07,51.72
Movie_3496,131.75,58.38
Movie_3497,177.63,73.69
Movie_3498,269.09,108.59
Movie_3499,210.31,98.61
Movie_3500,220.42,92.13
Movie_3501,211.89,90.37
Movie_3502,152.1,78.32
Movie_3503,192.43,77.74
Movie_3504,223.91,118.29
Movie_3505,213.13,92.2
Movie_3506,187.78,73.83
Movie_3507,200.8,84.8
Movie_3508,278.51,126.29
Movie_3509,213.58,109.51
Movie_3510,167.39,82.01
Movie_3511,177.04,80.23
Movie_3512,137.83,70.71
Movie_3513,273.88,97.49
Movie_3514,244.15,112.91
Movie_3515,183.33,85.34
Movie_3516,267.23,124.56
Movie_3517,205.3,75.86
Movie_3518,162.77,64.97
Movie_3519,216.26,95.52
Movie_3520,195.95,99.1
Movie_3521,213.51,116.53
Movie_3522,125.24,52.2
Movie_3523,147.59,56.75
Movie_3524,239.54,117.56
Movie_3525,247.73,143.86
Movie_3526,236.6,119.57
Movie_3527,268.75,110.88
Movie_3528,203.09,120.44
Movie_3529,200.28,97
Movie_3530,143.47,58.89
Movie_3531,156.78,85.71
Movie_3532,100.47,40.84
Movie_3533,167.14,70.02
Movie_3534,97.66,47.5
Movie_3535,223.24,100.18
Movie_3536,195.54,88.35
Movie_3537,98.95,44.72
Movie_3538,172.41,87.19
Movie_3539,258.71,86.35
Movie_3540,174.97,81.23
Movie_3541,140.07,61
Movie_3542,108.58,44.78
Movie_3543,109.77,45.25
Movie_3544,201.42,64.08
Movie_3545,162.65,66.7
Movie_3546,165.96,85.39
Movie_3547,162.81,80.04
Movie_3548,174.39,76.81
Movie_3549,130.91,49.67
Movie_3550,192.64,94.6
Movie_3551,123.09,63.45
Movie_3552,149.77,75.14
Movie_3553,220.43,88.52
Movie_3554,195.05,79.34
Movie_3555,207.43,110.52
Movie_3556,266.02,103.62
Movie_3557,177.61,84.17
Movie_3558,180.86,65.31
Movie_3559,169.43,73.7
Movie_3560,162.26,77.76
Movie_3561,139.58,62.6
Movie_3562,183.36,87.32
Movie_3563,194.2,75.48
Movie_3564,196.43,80.34
Movie_3565,182.57,86.55
Movie_3566,217.05,105.24
Movie_3567,181.18,83.52
Movie_3568,163.63,81.38
Movie_3569,142.92,52.47
Movie_3570,118.04,50.37
Movie_3571,238.42,129.02
Movie_3572,152.04,78.17
Movie_3573,142.97,68.87
Movie_3574,163.3,72.22
Movie_3575,168.86,84.72
Movie_3576,245.54,115.76
Movie_3577,166.87,62.43
Movie_3578,285.34,142.61
Movie_3579,182.55,74.24
Movie_3580,262.28,127.99
Movie_3581,215.76,79.66
Movie_3582,194.44,103.04
Movie_3583,243.11,106.06
Movie_3584,224.89,88.73
Movie_3585,205.39,85.35
Movie_3586,272.7,118.12
Movie_3587,160.06,71.98
Movie_3588,140.2,72.33
Movie_3589,152.95,69.36
Movie_3590,250.09,85.39
Movie_3591,238.03,92.48
Movie_3592,158.99,93.47
Movie_3593,85.81,39.2
Movie_3594,171.77,85.46
Movie_3595,139.47,60.61
Movie_3596,160.24,64.06
Movie_3597,137.82,58.7
Movie_3598,115.62,52.77
Movie_3599,255.33,109.02
Movie_3600,152.65,83.34
Movie_3601,236.51,99.14
Movie_3602,171.15,67.99
Movie_3603,134.77,66.1
Movie_3604,200.36,99.5
Movie_3605,164.36,74.21
Movie_3606,171.72,72.1
Movie_3607,185.8,65.95
Movie_3608,147.51,75.38
Movie_3609,115.15,56.82
Movie_3610,177.95,76.16
Movie_3611,218.56,99
Movie_3612,143.94,63.14
Movie_3613,186.16,98.93
Movie_3614,240.22,95.63
Movie_3615,176.41,73.92
Movie_3616,183.44,75.97
Movie_3617,182.21,84.82
Movie_3618,152.71,69.15
Movie_3619,140.27,64.52
Movie_3620,140.43,57.01
Movie_3621,194.73,102.09
Movie_3622,210.31,89.86
Movie_3623,212.2,108.09
Movie_3624,164.86,100.06
Movie_3625,223.73,90.91
Movie_3626,192.29,89.82
Movie_3627,182.83,81.07
Movie_3628,46.43,25.61
Movie_3629,147.3,64.22
Movie_3630,119.16,55.1
Movie_3631,205.08,94.61
Movie_3632,183.8,81.79
Movie_3633,137.12,66.88
Movie_3634,192.17,87.37
Movie_3635,123.06,58.34
Movie_3636,138.25,63.69
Movie_3637,151.59,63.63
Movie_3638,201.61,88.01
Movie_3639,235.98,112.74
Movie_3640,156.56,74.77
Movie_3641,232.9,119.3
Movie_3642,181.9,98.76
Movie_3643,189.45,80.32
Movie_3644,177.45,81.05
Movie_3645,172.11,75.79
Movie_3646,197.57,77.97
Movie_3647,209.61,100.24
Movie_3648,144.62,70.7
Movie_3649,172.43,68.31
Movie_3650,246.77,106.43
Movie_3651,187.09,79.77
Movie_3652,191.47,71.72
Movie_3653,226.69,101.6
Movie_3654,159.95,62.82
Movie_3655,178.64,81.81
Movie_3656,212.67,98.56
Movie_3657,229.56,107.81
Movie_3658,85.39,40.31
Movie_3659,150.53,79.26
Movie_3660,140.07,57.37
Movie_3661,175.05,72.13
Movie_3662,143.09,69.08
Movie_3663,206.56,91.59
Movie_3664,186.9,94.62
Movie_3665,215.57,103.06
Movie_3666,218.12,119.07
Movie_3667,207.16,92.28
Movie_3668,166.57,62.61
Movie_3669,184.17,86.01
Movie_3670,161.57,72.13
Movie_3671,125.41,59.79
Movie_3672,218.15,105.39
Movie_3673,176.64,74.77
Movie_3674,119.9,47.91
Movie_3675,201.48,89.2
Movie_3676,171.04,56.6
Movie_3677,97.61,44.32
Movie_3678,125.05,53.72
Movie_3679,151.98,74.94
Movie_3680,188.42,66.08
Movie_3681,211.52,95.25
Movie_3682,210.15,111.13
Movie_3683,204.11,98.74
Movie_3684,178.63,89.14
Movie_3685,248.89,116.23
Movie_3686,207.99,76.32
Movie_3687,188.88,86.57
Movie_3688,202.66,95.34
Movie_3689,164.04,64.97
Movie_3690,177.71,78.85
Movie_3691,96.72,29.49
Movie_3692,164.53,71.29
Movie_3693,250.4,107.22
Movie_3694,185.94,96.71
Movie_3695,184.27,77.36
Movie_3696,219.94,96.04
Movie_3697,194.31,86.67
Movie_3698,148.54,62.46
Movie_3699,180.95,87.94
Movie_3700,134.59,47.16
Movie_3701,187.34,94.95
Movie_3702,146.49,65.83
Movie_3703,217.13,111.84
Movie_3704,159.59,49.89
Movie_3705,147.01,48.25
Movie_3706,175.49,76.41
Movie_3707,194.62,92.5
Movie_3708,131.71,55.61
Movie_3709,159.15,76.26
Movie_3710,184.21,91.93
Movie_3711,233.53,112.87
Movie_3712,78.85,35.89
Movie_3713,204.61,93.05
Movie_3714,164.66,69.04
Movie_3715,160.22,71.66
Movie_3716,152.75,60.91
Movie_3717,165.44,67.96
Movie_3718,204.83,97.44
Movie_3719,158.53,67.67
Movie_3720,246.34,101.77
Movie_3721,204.95,96.83
Movie_3722,187.92,88.13
Movie_3723,173.36,76.15
Movie_3724,227.59,100.72
Movie_3725,233.44,109.9
Movie_3726,133.54,66.56
Movie_3727,151.92,69.89
Movie_3728,205.39,80.18
Movie_3729,217.47,95.45
Movie_3730,167.99,72.18
Movie_3731,150.3,59.72
Movie_3732,183.14,86.97
Movie_3733,239.07,114.45
Movie_3734,181.64,88.33
Movie_3735,129.44,51.83
Movie_3736,184.38,84.42
Movie_3737,211.31,95.02
Movie_3738,175.94,81.88
Movie_3739,230.33,105.14
Movie_3740,214.63,96.45
Movie_3741,177.53,78.71
Movie_3742,181.73,91.84
Movie_3743,106.33,43.27
Movie_3744,228.41,100.81
Movie_3745,166.82,84.09
Movie_3746,164,67.15
Movie_3747,158.01,65.1
Movie_3748,198.27,96.5
Movie_3749,134.85,51.08
Movie_3750,140.63,67.93
Movie_3751,177.9,75.7
Movie_3752,154.94,72.9
Movie_3753,193.41,75.23
Movie_3754,156.4,79.65
Movie_3755,243.8,94.87
Movie_3756,207.74,101.01
Movie_3757,207.24,81.08
Movie_3758,155.8,84.2
Movie_3759,276.23,123.32
Movie_3760,162.44,88.94
Movie_3761,151.45,61.95
Movie_3762,208.27,89.11
Movie_3763,187.81,95.88
Movie_3764,147.26,55.77
Movie_3765,267.83,111.16
Movie_3766,219.02,103.98
Movie_3767,180.16,71.89
Movie_3768,276.04,131.42
Movie_3769,212.43,97.4
Movie_3770,179.52,67.2
Movie_3771,271.26,135.19
Movie_3772,206.36,79.84
Movie_3773,204.61,99.97
Movie_3774,164.55,75.1
Movie_3775,181.98,77.75
Movie_3776,163.57,64.57
Movie_3777,237.59,110.83
Movie_3778,115.62,46.98
Movie_3779,234.63,119.75
Movie_3780,144.91,74.23
Movie_3781,177.68,94.54
Movie_3782,168.19,78.05
Movie_3783,159.19,68.42
Movie_3784,207.59,90.33
Movie_3785,179.79,77.58
Movie_3786,153.29,70.88
Movie_3787,186.16,87.84
Movie_3788,152.16,77.84
Movie_3789,158.49,71.48
Movie_3790,120.11,45.62
Movie_3791,161.99,69.6
Movie_3792,199.77,105.44
Movie_3793,181.48,67.54
Movie_3794,252.6,123.01
Movie_3795,284.51,122.47
Movie_3796,161.43,65.51
Movie_3797,146.67,68.9
Movie_3798,225.19,118.91
Movie_3799,193.41,90.33
Movie_3800,225.43,98.48
Movie_3801,195.95,75.48
Movie_3802,172.23,76.65
Movie_3803,172.45,66.12
Movie_3804,197.31,85.73
Movie_3805,171.56,76.66
Movie_3806,228.78,75.95
Movie_3807,127.91,66.44
Movie_3808,228.57,88.7
Movie_3809,105.06,46.3
Movie_3810,185.8,88.57
Movie_3811,166.76,85.95
Movie_3812,119.35,48.98
Movie_3813,97.6,31.68
Movie_3814,136.1,68.59
Movie_3815,181.83,70.46
Movie_3816,155.91,72.96
Movie_3817,138.36,65.18
Movie_3818,234.09,67.28
Movie_3819,130.71,48.27
Movie_3820,207.16,88.45
Movie_3821,144.44,46.34
Movie_3822,135.09,51.75
Movie_3823,155.85,71.09
Movie_3824,204.8,91.25
Movie_3825,125.14,58.21
Movie_3826,191.5,90.48
Movie_3827,141.57,51.8
Movie_3828,148.77,57.39
Movie_3829,196.03,95.68
Movie_3830,266.94,140.47
Movie_3831,143.56,57.66
Movie_3832,208.8,96.66
Movie_3833,167.49,82.13
Movie_3834,161.01,74.37
Movie_3835,222.86,97.51
Movie_3836,146.26,61.13
Movie_3837,133.84,73.51
Movie_3838,198.41,90.24
Movie_3839,243.79,114.45
Movie_3840,210,97.91
Movie_3841,123.72,50.65
Movie_3842,155.39,70.32
Movie_3843,219.18,95.1
Movie_3844,243.24,105.32
Movie_3845,189.15,88.12
Movie_3846,156.83,63.39
Movie_3847,245.84,95.82
Movie_3848,177.02,84.11
Movie_3849,155.77,65.96
Movie_3850,149,64.48
Movie_3851,132.2,46.74
Movie_3852,293.34,146.13
Movie_3853,236.84,112.78
Movie_3854,153.75,74.63
Movie_3855,249.27,117
Movie_3856,201.33,75.34
Movie_3857,198.96,91.81
Movie_3858,151.28,63.47
Movie_3859,159.43,64.07
Movie_3860,178.3,84.69
Movie_3861,101.38,54.03
Movie_3862,160.53,84.22
Movie_3863,180.18,86.69
Movie_3864,232.38,104.22
Movie_3865,155.34,68.23
Movie_3866,212.49,86.01
Movie_3867,97.58,42.59
Movie_3868,226.68,112.3
Movie_3869,143.99,77.92
Movie_3870,185.21,75.78
Movie_3871,196.25,68.74
Movie_3872,188.41,79.78
Movie_3873,175.73,87.02
Movie_3874,130.34,72.16
Movie_3875,144.42,74.45
Movie_3876,219.86,113.07
Movie_3877,156.1,63.61
Movie_3878,175.87,71.92
Movie_3879,120.32,46.18
Movie_3880,214.34,89.32
Movie_3881,127.22,63.06
Movie_3882,216.64,115.08
Movie_3883,137.49,64.25
Movie_3884,220.58,96.45
Movie_3885,180.41,71.56
Movie_3886,157.65,70.06
Movie_3887,244.02,112.29
Movie_3888,177.25,66.8
Movie_3889,165.53,82.12
Movie_3890,216.36,92.78
Movie_3891,120.78,59.55
Movie_3892,78.91,35.47
Movie_3893,226.32,105.21
Movie_3894,146.55,60.8
Movie_3895,214.58,92.86
Movie_3896,181.85,87.67
Movie_3897,133.44,59.17
Movie_3898,204.29,80.64
Movie_3899,163.59,74.53
Movie_3900,136.91,64.25
Movie_3901,137.95,71.55
Movie_3902,110.69,56.19
Movie_3903,196.12,87.62
Movie_3904,142.58,60.26
Movie_3905,178.61,78.34
Movie_3906,172.73,73.21
Movie_3907,142.34,67.66
Movie_3908,119.08,59.79
Movie_3909,281.35,144.05
Movie_3910,178.06,76.46
Movie_3911,252.94,107.35
Movie_3912,226.6,97.21
Movie_3913,167.15,59.07
Movie_3914,187.24,73
Movie_3915,186.08,83.41
Movie_3916,253.77,119.01
Movie_3917,213.19,101.17
Movie_3918,147.71,60.71
Movie_3919,194.06,82.56
Movie_3920,212.17,92.62
Movie_3921,132.99,57.31
Movie_3922,199.77,96.77
Movie_3923,233.82,89.93
Movie_3924,145.7,57.19
Movie_3925,151.23,65.8
Movie_3926,226.42,86.43
Movie_3927,165.83,58.87
Movie_3928,140.72,52.82
Movie_3929,215.29,94.27
Movie_3930,203.07,97.78
Movie_3931,183.78,88.69
Movie_3932,224.98,119.1
Movie_3933,227.83,103.68
Movie_3934,176.69,81.6
Movie_3935,258.97,113.29
Movie_3936,243.34,107.05
Movie_3937,100.63,55.75
Movie_3938,138.8,64.27
Movie_3939,89.79,41.97
Movie_3940,167.01,65.59
Movie_3941,131.55,61.9
Movie_3942,147.43,71.2
Movie_3943,223.62,113.04
Movie_3944,109.81,52.87
Movie_3945,185.19,82.16
Movie_3946,184.95,81.66
Movie_3947,176.7,78.88
Movie_3948,185.23,84.35
Movie_3949,90.71,46.57
Movie_3950,147.62,74.35
Movie_3951,241.72,117.87
Movie_3952,132.13,72.86
Movie_3953,246.66,78.24
Movie_3954,123.73,52.83
Movie_3955,118.92,53.45
Movie_3956,141.93,59.1
Movie_3957,225.16,90.85
Movie_3958,158.16,57.59
Movie_3959,193.82,84.2
Movie_3960,182.95,90.51
Movie_3961,177.82,86.9
Movie_3962,230.96,95.25
Movie_3963,210.86,97.21
Movie_3964,134.28,69.54
Movie_3965,168.98,63.2
Movie_3966,249.74,110.4
Movie_3967,192.78,89.51
Movie_3968,119.69,53.92
Movie_3969,122.52,60.34
Movie_3970,215.61,80.88
Movie_3971,208.1,83.18
Movie_3972,143.15,69.3
Movie_3973,209.91,76.59
Movie_3974,243.98,119.69
Movie_3975,238.31,112.6
Movie_3976,244.17,118.93
Movie_3977,202.22,86.25
Movie_3978,172.89,82.21
Movie_3979,163.9,64.15
Movie_3980,179.3,76.97
Movie_3981,144.96,65.5
Movie_3982,165.63,67.09
Movie_3983,231,106.47
Movie_3984,115.64,45.42
Movie_3985,118.37,54.86
Movie_3986,213.22,114.52
Movie_3987,165.99,64.27
Movie_3988,102.97,46.22
Movie_3989,177.55,65.53
Movie_3990,171.84,70.17
Movie_3991,162.76,78.95
Movie_3992,207.43,88.88
Movie_3993,126.67,61.7
Movie_3994,180.52,84.45
Movie_3995,171.56,76.65
Movie_3996,181.51,72.34
Movie_3997,110.71,53.61
Movie_3998,159.09,74.01
Movie_3999,180.79,67.54
Movie_4000,201.65,81.02
