Zone,Sales (â‚¹ '000),Customer Footfall,Returns
North-West,1024.4,3914,27
West,1034.62,4319,33
Central,1154.7,3968,32
North-West,1273.47,3275,26
East,1382.72,4038,22
South-East,1039.36,4524,35
Central,1498.54,3985,22
Central,1145.78,4388,33
North-West,1195.73,3477,30
South,1050.56,3987,13
East,715.15,3688,23
North-West,1376.81,4373,29
East,1347.37,4016,23
East,1143.73,4345,31
South-East,1213.4,4544,28
Central,1303.19,4346,28
West,887.49,4137,31
South-East,1094.19,3501,27
South-East,1358.85,3999,37
East,949.14,3733,31
North-East,1258.71,3828,28
Central,928.68,3813,33
South,1293.29,3510,30
South-East,1192.87,3021,26
West,876.97,3666,31
North-East,1432.95,4097,20
North-East,1053.08,3326,33
South,1037.95,4008,30
South-East,1240.11,4950,31
West,1429.73,4512,41
Central,996.84,4822,27
North,1212.34,4196,35
West,1285.76,4584,26
South,1338.62,3638,27
North-East,1235.29,3678,23
Central,1126.59,2630,20
West,1034.48,4593,38
North,1217.23,4770,27
North,985.57,3723,32
East,615.73,3873,32
East,1287.31,3623,30
North-West,1380.79,4191,22
South,727.41,4562,20
South-East,998.05,3129,24
West,1323.83,4205,35
West,1611.5,3862,27
South-East,1204.16,4057,31
North-West,1054.4,4229,22
North-East,1163.42,3906,22
North-East,1474.98,3948,21
North-West,1070.81,3893,14
North-East,1040.16,4485,33
East,1103.45,4209,35
West,1009.33,4110,35
North-West,1224.53,3365,27
West,1524.94,3811,30
South-East,1264.62,4449,35
North,1149.53,4019,35
East,1141.64,4330,32
Central,887.36,4883,40
East,1376.62,4519,40
North-West,1184.43,4047,27
Central,1163.9,3745,34
North,1838.62,2723,33
North-West,1259.75,3916,25
South,1049.64,3837,26
West,1114.73,4195,35
North,1429.69,3923,21
West,1222.65,3840,29
North-East,912.34,3110,26
South,1383.85,3530,30
South,1066.37,4238,21
North,1574.66,4858,41
South,1416.01,3951,27
Central,1110.54,4164,39
South,1456.2,4476,24
West,1213.57,3595,32
West,1370.55,4183,27
North-West,1296.95,3630,33
West,1030.73,4432,29
North-West,1071.29,4076,29
West,1405.99,4149,23
Central,1133.04,3609,25
South-East,1119.27,4354,35
North-West,1008.98,5042,39
East,1284.72,3496,27
North-East,1612.5,3830,24
North,986.49,4116,35
West,1204.84,4393,33
South,1482.44,3720,27
South-East,1184.07,2583,29
West,1290.47,4680,19
South,987.52,4380,26
North-East,1285.66,3129,31
North-East,1162.57,3696,23
North-East,1397.15,4784,35
South,1437.48,4724,32
West,1717.91,4469,32
North-East,1315.93,3912,36
Central,1265.16,4041,26
North-West,1238.88,3935,18
South,1129.37,4564,28
South,1267.7,3562,39
West,1140.92,3597,30
South,1233.69,4505,27
South,1463.52,3978,30
North-East,998.69,4689,29
West,1427.98,3664,34
North-East,1463.42,3973,44
North-West,1176.39,3539,36
South-East,775.63,4004,32
North-West,1078.44,3261,31
South-East,1459.4,3756,34
North-East,1195.43,3282,28
North-West,1000.14,4347,17
West,1099.05,4358,32
North,1368.12,3135,23
North-East,1309.35,4667,22
South-East,1152.21,5249,35
Central,1126.64,4023,23
South-East,1121.65,3679,33
Central,1015.52,5412,29
South,1523.08,3341,26
North-West,1135.54,4010,38
Central,1443.43,4090,30
South-East,1504.26,4673,24
South,1399.66,4180,36
North,1113.68,3751,39
West,1280.75,3524,22
West,1195.16,3829,33
West,1019.26,3497,37
Central,1264.87,4024,27
North,964.19,3718,25
Central,1437.54,3253,29
North-West,1107.08,4628,24
Central,1240.23,3751,26
North,1256.66,3366,25
North,1148.22,3916,31
North-West,1317.34,4034,33
North,1105.02,3127,26
South-East,1374.26,4166,33
North,930.8,3476,25
West,1225.28,4856,26
South-East,1587.79,4262,25
South-East,999.93,3800,34
North-West,1064.45,3627,28
East,1302.78,3948,25
East,1235.92,4306,35
North,1270.13,3987,27
South-East,1297.84,3891,33
East,1326.94,4029,35
East,1421.94,3698,24
North,1281.96,3828,25
East,1151.75,2957,24
Central,1334.51,4487,35
South,1579.98,4149,29
North-West,1173.47,3613,32
South,1005.09,4949,32
North,1421.42,4044,24
West,1175.92,3482,18
North-West,765.47,4428,23
North,1369.48,4199,33
South-East,1092.93,4197,26
West,1181.89,3787,20
South,1266.4,4225,42
North,1238.1,3869,26
South-East,1341.89,4278,32
North-West,1112.9,3048,32
North-West,1302.62,3783,30
North-East,1148.09,4861,26
South-East,1347.76,3616,32
Central,1323.07,3698,33
East,1012.91,3776,38
West,1417.2,3393,35
South-East,1092.81,2896,28
North-East,1361.61,3885,34
East,1273.46,4068,31
East,1567.64,3974,22
North,1155.31,3928,31
East,1130.14,4022,28
Central,1196.12,4511,34
North-West,1139.36,3905,25
North-East,1359.99,3713,25
East,876.74,3859,42
North,989.26,4290,38
Central,986.44,4706,28
South,1390.06,3686,20
North-West,1542.12,4049,33
North-West,1179.11,4169,31
North-East,1166.24,3504,26
North-West,1214.01,4010,29
East,1432.38,3267,36
North,1014.53,3115,32
North-West,1247.67,4183,26
North-West,1395.04,3808,26
South,1300.22,4101,39
South,1237.92,3991,21
West,1400.21,3512,23
Central,659.35,3977,41
East,1335.58,3383,27
North-West,1069.18,4695,28
South-East,833.87,3322,31
North-West,1302.24,3902,30
North,1474.73,3479,19
West,1172.51,4285,34
Central,1390.57,3834,34
South-East,1522.46,3741,28
West,1462.98,4427,28
North-East,1527.99,4015,27
Central,1348.43,4258,24
North-West,1215.09,3509,28
North-West,879.61,3298,26
Central,1150.79,4054,26
North-West,1031.35,3841,34
East,1634.19,4313,31
Central,1164.82,3960,26
West,1224.64,4103,33
Central,1310.3,3188,29
South-East,1208.72,4944,36
North-West,1539.01,3918,27
East,1075.47,4349,20
East,1238.92,3582,31
North-East,1051.51,4154,27
West,936,3349,26
South,1077.65,4226,34
South,1192.59,3822,34
Central,1114.14,4015,28
North-East,1061.52,4349,30
North,918.74,3384,32
Central,1183.38,3658,33
North-East,899.06,4229,31
West,1352.01,5049,30
West,1216.49,3931,34
West,908.49,4296,41
West,1138.16,3947,30
West,1049.57,4971,34
North-East,1263.83,3126,24
North-East,1468.09,4047,29
East,824.97,3187,24
South-East,1223.01,2747,33
South,1167.97,4149,22
North-West,1334.27,4070,20
West,1242.64,3858,34
North,1049.61,3947,31
North-West,1136.19,5549,38
North-East,1040.79,3871,31
North,1415.2,4255,25
North,1204.26,3675,32
North,1580.24,4148,26
East,1187.87,3881,25
North-East,1058.32,3795,40
North,897.26,4909,33
West,839.37,4589,30
Central,883.17,4068,38
North,1253.43,2848,21
East,1301.75,3819,24
North-West,883.76,5352,24
North-East,1379.01,3885,33
South-East,1103.39,4552,28
East,1229.36,4721,25
North,1522.44,4109,23
North-East,1379.37,3579,29
Central,1146.29,2782,34
North,1021.76,4342,27
East,769.64,3593,34
South,1056.17,4088,24
West,1157.77,3375,29
South-East,1002.56,3867,34
North-West,1173.75,4017,23
East,1215.37,4134,31
North-East,1155.03,3443,29
South-East,1070,4598,26
South-East,1233.73,3702,29
South-East,1288.39,3163,36
North,981.92,3945,33
West,1482.19,4017,31
North,1180.28,4080,33
North-East,1203.77,4681,25
North,1341.64,3882,30
South,1246.64,3940,26
West,1390.63,3448,27
West,1257.42,4410,29
North-East,1077.51,4092,23
North-West,1272.3,3790,23
South,971.25,3048,40
East,1221.71,4722,35
North,1193.35,3386,28
Central,1158.38,3704,27
North,1174.29,4179,28
South-East,823.63,3402,27
North,1090.26,3253,39
East,1218.57,2938,24
North,1231.97,4360,37
South,994.46,3727,29
South,1453.14,5464,29
West,1026.77,3503,41
North-East,1393.89,3539,21
North-West,1285.44,3717,25
Central,1070.75,4122,37
South-East,1555.06,3765,27
North,961.27,4306,35
North,1383.83,3511,29
East,1400.12,3309,30
North-East,1065.88,3101,30
South,1478.49,2888,27
Central,1149.99,3741,31
West,1257.74,3850,28
South,1252.06,3684,43
South-East,1173.14,4622,32
North-East,1362.16,4614,31
South-East,1358.7,3833,34
North-West,850.29,3103,31
West,1460.87,3717,22
North-West,867.5,3700,27
East,1406.51,3671,33
South-East,1425.34,3651,28
East,981.81,3673,30
North,1117.84,3807,38
North-West,978.86,3682,38
North-East,1157.02,4104,37
South-East,1138.39,4180,31
Central,1355.93,3545,37
West,1462.06,4636,28
South,1479.14,3510,18
North-East,1087.57,3191,37
North-East,1158.16,4190,29
East,863.31,3591,29
North-West,1038.83,4161,29
South-East,1392.97,2798,32
South-East,1523.12,4696,29
North,953.13,4336,30
North,1081.51,3250,33
West,1194.72,3261,31
East,1256.03,4836,24
North-East,1038.08,3631,26
South-East,1284.81,3583,26
Central,1105.23,2867,30
East,1197.11,3825,38
West,1309.26,3886,29
West,1201.28,4358,32
East,1112.72,3300,29
West,1178.08,3240,36
East,1182.33,4225,19
South,1126,4503,29
East,1148.24,3214,32
North-West,1519.73,4541,30
East,1312.18,4019,36
West,1140.9,4546,19
South-East,1339.39,3965,24
North-West,1133.24,2739,24
West,1434.62,3924,27
North,1273.93,4530,41
North,1178.54,3553,29
South-East,1289.54,3806,39
South-East,885.82,3912,20
North-West,974.65,2550,28
South,961.21,4836,33
South-East,1228.59,3549,28
North,1546.5,4253,48
East,1646.26,3957,42
West,1327.61,4629,24
North,1300.17,4203,31
North,839.79,3883,34
South,1091.47,3553,36
North-West,1042.44,4399,29
North-West,1075.83,3063,31
North-East,1166.37,4323,31
South,1105.58,3450,16
East,804.14,4626,24
North-West,1349.58,4081,27
West,985.45,4322,29
South-East,1247.85,4041,31
South,1614.82,3124,32
South-East,1016.12,3570,29
North,693.94,4336,29
West,1142.8,4083,24
West,1420.19,4590,40
North,1591.67,4202,26
South,954.09,3517,36
North,1299.34,3602,35
South-East,1106.94,4051,28
North-East,1178.81,2843,32
West,1728.87,4837,39
Central,899.41,4221,28
Central,1250.75,4614,24
South-East,1293.54,3210,42
East,1417.16,4622,36
North-West,1219.6,5116,26
North,1261.61,3340,30
North,1121.67,4386,25
East,1253.83,4001,33
East,1131.36,3228,24
South-East,1324.31,4246,24
South-East,1126.08,4417,24
East,1275.42,3699,27
West,1194.15,4583,25
South-East,1425.21,3167,25
North-East,1189.72,3253,34
South-East,845.39,4068,28
North,1452.38,4013,46
South-East,1018.85,3642,25
West,1069.25,4405,21
East,1080.87,4265,31
North,1474.89,4429,27
South-East,772.87,3938,44
West,1827.55,4301,32
North-East,1411.21,3777,19
South-East,1244.65,5027,22
West,1189.02,3594,24
North-East,1257.11,5053,33
East,1304.22,4017,33
South-East,1329.04,3312,32
North-East,1311.12,4684,41
North,1217.92,4063,38
East,1160.53,4426,43
North,1169.75,4612,28
Central,1161.02,4169,22
South,1426.75,3704,41
South-East,1318.71,4488,34
North-East,611.92,4000,26
South,1331.18,4343,25
South,1238.95,2923,24
North-East,1196.26,4223,39
East,1122.3,3681,31
South-East,1424.82,4827,31
Central,1389.51,4312,27
North,1045.42,4120,28
West,1281.41,4243,31
North,1005.67,3501,30
West,924.08,4812,28
North,1074.66,4996,25
North-East,1372.48,4196,34
Central,1390.63,4795,27
South-East,1302.62,3715,21
West,1345.02,3601,22
South-East,1303.24,4020,30
South-East,1071.7,4217,36
South-East,1286.38,3803,20
North-West,1360.08,4269,31
East,1350.86,4153,27
North,1437.78,3501,31
South-East,1341.66,4259,30
North,1270.29,4432,32
South-East,1414.03,4086,33
West,1194.7,4576,27
East,1023.63,3391,36
East,1167.39,4234,29
North-East,1051.02,3415,28
North-West,1064.96,3443,22
North-East,1171.1,3685,17
North-East,1041.52,3529,36
North-East,1138.41,3726,25
North-East,821.28,3893,25
North-East,1242.66,4419,23
Central,1200.24,3839,34
East,1036.58,3207,27
North-East,1331.85,4570,31
South-East,1387.51,3581,34
East,878.49,3971,27
East,1047.46,4223,25
South,1046.17,4100,21
Central,1012.02,4547,15
North-East,1365.89,4240,34
North,1161.23,3569,33
West,1147.1,5089,24
North-West,799.23,4097,24
South-East,1327.08,3926,34
North,952.15,4482,31
Central,1211.99,4125,29
West,1255.48,4200,35
Central,1472.13,5246,32
South-East,938.24,3862,37
East,596.1,3841,26
West,1236.77,4058,30
East,1560.1,4536,31
South-East,1447.79,3247,27
North,1241.93,3017,27
South-East,1101.67,3706,30
North,1361.42,3183,31
West,1005.29,3788,32
West,1295.27,4251,31
North-East,1301.09,3555,40
Central,1412.04,3287,27
North-East,1751.93,4035,24
Central,1278.48,4431,30
North-East,1098.21,3153,25
East,1194.89,4410,38
West,846.18,4409,33
North,1061.06,4477,31
Central,1118.14,4609,33
South-East,1095.18,5101,30
Central,1230.47,3822,24
North,1035.52,4055,30
North-East,1424.21,3792,29
Central,1200.04,4001,37
North-West,1198.14,4766,28
East,1134.42,3327,36
West,1231.04,3569,27
North,1365.02,4689,31
West,1026.57,4510,31
North-West,1068.38,3818,29
Central,1139.25,4427,38
Central,930.83,4171,37
South-East,1036.15,4750,37
North-West,1104.76,4037,26
North,1374.88,4513,28
South-East,1252.51,5321,27
East,1238.72,4299,24
South-East,1370.18,4025,36
South,1172.53,4361,37
North,1278.09,3817,29
South,1179.36,5194,32
North-West,1253.07,4090,21
North-East,1083.45,3864,34
South,712.24,3582,29
East,1173.14,4549,32
South-East,1484.55,4434,32
North-East,1385.24,3751,19
South-East,1393.08,4288,18
South,1447.23,3246,31
South-East,1217.73,4092,17
North-West,1239.46,4226,28
North-East,1076.47,4854,26
North-West,1136.79,3615,32
South,1323.15,3361,22
North-West,1440.78,3552,15
East,1172.11,3332,39
South,1109.96,4668,37
South,1200.11,4774,40
South,1320.24,4160,36
North,911.23,4611,37
South-East,740.76,4067,27
North,1089.89,3952,26
North,955.86,3833,26
East,1098.37,3845,28
North-East,1170.44,3226,27
South-East,1109.35,4132,37
North-West,1490.49,3980,28
Central,1265.35,4373,39
South,1260.09,4047,28
North-West,1324.44,3919,36
South,972.23,3564,35
East,1407.82,4036,38
South,1184.85,4369,29
North,1334.1,3428,28
South-East,985.63,4044,33
Central,889.25,4117,30
West,1363.58,3641,25
South,1275.28,3706,23
North-West,1019.59,4115,26
North,1026.07,3433,29
West,1425.09,4175,21
Central,962.12,3552,29
West,1528.53,4531,33
North,1019.88,5169,32
South-East,1327.68,3570,30
South-East,1134.28,4267,25
North-East,1320.64,3637,37
South-East,1091.18,4520,26
North-East,1167.44,3367,34
West,1208.18,4240,40
East,999.56,3564,28
North-West,1348.16,3897,25
North-West,1097.36,3484,24
West,1154.28,4411,31
South,1001.13,3582,27
South,687.53,4276,30
South-East,1161.79,3828,34
North-West,1682.52,3943,29
North-West,1356.92,4074,26
North-East,1196.15,3619,28
East,1147.42,4105,23
North,1204.49,4765,31
South,1309.42,3611,36
North-West,963.84,4586,31
North-East,1422.86,4749,39
Central,1343.08,3592,28
North-East,1343.64,3272,29
South,1287.7,4151,28
South,1203.92,3726,36
North-East,1334.57,4934,29
North,1318.36,4017,25
West,1129.19,3599,31
South,1085.28,3426,37
North-East,1220.37,4545,27
North-West,1509.8,3714,36
North-East,952.18,4022,35
East,906.49,4478,24
West,1232.95,3758,21
Central,1210.18,3977,19
North,1234.67,3992,32
South-East,1248.79,4342,28
Central,1155.36,4295,25
West,1497.97,3890,23
West,879.82,4032,40
West,1034.3,3814,31
Central,1179.35,3261,27
North-West,871.36,4129,23
West,1164.83,4946,25
North-East,1532.29,3558,26
Central,1204.18,3613,41
South-East,1246.14,3565,25
West,947.97,4362,39
North-East,1076.73,4224,29
North-West,1124.96,3921,31
East,1136.46,3541,24
North-West,1456.33,4046,29
South-East,1311.54,3218,28
West,977.71,4072,25
South-East,1249.3,4436,31
Central,1299.64,3374,27
South,1428.03,3234,30
West,1516.11,4790,22
South,996.98,3694,30
North-East,1037.83,4568,36
East,948.48,3923,29
North,1153.2,3919,30
South-East,1293.27,4219,24
North-West,1397.47,3558,23
East,1184.81,4066,33
West,1136.03,3809,34
South,1230.35,3340,32
North-West,1032.97,4169,30
South,1617.91,3868,32
Central,878.47,3921,32
South,1236.95,3395,34
Central,1604.72,4796,30
North-East,1201.36,4438,29
North-West,1161.99,4482,28
North-West,1128.51,3847,25
North,1163.92,3135,35
West,1474.57,4976,32
Central,757.63,3969,29
North,1506.69,3626,29
South,915.21,4208,24
South,1146.67,4584,21
North,1114.15,3988,28
North-West,1317.71,4639,29
South,880.38,4541,41
South-East,1292.43,3462,36
North-East,1604.86,3663,35
North-East,927.37,4479,26
South-East,1237.94,2644,30
North,1067.6,3925,35
South-East,1285.18,3285,32
Central,1203.83,3762,42
Central,1071.7,3851,25
North,1297.57,3821,42
South-East,1560.87,3724,34
Central,1161.82,3451,30
North-West,1343.95,5146,31
South-East,941.35,4934,29
North-West,1008.71,3419,35
Central,1294.48,4791,24
North-East,1496.82,3800,31
Central,1271.12,4065,27
North-West,1137.39,3968,29
East,1199.86,3670,25
West,949.92,4492,24
South,1320.9,4063,27
South-East,1376.47,3762,34
East,1109.58,3348,24
Central,1105.99,3553,26
North-East,1253.18,3179,33
North,1112.66,4006,21
Central,1186.77,3402,34
North-East,1619.94,3867,20
West,1150.59,4685,26
Central,1128.33,4600,24
North-West,1070.49,3984,27
North,1348.84,3956,24
North-East,1163.76,4940,35
North-East,1070.13,4260,21
North-East,1464.26,3836,34
West,1483.92,3287,31
Central,1079.92,4197,28
West,826.69,4415,35
South-East,1401.5,3684,28
South,1063.07,4146,26
South,1358.13,3818,33
South-East,805.98,3908,34
Central,1378.52,2756,26
North-West,957.77,3889,32
West,1346.15,4485,37
North,1202.85,3684,38
North-East,1009.21,4026,45
North-East,1118.59,3622,35
Central,1337.26,4180,28
North-West,1221.18,3892,26
South,1316.88,3530,35
South,1595.29,4666,27
North-East,887.15,4464,31
Central,1523.44,3698,26
West,1220.87,4249,32
South,1020.24,4269,24
West,933.94,4321,32
North-West,1162.18,3153,30
South,1384.33,4503,28
South,1174.49,3715,28
East,1502.23,3821,29
South,909.76,5319,23
South-East,1197.58,4151,26
North,949.52,3807,29
South-East,1272.73,2897,33
Central,1377.38,4695,30
Central,1115.85,3327,23
West,679.16,3498,26
South-East,1239.79,3834,30
South-East,1287.35,4708,27
South-East,1280.86,4387,27
North-West,1447.16,3921,34
South,985.79,4154,35
North,1336.04,3700,32
West,1438.5,4070,35
South-East,844.28,4037,32
South-East,1263.93,4484,28
East,1099.16,4484,30
West,1183.7,4247,30
South-East,1269.54,3819,32
West,1102.55,4371,26
South,1064.86,3954,33
East,1206.83,3459,25
West,982.55,3798,31
North,982.83,4042,32
North,1335.87,4455,45
Central,970.24,3908,26
East,1333.26,3395,32
East,1292.52,4028,30
Central,854.84,4057,39
West,1064.49,4093,37
East,1438.82,4460,37
North,1003.77,4509,31
North,1107.12,3703,30
South-East,1292.41,3692,35
South,1356.68,3480,40
East,1149.69,4349,24
West,1080.5,4724,26
Central,1484.47,3842,31
Central,1547.78,3879,16
West,1395.77,4733,36
North-West,1217.06,4253,28
North-East,1038.35,4218,32
South,1033.91,3405,33
Central,1304.5,4339,29
East,1283.68,3535,23
South,1480.32,3433,21
East,1330.09,3827,20
North-West,899.38,3707,30
North,1410.39,3889,20
South,1000.39,3280,32
South-East,1123.21,4479,26
Central,1250.04,4564,40
South,1599.13,3026,35
South,1821.98,4489,34
South,1321.34,3595,25
North-East,1163.36,4428,35
South,1306.9,3966,32
East,1377.53,4014,26
North,1135.87,3907,44
North-West,1559.04,4606,22
West,1246.01,3380,20
South,1299.55,4304,24
Central,1333.18,4551,37
South,1284.32,4358,39
Central,1367.79,5162,28
East,1076.55,3736,20
Central,1088.34,4479,32
South-East,979.97,3947,28
West,1287.9,4617,26
North,1355.79,3996,26
Central,1291.55,3806,41
Central,1534.9,4653,45
North,1198.88,3754,36
West,1333.75,3294,27
South,981.66,3742,31
Central,1122.58,4310,33
North,1339.11,4696,19
South-East,1369.82,4056,29
South-East,1141.21,4659,38
East,1185.68,3321,31
North,896.43,3778,26
East,1128.59,3856,30
South-East,1378.08,3943,32
West,1315.04,4042,24
South,1300.13,4345,20
North,1209.95,3778,39
North-West,1201.41,4070,32
South-East,1067.94,3977,33
South-East,1339.77,3537,25
North-West,1284.19,3943,30
North-East,1298.4,3928,30
South-East,1094.79,3917,45
Central,769.33,4016,35
West,1419.43,4038,31
North,1104.23,3784,23
North-West,1027.44,4636,31
Central,1338.7,3415,27
North-West,1121.6,3640,24
North,1411.99,5390,47
East,1323.4,3481,24
North,1336.71,3323,34
North-East,926.81,4367,43
North,1442.39,2961,29
North,1252.25,3882,33
North-East,1126.14,5073,33
West,1228.68,3228,26
South-East,844.75,3009,35
North,1281.73,3250,31
North-East,994.13,4449,36
Central,929.47,4562,36
East,895.53,3744,24
East,1422.54,4342,26
North,1074.15,4695,27
West,1506.75,4894,33
West,1092.84,3877,32
Central,858.53,2849,33
North,976.7,3590,33
East,1447.16,3787,33
West,1168.82,3871,29
North,1090.34,3906,33
North-West,1232,4559,27
West,1300.36,4637,33
North-East,1423.48,3914,27
North-West,1489.7,4549,31
South-East,1128.05,4179,30
West,934.79,4032,33
East,1117.31,4453,23
South,1252.06,4036,32
North-West,1007.25,5029,28
South-East,1008.57,3281,34
Central,1268.76,3742,38
Central,1190.27,3937,37
East,1206.56,4220,22
West,1048.3,4634,34
North,1153.92,3988,30
West,1015.15,3289,27
East,1378.04,4421,24
Central,1407.05,4377,35
West,830.76,3029,33
Central,1014.1,3998,40
North-West,900.69,3205,27
South-East,1070,3668,20
North,1183.31,3549,21
North-West,910.07,4405,37
Central,1015.63,4058,31
Central,999.21,3357,26
South,1241.45,4440,29
South,1213.87,3283,30
North-West,1055.65,4165,21
North-East,1235.36,3593,23
North-West,1090.66,3817,34
South,1145.67,4252,29
Central,1534.69,4261,36
East,1468.09,4668,29
North-West,940.08,3959,40
Central,1365.95,4153,26
East,1362.28,3781,28
East,970.35,4091,21
South,1363.76,4220,26
North-West,1507.59,3951,29
West,975.49,3098,30
North,1016.5,4166,30
South,1403.53,4182,22
South,1254.3,3660,25
West,1310.3,3358,41
North,1268.12,4738,30
Central,1278.14,4246,37
North-East,934.71,3885,34
North-West,1409.46,3431,30
North-East,1433.92,3589,27
Central,1154.12,4651,23
South-East,1191.3,4069,29
South,893.78,3725,30
North,1302.85,4255,34
South,1314.41,3593,42
East,1187.56,4750,38
South,1424.87,4676,30
South,1133.18,3767,24
Central,1312.92,3686,24
Central,996.07,2691,24
Central,1195.29,3259,35
North-East,1165.13,3330,38
East,1245.06,4068,33
South-East,1126.09,3837,29
South-East,1173.71,3327,35
Central,1365.21,3859,35
North,1112.65,4253,25
North-East,878.68,4264,35
West,1549.92,3050,36
North,1476.29,3936,30
North-West,941.55,3308,23
North-West,1337.94,4451,21
North,1099.41,4392,30
Central,1252.7,3551,23
West,1258.84,3617,25
West,1153.12,3769,25
North-East,1043.25,2874,32
West,1061.89,4168,35
North-West,1016.76,3864,23
East,1033.64,4485,37
Central,1186.56,3451,23
West,1056.85,3690,32
North-East,1336.41,3247,28
North-West,1497.45,3498,27
East,1083.99,3409,23
South,1247.88,4498,22
South,1299.94,3651,27
East,1294.4,4062,28
North-West,1215.19,3810,27
North-East,1348.54,3365,23
East,1296.45,3916,24
Central,952.47,4300,23
Central,1373.83,3396,26
South,1377.46,4405,21
West,1047.34,3575,37
North-East,1207.59,3759,42
South,1336.67,4265,20
West,1158.14,3668,37
West,1414.6,4019,34
South-East,1672.77,3843,36
Central,1042.8,4065,27
North-West,923.79,2810,41
North,1260.76,3085,27
North-West,1344.31,4308,36
North,1153.83,4519,28
East,1490.65,3545,21
Central,932.28,3878,30
West,1338.58,4147,40
North-East,1078.83,4347,35
North,1543.88,2986,30
North-West,1598.5,3557,35
West,1046.67,3834,31
North,1090.09,4352,32
North,1371.92,5249,32
South-East,1122.57,3886,34
North,1190.92,3297,46
North-East,1205.08,4201,42
Central,816.07,4660,33
North-East,1197.23,4054,28
South,1062.05,3547,33
West,1101.38,4479,31
Central,1488.73,4332,39
South-East,948.7,3487,34
Central,1362.64,4191,33
Central,1144.21,4499,27
North-West,1144.05,4591,27
Central,1358.07,3967,38
South-East,1268.01,3821,38
North-East,1314.12,4614,28
Central,1393.64,3395,24
East,1133.74,4219,34
West,1077.55,3315,25
Central,982.97,4533,27
West,1034.92,3871,31
East,1789.82,4634,21
East,1448.94,4246,28
West,929.79,3388,26
North,935.51,4712,21
South,1296.37,4776,20
North-West,1309.45,4441,25
North,1309.78,3619,37
North,1149.01,3847,25
North-East,1174.91,4073,34
North-West,1265.58,3648,35
North-West,1217.18,4846,27
North,756.14,4072,18
Central,1154.04,2648,38
North-East,1029.72,4170,40
North-East,1235.04,3826,40
East,1797.05,3963,22
South-East,1273.5,3816,28
North-West,1137.29,4404,30
North,1384.36,4560,43
East,1296.54,4142,37
West,1284.02,3830,30
South,1321.37,3979,28
South-East,1611.31,4010,36
South-East,973.82,3599,19
South-East,1294.73,4289,35
North-East,1014.72,4230,32
West,1311.1,4770,37
South-East,1016.26,4628,27
West,1116.53,3657,24
Central,1140.98,4410,29
South-East,1395.16,3525,30
South,1383.69,4348,31
West,950.86,3742,27
West,1210.99,3488,34
South,1058.08,4140,26
South-East,948.3,2663,30
South,1156.6,3125,33
West,1138.3,3911,34
South,1685.34,4041,29
West,1286.59,3815,29
West,924.48,3210,35
Central,1087.05,3591,30
North,1404.28,4196,27
West,1617.69,4291,23
South-East,882.8,3992,30
East,824.02,4578,29
North-East,1574.19,4199,35
North-West,1277.92,3626,31
North,1026.34,3860,36
North,1306.93,3299,30
North,672.85,3946,23
Central,1200.68,4556,21
West,1265.56,4343,35
Central,1384.85,4701,30
West,997.22,3849,28
South-East,1217.14,4673,33
Central,1014.92,3903,31
Central,1251.08,4736,26
North-East,1020.93,3989,35
East,1118.38,4354,38
Central,1000.84,4738,28
North-East,1330.23,3903,29
South,1371.69,4109,27
East,1153.08,4644,33
South-East,1207.65,3933,37
Central,910.28,3340,24
North-West,1140.06,5072,32
North,1189.96,3765,26
South,1724.16,4079,33
South,977.61,4578,30
South-East,1492.84,3696,34
North-East,1399.37,3496,35
South,1256.13,4127,38
East,1551.72,3103,36
Central,1274.42,3856,25
Central,1277.83,4123,28
North-West,1189.38,3865,30
South-East,1444.71,3228,33
North,1419.29,4797,36
North-East,1074.86,4052,27
North,936.15,4716,23
South,1159.4,3870,23
South-East,1039.99,3560,32
North-West,1187.3,4135,30
North,1447.49,3892,22
East,1108.54,3411,24
Central,1191.44,4735,24
South,1211.6,3689,28
North-West,1369.69,3080,30
North,750.62,4664,34
North-East,1078.66,3748,35
East,1242.26,3696,27
East,1440.02,3117,43
North,1101.62,4870,36
Central,824.69,3355,35
North,1323.94,4029,24
South,1072.93,4456,23
North,962.07,4211,25
East,1075.13,3970,31
North-West,1163.09,3149,39
North,1079.05,3595,31
Central,758.89,4094,26
South-East,1379.41,3606,28
North-West,1454.98,4102,31
North-East,1330.3,4341,30
West,972.46,4481,40
North,1159.7,3387,24
Central,1198.7,5098,32
North-West,1319.76,4384,28
Central,1333.67,3999,39
North-East,1053.17,4545,31
East,1216.4,5183,46
Central,1291.46,3281,24
North-West,1491.16,3887,31
Central,1340.9,2811,37
Central,1357.81,4096,38
Central,1216.77,4183,35
South,1482.09,3980,22
South,1281.95,3673,29
East,1027.78,2975,26
North,1480.67,4187,30
Central,1339.58,4728,29
North-East,1111.39,3704,30
North,1104.1,4220,34
North-East,1259.32,3216,31
North,1292.64,4229,40
East,1239.46,3803,25
Central,1262.26,3619,29
Central,1539.99,3620,36
West,1414.31,3803,26
North-East,1238.13,4191,30
North,1388.26,3344,37
North,993.5,3801,29
South-East,1279.59,3979,34
South-East,1561.86,3450,29
South,1156.39,4898,32
West,1030.47,3573,25
North-West,1069.58,3665,26
South-East,982.07,3511,28
North-West,1043.05,4899,41
South,1125.9,4276,20
South,918.89,3532,26
South,1203.12,4553,26
North-East,1380.46,4100,30
North-East,1018.45,4129,31
East,1503.86,3828,29
East,1302.16,3625,27
South,1406.12,4169,27
West,1068.43,3727,28
North,1370.91,4908,30
North-East,981.61,3365,32
West,1378.05,4768,29
Central,1234.37,3944,36
North-East,1310.65,4150,33
North-East,964.88,4417,29
East,1020.99,3685,24
North,1319.45,4432,25
North,1010.33,2646,25
South-East,1292.64,3640,35
North-West,926.57,3538,31
North-West,1369.63,3373,36
North-West,953.5,3893,34
North-West,1310.46,4193,29
Central,1325.13,4351,30
Central,1060.65,4120,31
North-East,1316.41,3667,26
South,1252.09,4185,22
East,1092.23,4062,34
East,998.29,4468,33
North-West,807.47,4388,23
North-East,1269.93,4015,24
South-East,887.04,3551,28
West,1219.07,3674,35
South,1147.31,3725,33
North-East,1335.83,3842,36
South,1139.59,4134,31
South,1134.11,4358,29
South,1346.37,3974,29
North-East,1267.01,4008,33
North-West,1263.23,4072,21
East,1293.85,3742,20
East,892.89,3537,31
North-West,1351.36,3122,23
South,1322.49,3652,20
West,996.66,4237,29
North,1151.18,3649,14
North-East,1192.14,3881,26
North,1173.1,4233,34
South-East,1266.77,4260,28
North-West,1486.27,3460,35
West,1416.35,4499,34
North-East,937.56,4564,39
North-West,1324.41,3435,30
South,1465.79,3588,41
East,1277.36,4596,23
North,1418.2,3927,23
Central,1602.45,2890,31
Central,1404.74,3300,28
West,1249.86,3875,30
South,1409.02,3418,23
South-East,1228.98,3793,18
North,1204.78,4016,29
South,1129.72,4731,31
North,1512.68,3855,35
West,1036.31,4536,31
West,1506.47,4714,32
South-East,1299.97,4717,30
Central,920.14,4142,37
South,1273.53,3018,28
North-East,779.99,4230,29
Central,1325.1,4524,28
South,1377.05,3959,25
Central,1081.53,4872,31
North-East,1224.71,4430,33
East,1590.83,4284,26
East,1098.85,4543,34
South-East,988.22,4167,35
East,1496.33,2754,33
East,1592.52,3750,41
North-West,1200.74,4599,25
North,1402.29,3596,34
North-West,1468.3,3888,24
North-West,1051.5,3478,33
South-East,1102.94,4892,30
North-West,1446.17,4841,31
East,1537,3558,24
North-East,1312.58,4074,26
South-East,1024.04,3660,30
South-East,1597.41,4307,20
West,1093.81,4255,30
South-East,1132.97,4406,24
West,1268.47,4166,26
South-East,1510.83,5468,21
North,1370.8,3486,22
East,1282.97,3145,27
South-East,1292.66,3803,30
East,1208.7,3216,32
East,1311.63,3254,28
Central,694.09,3499,37
South-East,1140.68,3539,30
South,1248.26,3523,24
Central,969.8,4259,34
South,1277.26,3747,23
East,1159.11,3910,28
East,1551.1,4447,37
Central,1514.6,3617,21
Central,1106.84,3868,29
South,1169.83,4183,23
West,1185.21,3029,25
South,1109.67,2808,21
Central,1239,4173,22
North-East,1048.34,4246,40
Central,973.88,5032,32
North-East,1324.54,4079,40
North,1325.91,4410,17
Central,1039.14,3902,20
North,1379.07,4149,33
West,1073.68,4834,28
South,1250.63,2938,26
North-East,1364.07,4207,35
South,1193.28,5068,31
North,1290.95,4141,25
North-East,1096.71,4825,29
South,1160.71,3685,31
Central,1158.83,3984,27
East,1050.68,4017,33
North,1164.65,2891,29
South,890.28,3416,24
North,1101.77,3452,20
North-West,1143.02,4411,31
North,1148.76,4436,35
North-East,1151.7,4162,38
North-West,1187.65,4412,25
South-East,1295.89,3918,19
North-East,1374.9,4601,31
East,1070.05,4004,30
North-West,959.36,4029,24
South-East,991.59,3867,32
Central,1102.56,4342,37
North,1129.62,3789,39
South,1046,4488,35
West,940.78,3434,26
North,1108.78,3451,34
South-East,1236.29,4344,33
North,1319.01,3956,41
East,1088.52,3773,33
Central,1117.4,4445,43
West,1014.66,3696,30
North-West,1193.71,3900,26
North-West,1030.31,4700,26
North-West,1314.63,4770,29
South-East,842.83,4786,29
North-East,1128.07,3859,27
North-East,1260.22,4615,17
South,1236.77,3526,31
West,1738.61,3547,24
North-West,1269.96,2825,34
North-East,999.19,4836,42
South-East,1180.91,3568,27
South,844.75,3937,30
Central,1183.88,3545,22
South,1033.39,4348,35
North-East,1383.08,3812,29
East,1090.09,3348,25
South-East,1176.65,4221,51
East,1072.89,3283,26
North-West,1547.77,3581,26
East,1135.75,2947,25
North-West,1566.51,3288,32
North-West,1362.83,4089,29
North-East,1296.41,3018,30
East,1273.75,3259,35
North-West,1278.76,3999,23
West,814.47,3728,39
Central,1144.22,4996,37
South,1369.03,4917,30
South,1190.22,3566,37
North-East,918.96,4279,25
East,1189.52,4375,23
East,1540.82,3701,24
North-West,1449.38,3252,39
South-East,1187.6,3994,22
North,1390.29,3914,28
North-West,1126.7,3782,29
Central,859.23,4221,30
West,1015.11,3625,23
South,1512.58,3424,35
North-West,1145.2,4055,35
North,1151.32,4193,24
North,1140.03,3412,32
North-West,1580.83,4464,35
North-East,1525.19,3115,35
South,1643.76,3711,33
North-East,1168.19,3871,31
West,1259.12,3682,32
North,896.67,3717,24
North,1495.39,4936,25
Central,966.44,3575,28
West,1243.36,5221,28
North,980.54,4219,28
West,1082.23,4046,28
South,1032.55,4238,39
East,1078.42,5265,31
North,1092.18,3503,27
Central,1090.35,3440,33
South,1366.67,3623,27
North-West,979.03,4016,38
West,1244.11,3137,32
North-West,1443.59,4011,25
North-East,1097.36,4847,32
South,1056.42,4076,37
North-West,1153.9,3854,24
South-East,1435.95,3691,24
South-East,1238.82,4449,34
North,1093.76,3587,35
West,1296.78,4923,25
East,979.54,4967,32
South,1336.27,4128,31
North,1281.72,3994,30
Central,1138.44,4515,29
North-East,1032.28,4547,33
West,1022.66,3597,26
South,1306.96,3737,28
South-East,1445.8,3339,25
South,1072.54,4205,32
East,1291.68,4333,28
South-East,782.59,3325,28
East,1083.08,3772,38
Central,1193.79,3326,23
North-East,1018.06,3551,36
Central,1012.7,4276,37
North,1066.44,3633,24
North,1258.44,3850,33
Central,1162.53,3186,36
North-East,752.35,4093,36
Central,775.86,3978,38
North-East,1078.63,3636,41
North-East,1291.54,3905,25
North-West,650.5,4090,29
South-East,1100.05,3593,26
West,1094.75,3262,39
North-East,1477.67,4903,28
East,1123,3683,30
North-East,1276.6,3952,32
North-East,1228.25,4505,36
North-East,773.89,5765,40
North-West,1353.64,3378,34
South-East,1243.08,4225,27
North-West,1301.65,3646,34
North,1985.25,3731,38
North-West,783.18,3640,33
East,1544.94,3437,23
East,1142.51,3979,30
North-West,1257.47,3263,27
South-East,1190.9,4473,25
Central,1115.15,4028,40
West,1086.03,4211,32
South-East,1265.9,3767,37
North-West,896.57,3816,31
North-East,1350.12,4144,29
South,1116.76,3418,35
West,973.99,3821,33
West,1110,3570,37
East,1451.43,3555,30
West,1092.93,2945,29
North-West,1271.69,4670,29
North-East,1053.81,3657,29
North-East,1351.58,4582,31
North,1337.1,4534,24
North-East,1569.72,3357,37
South-East,1164.89,3456,33
North-East,1333.73,5280,24
East,1219.61,4875,28
North-East,1459.17,3984,36
North,1056.23,4129,38
South,1349,3685,34
North-West,1161.06,4216,32
East,1187.16,3641,30
South-East,1218.35,2984,34
South,1250.45,3339,43
East,1176.75,4011,32
Central,1242.94,3434,32
West,1515.62,3966,37
Central,1397.09,3463,27
North-East,1373.83,3609,30
South,1108.89,4427,31
North-East,1022.15,4124,28
West,1391.06,3995,28
East,1375.21,4439,28
West,1494.53,4240,33
North,1079.2,4723,35
West,1154.09,3770,30
North,872.1,3785,26
West,1121.51,3349,38
North-West,1399.31,3786,29
North,1106.7,4482,19
South,1328.1,4650,29
North-East,1161.9,4480,28
South-East,1264.81,3103,30
North-East,970.46,4542,35
Central,1217.04,3081,30
North-East,601.77,4449,21
East,1162.62,3816,39
North-West,873.91,4351,26
West,1441.2,3334,26
Central,1355.48,4586,30
East,1293.33,3268,29
East,1504.2,3666,34
North,1010.22,3501,32
North-East,1549.47,3123,30
South,1386.44,4047,22
South-East,1152.69,4903,27
South,1427.12,5333,39
Central,978.74,4049,39
North-West,1035.1,4558,30
South,1078.28,4116,35
West,1094.2,4249,26
South,988.69,3829,30
Central,1444.62,4098,23
South-East,1148.23,4269,37
South,1270.5,3711,37
West,1085.93,3961,24
North,835.88,3971,29
North-West,1254.01,4413,35
Central,817.55,3467,41
North,1186.27,3974,25
North,926.34,4956,22
North,1597.46,4582,25
East,1382.27,4675,22
North-West,1221.15,4012,33
South-East,1452.74,4160,33
North-East,1030.74,4501,22
North-West,1308.7,4780,23
East,1239.96,3024,34
North-East,1252.8,3342,31
North-West,1454.47,4655,26
North,1346.5,3862,35
Central,1257.74,3664,33
North-East,869.02,3373,31
West,1007.99,3722,26
West,1175.46,3299,37
South,1218.67,5046,31
North-East,973.96,3989,29
Central,1682.34,3971,35
South-East,1503.28,4294,29
East,1320.42,4481,32
North,1214.41,4473,38
South,1157.56,4537,29
West,1009.62,3685,28
East,1215.5,3851,31
East,1251.55,4385,36
North,951.65,3736,29
South-East,1266.84,3997,38
South-East,1168.95,4199,26
North-East,818.44,4393,24
West,1027.92,3111,35
South-East,1117.28,4357,34
Central,1577.54,3883,26
South-East,1311.31,4354,27
East,932.9,4388,30
North,1297.21,4804,33
Central,890.54,4677,31
North-East,1416.54,4673,32
West,1105.78,4722,32
North-East,1181.27,4146,25
East,1465.16,4016,39
Central,942.57,4436,27
Central,920.58,4366,39
Central,1083.28,3845,36
East,1407.68,4202,34
East,896.13,3982,40
North-East,633.57,3573,24
South,1109.77,4645,30
North-East,1310.35,4028,26
West,1440.05,5024,37
North,1107.37,3187,32
Central,1117.71,3722,27
South,1430.78,4016,28
North,826.05,4569,25
South,1122.3,4200,29
South-East,1238.08,4155,31
South-East,1289.84,3436,22
North-West,1098.04,3422,28
South-East,1206.89,4161,28
North-East,702.33,3318,35
South-East,1068.35,3734,40
East,1290.7,4250,30
Central,1003.54,3509,28
North-East,1211.8,4803,34
North,1289.37,4612,40
North-West,1131.49,3214,30
North-West,1234.09,3534,26
North-West,1007.45,2857,27
North,1158.68,3609,28
North,1322.04,4383,39
North,1231.39,3793,29
North,1082.69,4230,32
North-West,1244.84,3239,21
North-West,1342.92,4399,29
South,790.01,3722,27
North-East,1431.81,4006,33
Central,1132.75,3954,22
South-East,1285.1,3364,22
South-East,1439.45,3423,31
East,925.67,4484,23
North-West,1058.11,4199,32
East,1142.29,4525,31
North-East,1043.25,4162,28
North-East,1546.99,4071,39
East,1028.65,3137,22
North-West,1088.89,3865,26
East,1240.88,3986,32
South-East,959.57,4977,26
South,1120.86,4343,35
South-East,1263.49,4768,25
West,1133.43,4299,24
North-West,1181.32,3644,28
North-West,1094.13,4059,23
Central,897.11,4118,30
North,1264.32,3530,31
West,1550.99,3808,29
North-East,1203.68,3897,23
North-West,1245.05,4803,38
East,1338.54,2960,22
West,946.13,4603,32
Central,1540.5,3532,28
North-East,1240.47,3314,19
North,1526.37,4590,20
North,1053.39,4366,35
Central,1563.61,4627,21
Central,1355.03,4400,27
East,1310.61,5030,26
North-West,1246.8,4279,34
North,1150.29,3922,29
North-East,1440.11,4171,35
West,1228.07,4622,38
North-East,806.59,3610,31
South,976.56,3674,27
South,1162.83,3846,34
Central,1262,2948,23
East,1188.68,4069,24
South,1443.79,3057,24
North,809.78,4027,25
North-East,1228.72,4433,37
North-East,836.4,3762,31
Central,1351.94,4839,31
North-West,1181.11,3270,37
North-West,1283.92,4596,27
West,1027.22,4338,32
Central,1455.89,3142,29
South-East,1408.34,5355,24
West,1316.71,3968,20
South-East,1174.1,3561,27
North-West,1315.97,3296,34
Central,1058.62,3890,33
South-East,1371.11,3936,30
Central,1529.9,4051,37
Central,1414.12,3851,26
North-West,1054.08,4317,16
West,1272.28,3806,27
West,941.37,3033,26
Central,1314.48,3925,24
South,1290.12,2816,40
East,826.04,4177,25
North-West,967.64,3510,40
East,1143.37,4082,35
East,1139.83,4657,36
West,958.1,3526,26
West,1277.8,4531,25
South,1250.29,3783,27
East,1161.15,4877,16
East,1048.84,3817,38
Central,1409.74,3580,28
West,1531.08,4344,28
East,1103.29,3782,26
North-East,1077.57,3579,29
South,1298.24,3761,31
South-East,1128.39,3978,26
North-East,1172.12,4671,25
North-East,1347.93,3033,30
South-East,818.13,4012,42
North-West,1463.66,4312,27
North-West,1214.54,4097,34
South,1117.7,4655,31
North-East,1182.15,3963,31
East,1192.49,3908,31
West,853.76,4296,33
South,1498.99,4050,31
Central,1208.27,3805,28
South-East,1288.6,4258,38
North-East,1390.31,3674,40
South,995.77,3694,33
North,1294.69,3736,29
North,1146.47,4677,24
North-West,1369.35,2389,38
South-East,774.55,4198,30
West,1180.18,4017,34
East,1079.44,3160,32
West,1286.45,4155,41
West,1294.01,4238,31
West,1058.47,4295,29
South-East,1057.57,2674,48
West,1177.87,4683,29
Central,1020.67,3631,30
South-East,1368.4,4343,17
Central,1126.16,4371,25
South-East,618.6,3562,30
North-West,1125.04,4330,22
South,992.29,3807,35
North,873.74,2964,33
West,952.51,4584,26
North-West,1221.88,3612,29
South,1465.73,3573,37
North,1262.64,3798,34
North-East,1078.7,4136,28
East,1291.18,3971,31
Central,1108.18,4274,28
North-East,1061.08,3330,40
South-East,969.13,3629,31
North,849.63,3942,34
North-East,1122.02,4949,32
East,1231.61,3943,36
North-West,1180.68,4543,29
North,1116.81,4019,28
North-East,1010.85,3758,22
Central,1321.65,3877,20
Central,936.57,3916,21
South,1355.21,4302,26
North-East,999.56,4687,37
West,1049.51,4180,26
North-East,906.64,4594,35
North-West,1099.72,3518,31
North,1395.06,3793,34
North,1303.13,3638,31
North-West,1395.68,4157,26
North-East,1304.43,3821,33
North-West,979.27,4365,30
East,1133.84,3534,29
South-East,1043.96,4022,32
North-West,1466.11,4343,31
Central,960.64,2967,35
North-West,1378.74,5061,29
North,1378.59,3858,17
Central,1565.92,2987,28
North,1118.06,4079,41
South,1342.46,4017,27
West,1656.33,3959,36
North,1076.47,4496,25
Central,892.99,4374,30
South,824,4149,38
North,1342.54,4225,39
East,823.37,3948,39
North-West,1125.54,4888,25
West,1287.46,3260,29
North,1237.04,4070,41
South,1285.09,4033,29
East,1244.46,4407,30
North-East,1455.77,3578,35
South,1009.54,3128,28
North-West,1064.6,4078,31
South,1045.47,4141,31
East,1366.04,4745,27
South,1380.08,3365,26
East,1290.25,4577,31
North,1436.7,5184,32
South-East,964.39,3811,29
East,1533.44,3355,29
East,1504.65,3797,31
West,1347.12,4007,31
East,1556.36,4282,29
East,868.68,3704,23
North-East,1095.11,4778,27
South-East,1052.94,3443,33
North,1344.3,3130,31
North-West,989.97,4553,40
West,1351.5,2863,33
North-East,1474.11,3898,32
Central,1339.04,5559,35
South-East,1256.75,3994,41
North,1002.43,3440,33
North,1030.63,3971,46
Central,1449.92,3975,30
North-West,1355.87,4080,27
East,1192.2,4331,23
North-East,1116.42,3480,37
South,794.84,4844,27
West,985.83,4123,21
South,1582.28,4363,23
Central,943.91,3686,34
North,1237.9,4643,34
North-West,1401.49,3871,29
North,949.02,4139,30
West,1236.94,3533,27
North,1387.58,3502,31
North,1202.5,4344,28
West,1773.68,3778,33
North-East,866.28,3573,27
North-East,1411.75,3678,21
West,1165.44,4349,34
North-West,1354.38,3685,29
Central,1288.26,3941,40
South-East,1053.37,4008,24
North,1245.8,3041,43
North-West,828.42,3264,33
North,1320.65,4168,28
South-East,1259.63,3631,40
Central,1327.73,4528,35
North-East,1411.62,4483,25
North-West,1273.52,4360,24
East,1229.62,4910,26
East,1023.79,3958,35
South-East,1057.56,4324,24
East,1437.35,3708,15
North-East,1487.27,5226,27
South-East,1152.38,4992,26
North-East,1209.2,4006,30
Central,1019.08,4193,29
North,1434.55,4680,28
Central,1333.08,3926,32
Central,1588.24,3672,26
North-East,1024.34,4437,28
South-East,1124.4,4039,32
South-East,1246.29,4091,24
East,1329.3,3583,29
South,1156.87,3141,25
North,1025.41,4118,39
North-East,1376.28,4452,25
East,1344.23,3887,24
North-West,1016.75,4718,27
South,1471.09,3648,31
South,1434.04,3473,34
North-East,1226.86,3966,27
West,1215.92,3959,28
North,1310.81,4385,31
South,1027.66,3613,19
North-East,1206.01,4684,27
North-East,769.52,4983,28
East,1375.29,3980,37
North-West,887.7,4625,32
West,1500.68,3472,29
North,1133.98,4538,31
South-East,1157.67,4524,29
Central,1074.45,4432,21
North-West,1142.39,3992,23
North-West,1483.71,2523,30
East,702.44,3679,20
South-East,1455.39,3687,30
South,1267.6,3511,37
South,958.6,4061,27
East,984.94,3791,26
North-East,1535.28,3588,32
South,1010.9,3471,29
West,969.33,3642,31
North,1427.46,4561,29
North-West,1267.71,3669,37
North-West,1012.41,3743,25
West,1243.32,3772,30
South-East,994.85,4169,27
South,1420.16,4228,33
North-West,1412.27,2478,31
Central,1306.4,4511,34
South-East,1272.33,4718,33
North,1552.24,3475,26
North,1199.94,3514,30
North-West,963.63,3775,26
East,1289.89,3622,29
South-East,1617.21,4112,26
North-West,997.05,3027,35
East,1127.71,3441,27
North-West,1283.29,4770,33
Central,1189.22,3536,33
South-East,1003.54,4622,28
North-East,1424.37,4178,24
North,1664.01,3095,39
North-West,1239.23,4318,36
Central,1019.19,3941,33
East,890.21,3772,26
East,1251.6,4122,24
North,1420.78,4237,25
West,1295.03,4354,30
North-West,1199.52,4589,34
South-East,1082.15,4204,27
South,981.57,3312,26
East,1366.95,3763,36
South-East,1382.75,5472,21
South-East,890.85,4362,29
North-East,1517.97,5185,28
South-East,1314.81,4698,28
South-East,1479.92,4121,45
North-East,931.57,4151,28
East,926.84,3982,21
South-East,1170.21,3131,27
West,1300.56,4009,27
West,1559.27,4605,32
Central,1341.22,3700,25
North-East,1151.46,4206,31
Central,994.73,4426,25
North-East,1446,3545,37
North-West,1007.06,3774,32
North-West,1525.69,3491,37
South-East,1143.12,3589,30
South,1518.12,3356,34
North-West,1335.79,3550,24
South,1172.6,4710,36
North-West,1096.12,3542,31
North,1131.82,4063,29
North-West,1285.66,3749,34
Central,1215.43,4589,27
East,1081.24,4656,28
South-East,1166.87,4432,32
Central,1215.72,4153,32
East,774.25,3884,34
West,1291.63,3404,32
Central,1004.06,4972,30
West,969.33,3620,24
South,862.53,4332,42
South,841.22,4530,32
North,928.91,3722,36
North-West,1058.2,4519,34
Central,1590.65,4382,38
West,1094.82,4864,30
East,1235.55,3765,27
South,1280.1,3357,38
North-West,1226.21,3747,33
South,1184.51,4104,33
East,960.94,4029,28
North-West,1490.19,3803,24
North-West,1561.44,3045,17
West,863.47,4235,28
West,995.19,4986,32
Central,1144.04,4232,32
Central,1007.09,4305,24
North-East,1301.19,4286,32
South-East,1054.35,4199,28
North-East,1633.01,4466,25
North,1438.11,4198,25
South,1242.51,3844,27
Central,1405.4,3602,25
West,1421.18,3876,31
East,1087.21,4157,24
West,1036.76,3842,31
South,1215.63,4157,29
North-East,1372.33,4220,30
West,1227.81,4417,30
South-East,884.6,4641,31
North,1039.44,4039,23
South,1185.21,3346,30
North-East,1184.87,3827,28
South-East,1594.51,4022,36
East,922.8,3082,27
North-East,1301.12,4694,32
North-West,1497.82,4071,36
South-East,1654.29,4191,42
South-East,1119.12,4683,23
North,1298.29,3685,13
South,1313.95,4287,28
East,1239.1,3945,37
North,1180.23,3908,31
North-East,1287.2,3614,25
North,693.55,4833,34
South-East,1336.41,3812,37
South,1225.24,4350,25
Central,1155.51,3062,32
North,1609.37,4590,34
North-West,1065.01,4526,31
North,1119.38,4049,32
North-East,1598.31,3887,32
North-East,1033.59,4200,40
East,1089.98,5144,21
North-East,1170.59,3118,26
West,1368.15,4391,27
South,1241.56,3544,31
South,941.47,3990,34
Central,1093.57,3876,35
Central,1078.53,3786,35
South,1184.56,3995,33
North-West,1285.17,3433,33
Central,1283.64,4515,37
East,844.8,3103,23
North-East,1412.79,4270,34
South,1250.51,3837,32
South-East,1476.91,3415,34
Central,1288.84,4101,30
South,1420.26,3222,26
West,1293.31,4020,27
North,1469.25,3289,27
North-East,1304.45,4231,32
South,1180.42,3538,34
North,1654.49,3775,14
Central,1377.81,4147,35
North,1314.75,3614,31
North-East,944.74,3971,26
South,942.34,3243,30
West,1258.54,4315,36
North-West,1229.1,4882,30
Central,1077.18,5396,25
South,1228.2,4046,36
North-East,1517.73,4394,35
Central,1339.08,3110,35
East,971.8,4751,24
North,1177.7,4388,33
North-West,1039.01,3758,29
North-East,1122.46,4619,30
East,1117.28,3873,24
South-East,1104.47,3771,35
South,948.97,4238,30
West,1174.47,3468,34
Central,1087.88,4511,32
North,614.11,3472,31
Central,1610.59,3475,32
North-West,1417.75,3545,29
South,1124.74,4380,28
Central,1203.76,3692,20
North,965.67,3326,30
South,1539.14,3697,28
Central,1579.46,3984,31
West,1231.34,3410,27
North-East,1404.71,3424,23
South,1235.06,5056,31
North-East,932.65,3570,29
South-East,1117.64,3838,34
South,1226.39,3816,33
West,1109.09,3789,39
North-East,1156.27,4311,31
East,1181.72,4474,27
North,1183.82,3847,30
East,1210.45,3382,25
Central,987.88,4637,25
West,1056.6,3952,30
East,943.08,4865,31
South,1395.56,2877,22
Central,778.87,4098,31
Central,1430.72,4959,31
East,1477.27,3823,34
South-East,1139.56,3887,31
East,679.37,4148,36
South-East,1127.74,3721,32
West,1187.16,3844,35
North,997.88,3831,27
East,1096.96,3686,38
North-West,1506.04,4614,33
South-East,1332.99,4231,36
East,1015.09,4125,29
North-East,880.48,4404,26
South,1134.6,3868,28
North-West,1157.31,3613,36
North-West,1299.24,3699,25
South-East,1092.94,4001,30
North-East,1302.3,3470,21
North-East,1587.03,3750,25
Central,1363.1,3742,30
South-East,1190.38,5062,34
North,1163.37,2613,31
South,1128.67,3910,26
West,1436.13,4863,32
North-West,1074.54,4061,33
West,1209.04,4377,20
East,1210.24,4050,26
East,1099.64,3666,29
West,925.51,2879,28
East,1264.59,4103,38
North,1187.8,3612,41
North-East,1300.05,3600,29
East,1093.28,3751,33
Central,1444.16,4872,34
East,1024.65,5202,29
South,1542.41,4109,24
North,850.47,3768,32
South,1286.95,3411,24
South,1295.09,4234,24
Central,1040.89,4891,26
North,1284.88,3876,37
North,1455.9,2811,34
South-East,756.64,4335,28
North,1300.55,4493,24
North,701.35,3207,20
North,1006.87,4088,43
Central,1525.83,4226,24
East,1083.64,3963,32
South-East,965.22,3605,34
South,1160.41,4508,36
North,1613.58,3798,30
North-West,833.66,3257,34
East,989.74,2975,26
East,1499.49,4630,24
South,1571.54,4308,26
Central,1179.31,4044,22
West,952.19,3780,35
West,1619.17,3736,26
East,1518.89,3462,27
North-East,1335.79,3784,20
North-East,1037.52,2940,31
South,1190.19,3632,28
West,1167.93,3845,31
East,1266.17,4305,33
Central,1490.2,3980,36
West,1375.88,4397,38
East,984.52,4675,29
East,1475.3,4529,40
North,1262.63,4235,40
Central,1337.41,4006,32
North,1493.31,3510,27
South,977.68,4370,33
North,1192.83,4840,26
North-West,1093.71,4171,29
North,886.43,4959,35
North-West,1269.34,3237,33
West,1702.31,3423,30
North-East,831.98,4428,27
South-East,1193.54,4132,30
South-East,1328.11,4657,22
East,1224.62,3992,30
South-East,1177.37,3566,25
North-West,940.16,3893,21
Central,1246.56,3234,31
North,1048.65,3436,30
North-West,762.02,4486,31
Central,1438.92,4436,25
North-East,1391.68,4182,30
South-East,1210.33,3139,29
North-East,1245.81,3821,34
South-East,1414.86,3388,25
North,1244.87,4588,38
South,1380.8,3708,36
North,1140.5,3457,28
West,1462.4,4015,32
North-West,1264.16,3680,31
East,1238.81,4742,23
South,945.99,3633,29
North,1257.39,3300,22
Central,1033.61,2924,31
South,1072.34,3985,35
North-West,1036.92,3719,30
South-East,986.75,3286,21
South,1624.95,4595,44
South-East,1466.27,4334,34
North-West,1584.07,3986,27
North,955.42,4682,32
North-West,1214.25,4331,34
South,941.3,3589,29
Central,1060.86,3480,32
North-East,1016.37,4409,21
South,1447.92,4198,31
North-West,1120.75,4085,25
North-East,1413.68,3577,24
North-West,1320.82,4304,30
Central,1660.73,3622,23
North-West,904.11,3949,28
North,1451.85,4723,35
East,1429.29,3670,32
South-East,1005.32,3214,31
South-East,1401.43,3474,35
South,1267.23,4497,32
East,1154.5,4127,37
North-West,1035.21,3936,34
Central,1056.18,3745,28
South,1609.96,4243,30
North-West,1200.14,3575,35
North-East,1356.43,4153,36
West,1041.82,3634,33
North-West,1044.03,3551,31
East,1416.4,3681,31
South,930.08,3812,36
East,1116.96,3976,29
South,1206.81,4118,29
North-West,1222.27,2156,34
North,1164.18,3596,29
North-East,1279.16,3804,25
North-West,1338.57,4753,24
South-East,1346.93,3460,27
East,1002.84,4081,23
West,1143.17,4748,22
West,1438.95,3344,31
Central,1378.93,4197,29
South,925.43,3599,21
East,1270.3,3748,30
Central,804.35,3598,34
East,1209.39,3634,34
South-East,1579.55,5361,32
South,1010.42,4422,33
North-West,1033.14,4551,23
North-West,1352.81,4246,32
West,891.44,3197,40
North-West,1073.45,4197,47
North-West,1319.29,4536,31
South-East,1073.14,3573,30
North,1152.81,4483,31
West,1348.84,4352,34
Central,1284.31,4926,35
North-East,1253.36,3791,25
North,1132.18,3451,20
Central,1274.01,3819,27
South,1175.25,4718,30
North,1291.56,3086,24
South-East,1100.61,2966,29
Central,1163.49,4045,31
South,1002.01,3779,34
West,1193,4004,34
North-East,1037.8,4473,38
South,977.19,3724,26
North-West,1251.73,3063,27
East,1242.55,5022,30
South,1356.57,3501,30
South,1113.77,3470,26
North-East,1281.61,4552,30
East,1310.16,3808,22
North-West,1288.95,3968,28
Central,1034.87,4241,28
Central,1229.87,4542,27
South,1272.83,3833,32
South-East,1201.44,4760,34
South-East,782.7,2932,29
East,1232.1,4380,31
East,1642.51,3580,37
North-West,1127.99,4686,32
North-East,1054.38,4071,29
West,1274.67,3664,19
Central,1262.48,4331,36
North-East,1438.55,4447,24
North,948.43,4321,31
Central,1346.28,3485,35
North-East,1318.08,3758,30
Central,1171.57,3998,30
West,1267.74,3979,38
North,1405.89,4375,28
South-East,1374.46,2993,32
South-East,971.4,4167,30
West,1364.03,3855,31
North-West,1187.06,3581,35
North,1214.57,3629,34
South,1214.64,3893,25
North-East,1169.95,2199,34
North,1438.34,3649,35
North-West,1183.26,3562,29
North-West,976.09,4266,29
West,1121.29,3597,32
Central,1235.74,3892,35
North,1445.84,4771,33
North-East,1320.62,4497,26
North,1029.89,4451,26
East,1697.04,3750,35
Central,1252.96,4272,31
North-East,1455.08,3883,39
South-East,1169.66,3902,32
North-East,1306.67,4205,25
South,1367.89,3702,26
West,1443.64,4747,28
South,1411.47,3920,45
North-East,1374.44,4309,34
Central,1136.98,4728,25
North,1085.65,4516,27
South-East,1266.52,3296,32
North,1386.63,4222,35
Central,1155.46,4425,37
North-East,1413.03,4446,28
North-West,1490.52,3443,33
North,1016.74,3671,35
North-West,1032.62,4497,26
North,1171.92,3619,22
North,1261.52,3850,25
South-East,1095.09,4788,24
West,1470.44,3976,30
West,1284.81,3637,30
East,1207.89,3561,39
South,912.82,4166,28
Central,936.84,3333,23
Central,1256.2,3876,32
Central,773.48,4167,21
East,1402.53,4650,28
West,1168.37,4334,29
North-East,1848.62,3643,30
North-West,1661.58,4589,38
South-East,1163.71,3850,25
North-West,1178.73,3382,23
North-East,1399.12,3914,27
South-East,1540.63,4719,31
East,872.39,4083,27
North-East,842.72,4006,42
Central,1075.59,4819,19
South,1316.55,3284,23
North,1299.37,3357,32
North-West,1413.95,3192,29
West,960.06,4186,29
West,736.77,4083,35
East,1371.6,4771,30
South-East,1034.36,4122,27
West,796.3,3798,28
Central,1229.01,4001,33
North-West,1358.64,4059,31
North-East,1175.59,3164,33
Central,1108.43,5355,37
East,1168.13,4260,29
Central,1125.88,4105,40
North-East,930.39,4308,39
South,1057.06,4355,26
East,1304.26,3930,30
South,1264.34,3684,30
North,1233.61,4300,25
South,1000.97,4193,39
North,1163.7,3595,32
North,764.59,4710,30
South,1235.7,4147,24
East,1485.77,4365,23
South-East,905.17,4696,20
North-East,1082.81,4011,34
Central,1265.82,4158,40
Central,1450.57,4405,31
North-East,1110.36,3638,28
North-West,1061.55,4027,24
North-West,806.22,4063,38
North,1220.69,3522,32
North,1608.42,5159,29
East,1255.47,3296,40
West,1195.54,3351,23
South,1264.42,4657,42
North,1197.78,4357,30
Central,1037.4,3487,29
East,1364.66,4304,35
South,1245.15,4734,37
East,1203.52,3985,28
South,1004.93,5299,28
South,1460.7,3138,39
North-East,1332.94,4347,28
North,1089.42,4583,32
South-East,1400.36,4446,31
East,1100.49,3898,34
South-East,1043.6,3855,35
East,1048.06,4222,31
North-East,845.79,4408,29
Central,1294.31,4301,20
South-East,833.77,4520,30
Central,954.31,3491,22
North-West,784.88,3886,27
North,1182.79,3530,32
North,1169.94,3807,28
West,1134.66,4508,26
North-East,991.48,4054,25
Central,965.55,5303,35
South,1292.87,4097,24
East,1089.89,4030,36
North,1263.27,4053,27
South-East,1022.95,3681,23
East,1236.21,3971,20
East,1460.66,4564,29
West,1317.23,4057,17
Central,1117.52,3603,34
North,1251.44,3537,34
East,1151.87,3775,29
North,1201.58,4037,42
South,1134.88,4597,30
West,1167.13,3330,32
South,1242.42,3840,32
North,1001.33,4072,34
North-West,996.82,3083,29
South-East,922.29,3583,29
North,879.95,3660,30
Central,956.54,3602,26
East,1231.89,4096,27
East,1021.44,3920,27
South,1302.72,3722,31
South-East,1206.94,4214,24
West,806.3,4862,21
North-West,1331,4820,30
North-East,1362.16,3039,32
South-East,1001.23,4289,30
East,1284.04,3911,30
Central,1028.7,4078,34
South-East,1219.53,3801,31
South,947.1,4059,33
South,841.38,4076,32
North-East,1123.44,3711,30
Central,1175.25,3552,33
West,1120.46,3776,24
South-East,963.19,4117,33
Central,1120.02,4299,26
West,1253.86,4427,39
Central,1191.02,3753,19
Central,1236.5,4142,23
North,1065.98,4481,32
South,1434.34,4583,35
South-East,964.77,3971,28
Central,1297.51,3890,29
South-East,1436.38,4096,34
North-East,1296.18,3425,38
Central,1159.5,3903,23
East,1094.34,4372,37
South,1407.22,4321,26
East,915.41,3865,27
South-East,1005.98,4109,25
South-East,1120.49,3588,38
South,1447.53,4352,24
South-East,1275.95,3961,31
East,1006.39,3862,30
Central,1137.94,3819,24
Central,1077.14,3969,33
North,1058.04,3776,33
North-East,1395.78,4329,27
South-East,925.65,3802,28
East,1521.76,4796,33
South-East,1365.65,4733,28
South-East,1418.17,3554,23
West,1107.41,4035,34
North,1170.01,3675,31
East,913.37,3837,22
East,1095.07,5001,34
South-East,1298.73,3846,22
North,1459.21,4180,32
Central,978.57,4271,27
East,1126.9,3500,24
Central,1169.74,3572,28
North,920.84,3397,33
Central,1318.27,3557,26
South,1055.2,2575,36
West,1160.92,4272,28
North-West,1109.61,5027,20
East,1042.13,4074,29
North-East,1198.59,3292,25
West,1156.88,3679,22
North-West,1125.63,3771,25
Central,1054.31,3491,38
East,1263.9,4430,28
Central,1530.72,4405,39
South,1227.98,3422,29
North,1399.22,4363,27
East,921.96,4763,26
North-West,1231.55,4951,43
North-West,980.53,5433,25
South,904.62,3549,26
South,1052.13,5412,37
South-East,1438.38,3823,19
East,1390,3704,32
Central,1248.6,4164,29
North-East,893.46,3709,37
North-West,1160.74,4200,36
North-West,1260.34,3340,33
South,1235.11,3881,22
West,831.24,4643,25
South,1021.94,3971,28
North-East,1187.18,4071,25
Central,1307.26,4238,29
Central,760.77,4585,18
West,1167.58,3172,35
North-West,1228.61,4292,37
South,1369.92,3866,45
South-East,1338.57,4083,29
Central,1316.51,4530,28
North-East,1040.01,3403,32
East,818.4,3494,31
North,1121.39,3032,28
North,1400.33,3725,41
North,1478.69,4665,26
South-East,1342.11,3940,35
North-West,1285.87,3330,21
South,1275.93,3757,30
West,1088.78,3256,43
South-East,1173.99,3437,34
South-East,1533.81,4194,25
Central,1011.49,3413,30
East,1522.96,4556,26
South-East,1135.59,3964,30
North-East,1465.09,4043,24
East,918.64,3861,27
North-East,1317.18,4386,35
North-West,1052.65,4392,28
South,916.95,4168,41
North,1243.71,4282,23
South-East,1401.89,3894,22
South,1031.01,4271,30
North-West,900.2,3831,19
West,1181.63,4001,38
West,1182.51,3863,30
North-West,1309.66,3771,28
North-East,1389.92,3655,31
Central,1188.12,4234,24
Central,1571.1,4655,22
North-East,1244.85,4586,28
West,1130.71,3372,26
West,877.69,4645,31
South-East,1147.47,3841,28
West,1132.72,4300,24
South,1392.06,3547,28
West,1292.5,4071,34
East,964.13,4157,31
South-East,1234.45,3258,36
North,1334.31,4304,33
West,1505.61,4673,32
North-East,1377.5,3913,32
North,1352.17,4680,28
South,1212.02,3905,28
North-East,1277.66,4425,29
North,1449.9,2891,34
North-East,933.44,5209,20
South,1130.11,4748,27
South-East,1045.49,3858,26
East,1275.83,3014,29
South,1446.04,4144,31
South,1080.61,3278,36
North-East,721.94,4222,29
South-East,1117.56,4206,31
North-West,1382.69,3529,31
Central,1307.53,4560,29
West,1285.64,4403,29
West,1144,4488,34
East,944.19,4004,34
East,1303.06,3292,29
West,1033.14,4489,33
Central,1636.82,3865,26
West,1314.1,3305,34
North-West,1083.87,4676,34
Central,1077.72,5050,33
East,1181.41,3979,32
North,1152.1,5080,29
North-East,1423.37,4046,37
North-West,1237.28,3810,27
North-West,1053.67,3685,31
South-East,1578.09,4819,36
East,1209.86,3610,25
East,1353.77,4368,30
South,1078.35,3720,27
North-West,1272.62,3770,30
South,1262.22,4515,29
South,822.07,3810,36
North-East,1603.06,3798,30
South,1458.13,4566,33
Central,1120.56,4799,29
West,979.55,4322,34
North,1269.51,3673,31
East,1217.34,3745,29
Central,1271.13,4040,36
North,1238.32,4160,37
North-West,1301.25,3506,36
North-West,1489.46,4362,23
North-West,1313.62,4043,38
Central,990.07,3142,29
Central,1472.51,3536,21
East,1528.12,3748,31
West,1830.41,3964,25
South-East,975.3,4945,32
South,1248.58,4119,32
North-West,783.58,3580,19
North-East,1310.63,4110,27
West,1090.36,3824,36
North-East,1584.69,4162,28
East,1045.08,4290,28
East,862.16,4605,23
East,1105.75,3988,31
North,804.9,4819,26
North-East,1350.22,4454,20
West,786.98,3646,23
South-East,1205.69,5105,28
West,784.44,4163,22
Central,1135.94,3582,29
Central,1528.68,4826,30
North-West,1272.13,5039,26
South-East,1027.3,3983,29
Central,1193.76,3748,35
East,1203.6,3914,28
West,1294.53,4357,29
North-East,926.63,4639,30
East,1318.51,4285,28
North,659.12,4051,28
Central,1074.02,4749,27
East,1102.35,3844,34
East,1326.67,4515,18
North,1204.53,3856,34
South,918.89,4216,32
West,1003,3943,29
North-East,1239.74,3972,27
North-West,1184.19,3811,34
South,1084.18,4672,27
Central,1103.83,3634,33
East,1339.23,3630,33
South-East,1096.46,5060,25
North,1182.38,4489,24
North,1633.99,2807,26
South-East,915.26,3717,33
West,829.63,3094,37
South,1356.72,3525,16
North-West,1064.27,2431,26
West,1136.35,3932,28
South-East,1043.77,3429,25
East,1148.04,4030,31
South-East,1519.71,3187,35
West,1360.43,4041,33
North-East,1372.44,3793,38
North,916.75,4751,17
North,969.77,4706,31
Central,632.18,4393,31
Central,1038.12,3837,26
South-East,1391.34,4993,33
North-West,1303.39,3223,32
East,1155.7,3298,22
North-East,1195.54,3958,28
South,1062.22,5127,24
West,1240.95,3899,34
North-West,1353.18,3908,35
East,876.82,3279,24
Central,1259.93,4473,34
South-East,1386.49,4477,22
West,1116.98,4395,27
Central,1340.14,3685,23
South-East,1762.93,3647,31
West,1179.13,3353,26
South,1278.66,4042,21
East,1052.39,3460,22
West,1236.25,3411,24
North-East,1292.05,3788,33
North-West,1238.97,3755,36
North,996.06,3731,23
North-East,1241.27,4233,35
North-East,1492.44,4040,28
North-West,1289.73,3856,31
North,1392.4,4092,33
North-East,1152.6,3504,21
West,1349.98,4053,23
West,1255.85,4075,32
West,1009.82,3248,33
North,1263.7,4498,23
North-East,1001.66,3559,43
South-East,1073.42,4045,21
North,1237.87,4582,37
West,1259.45,4463,36
North-West,962.15,4017,39
North-East,1410.8,3819,28
North-East,1314.4,4474,36
Central,1059.05,4337,23
Central,892.48,3691,32
South,1171.02,3603,24
South-East,1110.81,2964,29
South-East,1222.63,4077,30
East,1127.38,3959,30
South-East,798.51,4568,28
Central,1122.33,4180,29
North,1138.88,4667,40
South-East,1326.73,3651,33
Central,1060.36,4569,25
South,1535.73,3736,35
North-East,817.67,4389,26
South-East,1462.23,3271,32
South,1155.14,4118,22
North-East,1371.92,3008,35
North-West,1215.96,3866,28
North-West,1427.91,4220,28
North-East,1122.53,3740,35
South-East,980.28,3475,28
East,1484.1,4423,32
Central,1177.3,3948,30
North,1244.31,3755,34
North,1446.95,4021,43
West,993.61,5318,26
North-East,1319.1,4577,19
North,1082.02,4581,23
South-East,1173.57,4218,23
East,1214.46,4083,28
North-East,899.96,2802,27
East,1044.23,3661,41
South-East,1470.21,3760,27
North,1377.24,3063,32
North,1187.47,3421,36
West,1248.62,3010,33
North,1141.15,3981,19
North-East,1471.32,4409,44
South-East,1159.93,4553,28
North-West,1246.37,4207,30
South-East,1429.21,3518,34
North-East,1044.53,3034,25
North-East,1511.76,3122,22
West,893.91,3366,28
West,1525.93,3556,36
North,1125.46,3920,35
South,1151.46,3493,18
South-East,822,4169,27
South-East,1109.04,3884,25
South,992.04,4005,31
West,1078.47,4570,32
North,1172.54,3410,25
South,1391.56,4209,32
North,1241.52,3993,28
North,1261.54,3833,41
North,980.9,4443,34
Central,1023.85,4440,28
North-East,1559.75,3527,29
North,1052.96,3909,29
Central,1531.24,4141,34
West,1151.39,3863,27
South,1200.46,4293,24
North-East,1414.07,4141,24
North-West,1454.38,4916,33
South,1177.84,3235,37
North-East,1122.35,3939,25
North-West,1188.82,3546,29
South,1267.59,4302,23
North-East,1378.26,3191,32
South,1200.85,4173,28
South,1323.78,3685,31
North-West,1527.67,3633,28
South,1276.26,3277,30
South,1262.33,3767,29
North-West,896.22,4542,39
West,673.85,3987,31
North,1277.68,4314,32
South-East,1181.04,4832,31
East,1097.04,4132,24
Central,1248.71,3721,35
East,1187.92,4234,38
East,1425.56,3728,30
North-East,1217.22,3748,30
North,1050.62,3240,23
North-East,1398.03,4463,33
North,1156.57,3807,34
North-West,1305.31,4091,32
North-West,1104.52,3482,31
South-East,1070.03,4218,21
North,1216.83,3619,31
South,1202.57,3929,38
West,1295.97,4439,36
South-East,1146.27,4395,34
South-East,832.73,3989,25
South,1113.45,3116,20
West,1358.76,5496,29
North-East,1140.52,4873,27
West,1150.72,4361,25
North-East,1397.28,3623,30
North-West,1057.61,3943,17
East,891.44,3728,29
North-West,1167.87,4632,34
North-West,1103.17,4131,24
East,1006.75,3608,26
West,1164.92,3765,30
South-East,1298.3,4561,27
West,1198.14,4800,29
North-East,1261.4,4764,37
South,1562.68,4379,30
North-East,1131.42,3874,22
South,1255.67,2379,35
North-West,1098.16,4149,22
East,1030.73,3999,34
North-West,1083.02,4070,32
North,1104.25,4027,23
West,1271.9,3337,23
South,1669.82,4279,24
North-East,1056.79,4316,33
East,1116.67,4341,23
South,1187.38,4473,27
North-East,1279.16,4302,34
West,1252.71,3795,34
North-West,1456.82,3965,34
West,714.72,4046,24
Central,722.61,4054,28
North,1100.82,4499,19
Central,1419.46,4322,33
East,886.87,5039,27
South,598.47,5103,22
East,1314.24,4040,27
North-West,1248.73,2082,36
North-East,981.96,4618,40
West,1002.89,3730,40
Central,1006.05,3599,32
South-East,1222.11,3801,35
Central,1074.74,3777,30
North-West,1298.81,4306,28
Central,629.07,3220,32
North-West,1028.63,3461,29
South-East,974.79,4172,22
East,1148.73,4311,39
West,1092.39,4321,34
South,1359.57,3606,26
North-East,828.13,3511,32
South,1209.1,3747,30
East,1311.67,4120,36
North-East,1571.33,4743,26
Central,1103.65,2976,23
South-East,1264.89,3890,27
South-East,839.23,3334,35
North,721.61,3174,36
East,1368.95,4483,28
East,1198.89,4272,22
West,1435.7,4225,29
South,925.32,4461,25
East,1303.98,3760,33
East,1573.76,3784,24
Central,1283.94,5093,32
Central,1255.32,3877,22
North-East,1201.71,4368,34
North-West,885.82,4003,29
North-West,1471.11,3076,31
North,1077.83,2978,33
North-West,1300.9,3711,29
West,887.39,4528,37
North,964.11,4394,26
North-East,1487.02,4457,28
Central,1130.54,3506,27
North-West,1490.66,4808,17
South,1184.35,3518,27
Central,831.62,4106,36
South-East,1378.41,3995,20
West,1082.02,3913,31
Central,1339.74,4669,26
West,1205.04,3647,40
West,891.38,3325,14
West,1232.86,4010,25
North-East,1639.24,3800,36
West,1298.6,5689,30
West,1188.5,4338,29
South-East,1415.07,3795,39
South,1242.13,3472,30
North,1241.91,3060,24
East,981.67,3487,18
South-East,1246.77,4057,26
North,1407.09,4714,35
West,1032.79,4561,25
South,1484.9,4115,31
Central,1181.66,3838,29
South,1022.45,4134,32
South-East,1399.53,3741,33
West,1142.64,4859,31
South,1351.9,3905,34
North-West,1141.65,3957,27
South,1188.03,2892,25
West,1298.71,3902,35
North-East,1258.18,4418,29
North-West,800.89,3466,22
South,975.75,3625,38
East,1385.88,4396,31
East,1173.57,3262,22
South,1095.25,4529,30
North-East,928.29,3734,29
Central,984.05,3806,26
West,795.64,3438,26
East,1179.74,4189,30
Central,1080.31,5230,26
South,1006.68,4391,25
South-East,1186.38,3568,43
Central,1272.79,4568,29
North-West,1618.64,3842,33
North,897.62,4687,33
East,1431.88,4403,37
South,1394.62,2528,38
South-East,1044.18,3498,26
West,1240.65,4472,31
South-East,1108.47,4076,42
North-East,1237.14,3488,38
North-West,1501.83,3683,32
South,1321.12,3047,35
West,1301.72,3956,49
North-East,1113.94,5105,23
North-East,903.19,4402,28
South,1158.31,5095,27
North-West,1441.32,4441,26
Central,894.57,4514,19
Central,988.98,4987,34
North-East,1225.25,4189,25
Central,1003.07,3906,21
North,1041.5,4516,33
North-East,1115.28,4727,27
North-East,926.88,3760,32
West,1005.18,3639,36
Central,1340.69,4069,27
North-West,938.53,4416,41
North-East,880.43,4399,27
South-East,1074,3288,30
North-West,1346.39,4956,27
North,1160.62,3679,32
West,1107.08,3867,22
South,1208.87,3549,28
North-West,850.86,5349,39
North-East,1298.94,4121,30
North,1276.69,3575,29
East,1118.14,4432,33
North,1401.18,4385,28
North,974.5,3906,29
West,1425.58,4420,33
South,1230.9,3587,26
East,1132.69,3754,34
Central,1196.03,2995,28
Central,1178.55,3338,30
North-West,1444.06,4904,25
North,984.66,4821,33
South-East,1047.5,4033,28
West,1407.26,4831,19
South-East,1080.89,3920,31
West,1380.11,3878,47
Central,1539.89,4028,38
North-West,1119.64,3938,26
North-West,1336.27,3892,29
North-West,969.26,4572,28
East,1350.95,4075,32
South,1239.88,4356,32
East,1294.61,4516,28
North-East,1070.89,4194,31
North-East,867.78,3515,30
South-East,1300.65,3324,33
South,787.32,4074,28
Central,1136.53,3914,32
South,1388.24,4044,26
West,1238.38,3992,22
North-East,1589.67,5292,33
North,1405.02,3335,37
North,1069.22,3005,29
Central,1205.46,4166,28
West,1190.53,3812,38
South-East,883.56,4158,37
East,1011.92,4292,25
West,1087.85,4642,28
North,792.76,3246,28
North,1209.5,3722,19
South-East,1150.19,4214,34
North-East,865.42,4385,34
West,1280.84,5097,23
West,1343.17,4478,34
North,1245.41,3972,28
East,1135.19,3555,29
Central,1318.29,3718,22
North-West,1336.04,3704,31
Central,1261.48,4328,27
West,1035.08,4128,25
Central,1255.32,3338,23
North,1439.1,3782,40
North,1080.67,4439,40
South-East,1619.59,4176,27
West,1094.87,4284,33
South-East,1206.48,4191,40
West,1065.5,4813,33
North-West,1244.65,4118,24
North-West,851.56,3807,30
North-East,1090.79,3542,25
West,981.58,4125,28
East,1227.07,2780,23
Central,1398.89,3908,33
West,1329.2,3897,32
South,725.67,3318,38
North-East,1608.41,3536,18
South,1259.06,4405,20
North,1044.7,4115,28
North-West,1231.43,4051,24
Central,1235.24,4153,27
West,1066.63,4046,29
South,1239.58,4621,41
Central,1078.51,4062,22
North,1119.13,3271,30
North-West,1062.74,4815,25
East,913.47,4185,40
North-East,1229.17,3705,22
Central,1317.06,3373,35
Central,1302.98,4198,23
East,1363.99,3941,31
Central,1264.87,4787,33
North,1093.45,3827,22
North,1367.93,3581,40
East,928.5,4448,32
North-East,1019.87,4463,29
West,1007.16,4084,28
South,1416.01,4338,30
West,1388.56,3981,31
Central,1297.46,4117,28
South,1414.39,4582,26
South-East,1024.14,4313,31
East,1269.72,3915,23
East,1174.97,4676,36
North-East,1369.38,2818,40
South,1176.96,5026,25
North,1123.01,3147,28
South,1308.18,3686,27
Central,1375.23,3980,26
North,1066.33,3927,33
North-West,1187.78,4503,23
North-West,988.31,3471,26
South-East,700.39,4130,30
North-West,1240.09,3711,22
East,1321.78,4148,44
South,1252.41,3968,26
North-West,810.09,4046,23
West,1129.83,3725,32
North-East,756.33,3745,31
West,1473.94,4144,35
North-West,982.79,4472,20
South-East,1451.08,3701,25
North-East,1389.17,3566,24
Central,1019.88,4307,30
West,973.44,3984,34
South-East,1270.07,4415,36
South,1031.14,3547,39
South,1220.5,3110,36
West,1103.43,3733,24
North-West,843.77,3617,31
South-East,753.91,3961,24
South,1245.34,3682,31
Central,1087.69,4371,37
North,1089.38,3856,29
North-West,1339.17,4075,29
South-East,1434.69,4079,32
Central,1145.49,4097,30
South-East,1131.88,3988,37
North-East,1300.03,4255,32
Central,928.61,3602,26
North-West,1244.63,4700,30
North-East,1310.38,3882,24
North-West,1336.05,3344,28
South,812.65,4094,27
North,1047.73,3574,34
North-West,1024.35,4333,30
North-West,1219.98,5105,33
South,1296.15,3607,31
East,1499.34,4166,37
South,1101.01,3122,43
North-East,1100.49,4227,35
South,1429.93,3557,27
South,1259.32,3688,23
North,1453.53,3449,37
South,1257.75,4366,23
South-East,968.58,4504,24
North-West,933.37,4012,33
South-East,889.7,3568,17
North,1332.41,4795,28
West,1437.72,3625,39
East,1569.87,2919,17
South-East,1368.62,4229,29
North,1432.57,3448,32
North-East,1084,4494,34
West,968.72,3809,32
North,1370.02,4302,37
North,1283.54,4701,35
East,1221.49,3396,42
North-West,1277.47,3717,30
South-East,1264.64,3962,27
North-East,1456.76,4769,34
Central,1459,3671,34
South-East,1308.84,3703,27
Central,1369.16,4239,38
North,1302.81,3711,36
South,1107.77,4076,25
North-East,1351.31,3224,28
West,921.1,5107,20
South,1410.78,3326,31
South,961.1,3839,30
South-East,1257.16,3984,31
North-East,1030.97,4956,36
North-West,1310.68,3338,35
North,1193.21,4992,24
North,881.05,4379,25
North,1284.14,4209,14
North,1084.42,3508,20
South-East,1376.23,4286,27
Central,1200.27,3638,34
North,1279.08,4633,27
Central,1008.49,3514,43
Central,1082.13,3943,35
North-West,1108.27,3722,27
North,1371.34,3506,33
East,1535.48,4371,35
West,1038.97,4268,26
South,1415.37,4605,31
Central,766.06,3110,38
North-East,961.16,4532,29
North-East,1008.24,5253,29
West,929.5,3774,38
North-East,883.28,4948,23
East,1282.6,3868,35
North-East,1157.19,3314,27
South,1275.88,3847,34
South,1338.09,4524,31
Central,1253.12,3581,35
North,1331.55,3700,23
North-West,1186.09,4297,30
East,962.6,4002,31
Central,1411.56,4292,30
East,1082.18,4119,30
North,1012.88,4240,24
South-East,1164.42,3784,40
North-East,1017.44,4116,37
North-East,1116.51,3536,30
North-West,1268.81,4644,28
North,1269.67,3683,41
Central,1020.43,4564,27
North-West,1102.46,3883,29
North,1414.87,4101,29
West,1299.28,3753,33
South,1615.01,3492,30
North-West,1436.03,3128,24
North-West,1428.86,3472,25
Central,922.43,3838,40
East,1352.77,4106,24
West,1189.38,4505,28
Central,1089.8,3777,29
North,1233.6,3559,31
North,1389.04,3279,20
North,1300.17,4240,26
South-East,1024.31,4692,27
North,1348.49,4633,34
East,1072.48,4355,37
West,1243.34,4319,38
North-East,1139.33,4849,28
South,1156.23,4166,23
East,1353.25,4323,27
East,991.96,3840,23
South-East,1589.04,3319,26
North-East,835.78,3658,27
North-East,1080.47,3995,25
South,1274.04,4030,47
South,1316.86,4963,30
North-East,1179.9,4041,36
North,1188.52,4589,28
East,1282.11,3782,29
Central,1153.79,3844,24
South,1478.64,3335,32
South-East,1367.87,3629,28
South-East,1374.56,4263,31
South,1006.77,4004,33
North-East,1184.12,4471,36
West,1139.91,4091,25
Central,998.88,3824,38
Central,1272.03,5074,29
South,1092.47,3953,34
North,1331.08,4582,32
West,985.96,3799,40
Central,1543.81,4355,35
South,1020.73,4464,27
South-East,1243.86,4104,18
Central,1358.37,2823,30
North-West,1085.87,4009,26
West,1370.49,4615,40
West,954.16,4264,22
North-West,1490.42,4223,32
East,1202.83,3139,38
South-East,1080.72,3640,32
North-West,1140.16,4206,37
North-East,1361.78,4205,40
North-East,1083.11,4607,33
South,1050.13,3928,34
West,1155.69,4203,27
East,964.61,4008,23
East,1564.11,3507,27
Central,1086.72,2872,28
Central,1366.32,4216,21
North-West,1241.89,4087,36
East,1003.09,3691,35
North-West,1198.81,3190,31
South-East,1356.8,4315,27
North-West,1162.35,3867,34
Central,1438.62,4278,34
West,1404.3,4932,21
North-West,1383.78,2929,31
North,1108.07,3650,34
West,984.03,3895,24
East,1077.28,4727,27
East,1239.25,3182,34
North-West,1309.16,4968,25
West,765.69,4068,31
Central,1198.38,3952,38
Central,1231.62,3901,33
North-East,1144.49,3782,18
East,1458.25,4524,34
South,1284.36,3466,32
North-East,1462.04,4173,35
Central,1156.81,3808,35
West,1387.5,3619,26
South-East,1527.01,5293,24
Central,1462.34,4210,24
West,981.57,4307,33
North-East,1149.26,4569,29
East,1130.97,3289,39
Central,1297.85,4876,28
North-West,1337.27,2746,24
West,1032.22,3616,28
East,1213.57,3770,26
South-East,796.01,4291,30
South-East,1488.39,4109,22
South,1097.53,3917,31
West,1211.17,3994,27
North-East,1138.07,3511,33
South,1429.21,3251,30
South,632.5,4363,29
North,1196.68,4347,37
Central,1178.84,4792,48
West,1109.27,3605,32
South,1545.25,4346,30
North,1022.53,3858,24
North-East,1354.36,4595,37
East,1271.25,4511,33
North-West,1452.3,4106,25
North-West,1066.56,3830,33
West,1053.41,4480,36
South,1419.21,4323,21
North-West,1285.06,3658,29
Central,891.01,3336,36
North-West,1092.14,3856,19
North-West,1277.28,4758,17
North-West,1367.55,4573,34
South-East,1064.15,3444,32
North,617.15,3416,26
South,1304.64,4637,33
Central,955.94,3432,27
South,796.53,4255,28
South-East,633.53,3692,20
West,1362.8,4809,27
West,1225.72,3615,29
West,1154.87,4572,28
North-East,1477.8,4092,39
North-West,1327.46,4126,31
North-East,1523.26,3015,30
North,921.45,2899,26
West,1193.09,3890,23
South-East,876.66,4123,35
Central,1154.12,3437,30
South,1150.28,3456,30
North-West,1325.32,4281,28
East,1209.11,4281,30
Central,1324.68,3931,34
North-West,1340.69,4390,29
North-East,1630.99,3413,31
North-East,1136.94,3822,38
Central,1011.8,4824,38
North-East,1249.22,4034,45
West,1039.54,4063,18
North,1496.39,5153,25
South,1143.36,3300,32
North,1086.88,4398,38
North-West,1105.74,4832,27
South,1343.68,3838,28
South-East,1168.45,4430,34
South,1071.67,3509,33
North,1533.07,3657,28
Central,1028.77,4192,27
South,1207.11,4399,21
South-East,1330.46,4560,26
South-East,873.73,4785,31
South-East,1296.05,3966,29
North,988.98,4597,38
South,1364.56,3829,22
East,1007.47,4451,30
Central,1338.55,4104,32
West,1421.17,4223,34
South,1372.29,4212,37
South-East,1250.26,3198,42
East,1153.74,3438,30
West,1084.72,4051,26
West,1494.21,3156,32
North-West,1060.1,4416,32
South,992.59,4436,38
North,1333.07,4164,31
South,1040.77,3439,28
East,1009.99,4690,30
West,911.28,5019,41
South,1103.42,4074,29
North,1183.46,4255,26
North-West,1248.62,4101,40
South,1390.26,4265,36
Central,1305.38,3940,27
North-West,1161.83,3983,30
North,1160.36,4453,24
East,1302.03,5173,33
West,1454.51,3300,24
South,1225.26,3948,28
North,1106.17,3410,19
North-West,1001.43,4796,26
Central,910.96,3706,35
North,1333.25,3278,28
North-East,1315.6,4319,32
South-East,1315.47,4872,33
Central,1174.27,4332,28
North-West,1481.39,4102,26
East,1103.18,4205,23
West,1391.05,4707,30
North-West,1192.25,3563,34
South-East,1078.33,3944,32
East,1318.51,3774,31
South,1281.93,3416,23
North,1271.39,3836,33
North-East,1216.26,4554,22
Central,1192.42,4283,26
Central,1677.67,4322,39
North,1436.85,4073,25
North-East,1344.57,4262,23
North,1222.36,3600,21
South,1401.43,3845,27
South-East,1303.6,4096,37
East,1205.24,4139,30
North-West,1139.29,4160,33
Central,1183.82,3931,21
South,565.91,3811,27
East,1242.12,5579,27
South,1102.3,4453,31
North-East,1518.53,4207,19
Central,1203.87,3883,43
North-West,962.21,3774,26
North,1190.02,3935,25
North,990.78,4146,35
East,1294.68,3060,28
North-West,1258.19,3215,21
South-East,1391.57,3682,29
West,1041.82,4104,26
North-East,1206.8,3880,30
East,927,4739,30
West,1340.3,3259,32
South,1303.77,3624,29
North-East,1299.16,4760,30
South,1200.32,4066,24
South-East,1282.95,4442,34
North-West,1520.87,5026,32
Central,1142.98,3653,27
North-East,1227.73,3950,31
West,982.77,3864,21
South-East,1026.35,3023,38
Central,1219.56,3845,37
North,1420.79,4441,27
West,1148.74,4270,29
East,1152.82,4310,31
North,1118.62,3812,21
South-East,1093.05,3672,38
North,1258.99,4635,17
East,900.55,3751,29
North-East,1456.19,4147,34
North,1066.92,4082,27
North-West,1344.38,4731,30
West,946,4486,44
Central,1333.77,3352,33
North,1334.39,3406,29
West,1276.84,4289,23
South,1001.11,3968,27
West,1249.91,3772,32
Central,963.39,4508,27
West,1149.45,4094,27
East,1405.88,4026,30
South-East,1359.34,4390,23
Central,1203.04,3812,25
South-East,1005.04,4784,35
North-East,1329.12,3606,34
South-East,1203.88,4328,31
South,735.94,4717,38
East,1356.53,3311,25
North-East,1195.15,3828,33
West,1440.49,4571,27
Central,980.95,4579,30
South,564.66,3914,31
East,1255.82,3633,25
North-East,1258.31,4478,39
North-East,861.87,4592,29
South,1004.3,3418,34
North-West,1751.04,3398,39
West,1138.88,4113,26
South,1346.19,4315,29
North-East,1069.87,3850,29
North,781.94,4340,29
East,1165.95,3645,35
South,1146.88,2943,24
North-West,1120.02,3788,35
North-East,1177.07,4032,33
West,1252.85,3862,25
South-East,1169.98,3421,21
North-East,947.2,3092,25
West,1297.24,3743,30
South,810.13,4449,33
West,789.93,4628,34
Central,1347.84,4594,32
Central,1301.4,3592,29
Central,1188.52,3423,42
North-West,920.91,4248,39
North-West,1058.42,4318,27
North,1147.45,4200,32
North-West,880.82,2993,32
South-East,1052.19,3567,40
South,1330.47,3985,30
North-East,1485.46,4244,31
North-East,1116.11,4384,27
North,1351.3,4072,20
North-West,817.19,4165,32
South-East,1331.89,4042,33
West,1039.21,4343,26
North,1261.47,4156,27
South-East,1150.45,4033,36
West,1464.08,3866,19
South-East,1025.11,4041,26
West,1325.52,4242,35
East,1144.1,4134,35
South-East,1168.34,4190,30
North-East,1163.23,4671,32
Central,1030.87,4133,40
North-West,1197.18,3676,30
West,1187.47,4442,20
East,1248.25,3317,25
South-East,1216.9,3459,26
North-East,1359.6,4168,29
Central,1384.7,4258,26
West,989.88,3377,33
South-East,1373.75,3809,28
South-East,962.73,3697,29
West,1317.57,3757,29
North,1323.95,4472,17
North,817.74,4353,28
North-East,1218.6,3990,37
Central,1106.3,3727,27
West,1048.25,3325,40
North-East,1470.17,4710,30
North-East,1069.26,4296,24
South,1038.72,3647,33
South-East,1215.14,4360,18
North-West,1337.12,3965,32
South-East,1171.67,3856,28
North,1433.27,4218,30
Central,1306.2,3629,19
South-East,764.36,3828,30
West,1094.11,4061,37
North-East,1087.63,3750,35
West,1295.87,4335,32
South,675.04,4935,25
Central,1709.8,3623,25
North-East,1306.21,3167,36
West,1229.78,2999,34
North,1436.31,3925,32
North-West,1668.73,3668,32
South,1374.15,4104,25
Central,1389.76,4066,34
South,1226.14,3198,36
North,1171.69,3093,26
Central,1104.84,4148,36
South,1034.78,4068,26
East,1062.6,3787,41
North,929.89,3171,32
North,1184.83,4236,30
North,863.07,4636,35
East,1238.18,4139,36
East,1192.73,3576,36
West,1229.39,4022,29
North-East,1095.57,3317,31
North-West,1815.37,4529,30
South,1472.02,4041,19
West,951.09,3116,32
South,1246.57,3850,29
North-West,1078.4,4232,28
North-East,997.1,3833,35
East,931.99,3862,26
North-East,1286.44,3388,36
East,1063.72,4283,32
North-West,1393.57,3676,25
North-East,1398.76,2922,38
West,1474.78,3814,29
Central,1029.52,4491,30
West,1295.07,3807,27
South,1326.49,4869,33
West,1105.16,4214,37
North-West,1045.65,4169,36
North,1521.9,3936,32
South,1245.5,3966,32
North-East,1327.19,3868,28
South,1035.58,3849,31
Central,956.14,4265,27
East,1086.11,3532,28
North-East,1175.2,3462,35
South-East,987.16,3438,32
South,1198.03,5023,28
North-East,862.3,4265,25
North-East,975.99,4152,31
North-East,1334.18,3471,25
East,1320.76,4312,35
South-East,1121.62,3942,35
North-West,996.45,4107,34
West,994.52,3512,29
North-East,1125.35,4080,37
North,1328.9,3788,28
North-West,1385.65,3617,42
Central,1100.69,4367,26
East,969.3,3231,26
South,1253.57,4282,40
East,1035.29,4342,29
South,1096.35,3560,29
East,1465.06,3590,23
South,1365.42,3888,41
North-East,1231.59,4141,22
West,945.62,3924,35
South,1242.28,4217,29
South-East,1412.53,4881,31
South,1124.87,3746,27
North,1470.22,3142,31
South,1458.55,4413,26
North,1532.75,4842,32
Central,1261.05,4196,39
North-East,1317.48,3456,39
North,1482.84,3938,27
West,1289.48,3441,26
North-West,1099.75,4321,22
North-East,1110.29,3324,36
North,1247.71,3850,34
North-East,941.89,3498,41
South-East,1171.35,4063,29
North-East,1419.31,3817,39
North-East,761.75,4088,33
Central,1506.9,4011,25
West,1424.47,3507,32
East,1108.05,4313,32
East,1308.68,3976,38
North,1200.63,3506,28
North-East,1446,5120,31
North,1396.54,4238,40
Central,919.99,3923,30
Central,1317.45,4708,20
South,1158.87,4921,39
South-East,1216.57,3927,29
Central,1054.37,4174,32
South,1549.63,3506,26
West,1408.01,3926,24
North,1052.05,3900,24
North-West,933.08,4092,26
West,1122.87,4166,25
Central,1286.9,4280,21
West,1248.04,4119,30
West,1450.63,3395,32
South-East,1357.98,3531,32
South-East,1393.91,3727,23
South-East,1265.37,3859,28
West,922.14,4525,30
Central,1160.86,3419,28
North-West,1412.02,3821,26
North-East,1189.7,4477,30
West,1300.62,3850,28
South,1136.25,4230,25
Central,994.04,3930,29
West,1175.33,4128,31
North-West,1261.81,3886,25
North-East,1068.86,4334,36
South-East,1152.86,3227,37
Central,1012.11,3818,36
East,1423.85,4148,27
North-East,1141.11,4267,35
South,1490.55,4746,48
West,1505.75,3804,20
North-West,1183.79,4740,28
East,998.31,3670,32
North-West,782.82,4664,29
East,905.59,4409,19
Central,925.23,3543,29
East,1475.69,4154,32
South,1223.16,3974,25
South,1277.92,4313,24
North,755.92,3888,32
South,960.41,3846,27
North-East,1377.42,4685,26
East,1257.35,3951,23
South,1170.56,4413,36
Central,1312.97,3887,41
North-West,1527.16,4833,26
South-East,1155.79,3661,29
North-West,1213.87,3693,29
North,1238.52,4762,20
North-West,1678.42,3778,32
East,780.13,4801,45
North,1336.64,4446,31
East,1177.04,3923,35
Central,1313.35,3093,31
North,1068.53,3990,28
West,1190.21,4051,28
North-East,1342.28,4584,22
North-East,1822.58,4794,23
East,1361.61,3658,31
North-West,1030.39,4401,32
South-East,1115.25,4383,33
South-East,1109.32,4537,28
West,840.87,4249,34
North,1133.98,3029,41
West,1346.57,3922,35
West,945.15,3422,30
North-West,1409.7,3899,36
South-East,1297.55,4490,27
North,1053.15,4153,29
Central,1171.69,4574,27
North-West,1519.66,4171,37
West,1346.71,3351,31
West,1201.76,2740,30
Central,1152.46,4074,21
West,1215.32,3893,28
West,1097.65,3512,37
West,779.05,3150,28
North-East,1608.44,3633,36
North-West,1231.06,3903,28
South,1279.63,4333,39
North-West,1188.42,4094,28
Central,1052.98,4804,29
West,1162.82,3482,30
North-West,880.12,4441,32
North-East,1655.42,4024,28
South-East,953.1,4347,36
Central,993.61,3782,36
East,1111.95,4536,23
North-West,1457.62,4148,37
East,1202.9,3660,27
West,952.77,3994,18
North-East,1450.87,3880,19
North-East,1346.2,4245,32
North-West,1307.69,3410,28
Central,1343.15,3985,23
Central,1678.87,4198,26
North-East,1637.02,4017,34
Central,1062.66,4673,25
North-East,1524.78,4387,37
North-West,1276.63,3996,32
South,1299.82,4108,20
North-East,861.55,4148,31
East,1165.92,4202,36
Central,1037.44,3087,28
North-East,1365.61,3849,28
North-East,1414.22,3258,26
North-West,785.1,4639,30
Central,1195.59,3970,26
South,1424.37,3903,30
North-West,1162.66,4448,36
South,1345.81,4211,33
South-East,1270.23,3436,26
North-West,1268.33,3965,38
Central,1145.74,3832,28
North,956.68,3128,35
Central,975.69,3655,30
Central,1341.87,3908,31
South,1203.89,3943,29
South,1172.3,3259,21
Central,1115.22,4576,22
Central,1138.96,3949,35
Central,1409.38,4019,36
South,1132.95,4200,43
Central,931.79,3606,34
Central,1348.73,4228,42
South-East,1159.02,3816,29
West,1206.28,3552,27
North,1521.52,4287,29
East,1195.89,4746,26
North,1257.84,4362,37
West,964.22,4461,27
East,1156.07,3740,28
North-West,1321.91,3201,38
Central,888.93,4745,26
West,1240.17,5027,30
South-East,1220.16,4771,31
North-West,1208.26,3832,36
Central,1407.43,3423,28
South,1266.89,3467,29
North-East,1495.61,3158,28
West,1001.28,3946,40
South,1227.18,4803,32
West,1216.89,3929,23
South-East,986.15,4151,32
West,1391.26,4688,28
South,1664.93,3798,38
South-East,1196.6,5018,24
East,1301,4996,33
North,1216.9,3934,30
Central,1057.28,3711,25
West,835.85,4349,32
Central,1058.85,3826,34
North-East,921.61,3422,40
South,1540.82,4641,33
Central,1176.98,4608,30
South,1130.82,4078,31
Central,1377.83,3369,39
North,975.65,3385,30
North,1046.63,4054,29
South-East,1213.61,3750,23
North,1405.75,3829,30
South-East,1300.34,4511,29
North,1249.67,4367,40
North,1215.62,4689,37
North,1280.05,3505,32
South,1240.33,3828,45
West,994.01,4379,38
South-East,1209.22,4224,25
Central,985.26,4766,27
North,1216.22,4210,34
South,1103.87,4924,36
South,1707.88,4270,30
South,1192.02,4531,26
South-East,919.15,3838,39
West,1173.16,4007,30
South-East,1303.87,4455,38
Central,1534.67,4806,26
West,1082.11,4365,29
East,883.51,3958,24
North-West,1363.37,4689,37
South,923.88,2904,33
South-East,1112.77,3289,20
East,1148.48,4341,40
North-East,1186.07,4007,41
South-East,1337.83,4303,27
North,1063.27,4032,34
North-West,1145.25,4285,38
North,1197.15,3593,40
West,1229.92,4285,38
North-West,1219.57,4497,36
South-East,1287.2,4610,26
Central,1368.77,5007,36
East,1278.53,4122,25
Central,1290.72,4137,36
South-East,883.56,3238,31
West,1210.05,3734,35
North,1295.9,3903,29
North-West,1345.79,4525,34
Central,1061.53,3694,30
South-East,1068.19,4398,33
Central,1085.18,3999,31
South-East,1307.28,3911,41
North,1406.78,4124,25
North-West,1118.51,3804,28
East,1381.59,3785,18
North,1224.7,3148,32
Central,1175.14,3876,32
East,1157.72,3760,28
South-East,1349.32,3742,20
East,1265.12,4208,36
South-East,1655.17,4329,34
North,1029.56,4116,25
Central,1303.62,4498,35
West,1094.16,4288,27
Central,1026.14,3852,37
South-East,1197.83,3769,42
South,1227.47,4156,40
North-West,1783.63,4287,34
North-East,1163.17,4699,32
West,973.96,4596,26
East,1254.6,3729,26
West,785.07,3949,22
North-West,1181.61,4336,26
East,1203.21,4534,39
North-West,1358.92,4469,23
East,1394.72,3968,39
West,1099.29,3373,36
East,1169.88,3501,33
East,1046.78,4136,33
South,974.39,4171,34
Central,1261.98,3451,29
Central,945.28,4022,36
North-East,1117.07,4316,29
North-East,1000.97,3424,35
South-East,1309.94,4552,35
South-East,1560.29,3811,24
South-East,939.68,4629,42
South,829.4,3733,17
North-East,1175.02,3487,32
North-West,1203.14,3771,36
South-East,1243.73,3952,24
South-East,1110.74,3806,32
West,1159.87,3892,23
North,1273.5,4167,27
North-West,1408.09,3914,30
South-East,808.99,3967,36
South-East,1126.21,3145,28
South-East,1242.76,4196,26
North,1016.4,3955,27
North,1546.23,4805,25
South,1072.92,3530,26
North-West,1191.74,3096,30
South,1311.2,4309,35
East,1081.74,4173,33
North,830.69,3496,37
West,1114.27,3235,28
North-East,1405.89,4769,43
West,1132.62,4707,31
North-East,1030.71,2756,31
North,1385.13,3771,31
North,1133.85,4832,44
North,1097.97,3762,36
South,1229.89,3755,29
North-West,1354.15,3859,26
North-East,1676.34,3440,32
North-West,1365.45,3148,32
South,1431.97,4526,27
South,1098.81,3079,23
Central,994.83,4124,16
West,1212.47,4443,25
West,1221.43,3274,26
East,984.3,3538,19
South-East,1164.94,4607,39
South,1279.86,4266,27
North-East,1272.08,3691,27
Central,1300.86,4601,29
Central,1258.19,4603,33
South-East,1098.6,4135,25
North-West,1097.22,3550,39
South-East,960.21,3793,35
South-East,1556.96,4143,30
South-East,1202.69,3906,33
West,1155.03,4469,29
South,1014.24,3235,19
East,1787.13,3253,33
South,985.33,4090,24
North-West,1114.23,3754,39
North,1283.17,3686,32
South-East,1320.04,3116,29
South,1391.59,4010,26
North-West,1561.52,3974,28
North,1301.23,4327,30
North,988.79,4034,27
South-East,1148.61,3934,25
East,1261.57,4589,42
North-East,1613.65,3344,29
West,920.44,4268,33
South,1440.52,3164,24
North,1235.98,3581,35
South,1367.57,3394,23
North-East,1179.6,4391,32
West,1031.51,3967,28
North-East,1350.17,3993,33
West,1330.89,3447,25
Central,1394.41,3850,31
West,1197.34,3618,19
South-East,1080.04,4192,34
East,888.24,3504,32
North-East,1363.87,4665,29
North,1284.78,3162,37
South-East,1006.84,3597,41
Central,1092.29,4839,22
East,1106.65,3782,28
South,903.4,3343,19
South-East,1036.46,4110,27
North-East,973.23,3762,30
North-West,1117.5,3582,27
North-West,1052.26,3452,27
North,874.6,5384,29
West,1604.52,3874,35
North,1450.51,3037,37
North-West,1044.2,4747,34
South,1254.48,4306,37
Central,1283.49,3617,25
Central,1438.22,3533,33
North-East,1036.28,4337,24
Central,1418.42,3877,28
North-East,1090.42,3037,33
South-East,932.83,4894,32
North-East,1344.83,3783,27
South-East,1458.15,4748,37
North-East,1717.58,4639,29
North-West,960.05,3499,22
North-West,1339.78,4517,29
West,1118.04,3674,34
South-East,1356.67,3067,34
East,905.9,3788,33
South-East,947.45,4199,27
North-East,1044.83,3769,36
North-East,1215.79,3846,30
East,1071.78,4572,41
North,1331.81,4053,24
North-East,1405.38,3578,35
West,1319.92,4351,23
Central,1523.76,4099,26
Central,1283.17,2739,28
South,956.62,4214,23
South,1472.68,4196,40
Central,1078.97,4010,28
Central,1382.08,4446,21
North-West,1514.75,3664,30
West,1291.34,4168,32
East,900.77,3217,32
South,1016.36,4204,31
North-West,1464.55,4977,25
North-West,1166.18,3503,26
East,1215.91,3620,32
North-West,1351.76,3645,34
South-East,1339.26,4065,21
West,1255.76,3468,43
Central,1158.27,4211,27
North-East,1137.47,4423,35
East,1371.58,4267,27
Central,1310.71,3116,29
Central,1148.54,4498,30
North,1416.42,4469,22
South-East,1174.19,4415,22
East,1029.67,4186,31
North-West,1048.21,4110,32
North-East,1004.25,4516,25
East,1145.52,4962,34
North-West,1446.74,3523,23
Central,1038.98,4539,28
North-East,1237.7,3957,33
North-West,1068.66,3935,30
West,1147.94,3232,28
North-West,897.99,3858,25
North,1155.89,3501,30
South-East,1161.26,3768,33
Central,1308.06,3451,18
North-West,1244.66,3776,24
South-East,960.32,3797,31
South,1416.84,4048,27
South,1242.06,3193,36
South-East,1239.68,3277,24
South-East,1198.16,4181,41
North,1096.45,3601,26
West,1243.56,4537,34
Central,1295.12,4113,31
East,850.62,4303,27
North,1092.25,4705,29
West,1149.01,3845,31
South-East,1251.23,3713,33
East,1438.66,4436,30
South-East,1045.65,4255,20
South-East,1100.41,3906,31
South,1097.49,4696,25
South,1039.69,3894,32
East,1130.56,4016,24
North,1354.16,4011,21
South,989.23,3533,31
Central,1285.56,4039,36
South-East,859.62,4698,30
North-East,1087.73,4222,34
North-West,1134.1,4016,36
East,1534.97,3919,32
East,1145.04,4165,36
South,759.75,4375,30
North,800.22,4305,21
South-East,1206.81,3834,37
Central,1322.75,4162,40
North,1275.09,4240,38
West,1233.51,3496,34
West,1432.45,4084,22
North-East,1092.08,2919,35
South,1378.98,4241,30
South,873.6,4330,24
South,1019.01,4374,27
North-East,838.59,3802,31
West,1145.03,4155,39
North,1190.75,4712,30
North-East,1222.82,4707,27
North-East,1212.38,3985,31
North,1014.49,4070,27
South,1161.95,4555,30
Central,900.51,3250,33
North,1472.65,3838,30
West,1139.27,4668,39
East,1102.22,4488,37
South-East,1517.79,4185,22
East,951.55,3247,33
North-West,974.88,3975,23
North-West,980.76,3705,33
North-East,1186.43,4166,34
South-East,1286.33,3595,35
East,1347.94,3487,26
Central,1714.4,2968,34
South,750.11,4611,31
West,1321.75,3800,27
North-West,1088.57,4079,29
Central,1082.72,3999,21
West,1076.05,3466,32
West,1018.25,3370,34
South,1536.9,3497,33
South-East,1368.46,3638,34
North-East,1204.64,4183,26
East,1470.2,3602,27
South,897.49,4873,36
Central,933.86,4514,36
North-East,764.41,4404,38
Central,1060.12,3940,33
North-East,1232.34,4757,24
South-East,1220.57,3891,32
North-West,1229.87,3984,25
Central,917.79,4085,25
South,1360.63,4351,31
North-East,1247.93,4318,32
North-East,1346.61,3762,28
West,821.45,3734,31
West,1262.3,4320,29
North,962.45,4358,34
Central,1120.54,3803,37
West,1306.87,3206,33
North,1218.22,3896,31
North-West,1029.69,4312,31
North-West,1201.25,4903,31
West,893.69,3401,29
Central,1430.05,3787,22
North-East,1158.94,3805,37
East,1423.71,4678,34
South-East,1094.69,3983,29
Central,1095.28,3546,23
South-East,1047.16,4279,32
South,1375.23,3798,30
North-West,1058.11,3388,24
West,1328.92,3554,32
West,1123.51,4867,29
South-East,804.81,4192,31
North-East,1085.94,4054,40
South-East,964.18,3875,24
South,1206.78,4146,23
North-East,961.92,4140,32
South,1385.2,4146,31
East,1181.78,4057,32
North-West,1164.48,4434,32
West,1331.18,4012,34
West,1392.78,3511,30
East,1195.98,3694,27
North,1045.76,3010,35
North-West,845.21,5013,28
North-East,1062.79,4431,21
East,1076.56,3585,36
North-East,1221.41,3859,32
South-East,1130.97,3682,30
Central,1337.59,4771,36
West,1077.4,3290,34
North-East,1188.59,4057,26
South,1436.8,3946,38
North-East,1268.37,4413,25
Central,1187.99,3948,36
North-West,1079.61,3121,42
West,1073.35,3874,21
South-East,1029.88,3514,32
East,1091.8,4040,34
South-East,1351.13,4717,30
Central,1155.62,3130,24
West,930.05,3600,24
North-East,1553.63,3724,41
North-West,1263.99,3809,25
North,918.61,4370,30
North-West,1111.63,3913,33
North,1222.18,4208,27
South,1540.92,3687,21
North-West,978.38,4115,35
West,1395.21,4389,33
North,1479.9,3634,33
East,1074.27,4391,24
West,1144.5,4026,32
East,992.74,4523,40
North-West,1159.31,3899,26
East,1192.68,4191,30
North,1331.93,3980,27
West,1418.04,3952,39
North-East,1050.38,4129,35
Central,806.53,4268,38
North,1195.75,3375,29
North,1258.71,4717,35
North-East,1249.88,3070,36
West,1134.67,3658,35
West,1224.95,3953,26
South-East,1503.09,4206,29
North-West,1276.35,4788,31
East,1125.33,3071,24
North-West,1099.96,3746,28
North-East,1166.03,2937,32
North-West,1527.35,4016,33
North-East,1163.34,4136,31
West,1196.04,4795,27
East,1103.54,4060,25
North-West,1419.8,4522,28
North,1591.97,4292,26
South,1290.12,3782,22
South-East,1216.55,3296,34
Central,1207.36,4138,28
North,723.14,3254,36
West,1349.03,4648,19
Central,1226.83,3919,43
South,1285.67,4598,30
South,1057.71,3760,28
East,1123.11,4134,28
Central,1117.8,4105,33
East,1404.32,3977,24
North,1124.25,3784,28
North-East,1616.53,4196,34
North-East,1286.17,3537,31
North-East,944.86,3395,33
Central,1174.29,4621,33
North-East,1069.66,4364,26
North,761.12,4033,38
East,1519.89,4833,33
Central,1340.63,3866,32
East,1306.64,4661,29
Central,1233.08,4088,24
East,923.6,3488,23
South,1103.28,4924,27
East,1368.36,4495,32
North-East,989.76,3939,21
South,693.65,4364,28
East,1154.58,3798,26
Central,1171.65,4415,30
Central,1227.11,2804,34
South-East,1345.7,3490,27
Central,1327.52,4490,33
West,1251.75,3875,28
North,1439.11,4104,29
Central,896.21,3327,29
South,1300.92,4924,29
South-East,1325.31,4595,19
Central,952.09,3900,17
West,899.43,3798,32
North-East,1050.81,4515,23
South,1067.69,4991,30
West,1350.68,4477,32
North-East,1077.09,5086,30
North-West,1028.73,3539,30
North-West,1077.67,3590,29
South,1423.73,3406,32
East,1202.61,4221,29
North,1164.15,4088,29
South-East,1178,3924,33
North,1458.41,4405,44
West,1050.17,4616,30
North-East,1463.1,3237,40
North,1242.1,3702,23
North-East,1167.92,4410,32
North-East,1700.18,3766,37
West,988.87,3601,42
West,1129.26,4509,33
West,953.51,3355,20
North,1390.49,3849,22
North-West,1537.84,4164,31
West,1533.98,3713,37
South-East,1444.79,4392,33
North,1160.48,3716,27
West,1126.95,4704,27
Central,865.77,3937,31
North-East,1607.17,4336,36
South-East,1293.8,4373,33
West,1101.61,3686,34
South,1465.61,2973,29
North-East,1005.45,4180,34
North-East,1281.32,4036,30
